names,address,geo_id,hotel_id,rating,url,profile_image,review_score,review_heading,profile_contr,review_body,date_of_stay,company_responder,company_response,company_response_date,timestamp
Badamwari Garden,Srinagar Jammu and Kashmir,g297623,d4310693,4.5,https://www.tripadvisor.com/ShowUserReviews-g297623-d4310693-r899726378-Badamwari_Garden-Srinagar_Srinagar_District_Kashmir_Jammu_and_Kashmir.html,https://dynamic-media-cdn.tripadvisor.com/media/photo-o/0d/49/49/f3/ks-hc.jpg?w=100&h=-1&s=1,3.0 of 5 bubbles, Only if you have time,253,"Pleasant gardens to stroll around. Anywhere else you might consider them OK, but Srinagar is blessed with Mughul gardens and if you have time, visit them all. If not there are four gardens better than here.",Jun 2023 • Couples,,,,2024-03-21T17:56:37Z
Badamwari Garden,Srinagar Jammu and Kashmir,g297623,d4310693,4.5,https://www.tripadvisor.com/ShowUserReviews-g297623-d4310693-r890859676-Badamwari_Garden-Srinagar_Srinagar_District_Kashmir_Jammu_and_Kashmir.html,https://dynamic-media-cdn.tripadvisor.com/media/photo-o/05/08/c2/74/punitprasad.jpg?w=100&h=-1&s=1,5.0 of 5 bubbles,A beautiful garden to start your garden hopping in Srinagar ,48,"Visited this garden with my family yesterday and it was splendid. A quite place with minimal visitors allow you to relax and calm your nerves. Loved the garden management, plenty of flowers and almonds on the trees. Perfect place to take sometime off from your hectic schedule with your family. Highly recommended.",May 2023 • Family,,,,2024-03-21T17:56:37Z
Badamwari Garden,Srinagar Jammu and Kashmir,g297623,d4310693,4.5,https://www.tripadvisor.com/ShowUserReviews-g297623-d4310693-r841109548-Badamwari_Garden-Srinagar_Srinagar_District_Kashmir_Jammu_and_Kashmir.html,https://dynamic-media-cdn.tripadvisor.com/media/photo-o/1a/f6/f4/20/default-avatar-2020-31.jpg?w=100&h=-1&s=1,1.0 of 5 bubbles,Not maintained garden according to picture,0,"Not maintained garden according to picture all site are not maintained like as tree cutting, cleaning.",Jun 2022 • Family,,,,2024-03-21T17:56:37Z
Badamwari Garden,Srinagar Jammu and Kashmir,g297623,d4310693,4.5,https://www.tripadvisor.com/ShowUserReviews-g297623-d4310693-r838657454-Badamwari_Garden-Srinagar_Srinagar_District_Kashmir_Jammu_and_Kashmir.html,https://dynamic-media-cdn.tripadvisor.com/media/photo-o/1a/f6/f4/20/default-avatar-2020-31.jpg?w=100&h=-1&s=1,5.0 of 5 bubbles,A beautiful not very known gem,47,"This is a lovely garden and a must visit in Srinagar. The best time to visit as I understand is during March/April when the almond trees are in full bloom. Unfortunately we couldnt see this. But the garden itself was quite lovely. With almond trees, flowering plants including lovely red roses, etc. The Allah fountain is a majestic structure. Well worth a visit.",May-22,,,,2024-03-21T17:56:37Z
Badamwari Garden,Srinagar Jammu and Kashmir,g297623,d4310693,4.5,https://www.tripadvisor.com/ShowUserReviews-g297623-d4310693-r836732157-Badamwari_Garden-Srinagar_Srinagar_District_Kashmir_Jammu_and_Kashmir.html,https://dynamic-media-cdn.tripadvisor.com/media/photo-o/08/3d/21/8d/sparks30.jpg?w=100&h=-1&s=1,5.0 of 5 bubbles,Lovely garden with no crowds,67,A very well maintained garden with hardly any crowds. Good view of the fort on top of the hill as well. Lovely sections of flowers as well as well arranged trees. A good 1-1.5 hr spent here.,Apr-22,,,,2024-03-21T17:56:37Z
Badamwari Garden,Srinagar Jammu and Kashmir,g297623,d4310693,4.5,https://www.tripadvisor.com/ShowUserReviews-g297623-d4310693-r833560606-Badamwari_Garden-Srinagar_Srinagar_District_Kashmir_Jammu_and_Kashmir.html,https://dynamic-media-cdn.tripadvisor.com/media/photo-o/1a/f6/ec/3d/default-avatar-2020-1.jpg?w=100&h=-1&s=1,5.0 of 5 bubbles,Excellent,12,"Not to miss this one. Only problem is the entrance from the main road and prone to traffic Jam. But once you are there, you will be amazed to see the blooming trees and the park is maintained beautifully.",Mar-22,,,,2024-03-21T17:56:37Z
Badamwari Garden,Srinagar Jammu and Kashmir,g297623,d4310693,4.5,https://www.tripadvisor.com/ShowUserReviews-g297623-d4310693-r830356416-Badamwari_Garden-Srinagar_Srinagar_District_Kashmir_Jammu_and_Kashmir.html,https://dynamic-media-cdn.tripadvisor.com/media/photo-o/10/f1/ad/07/savio-d.jpg?w=100&h=-1&s=1,5.0 of 5 bubbles,Lesser known but as beautiful,417,beautiful garden that's lesser known to tourists as compared to other gardens in Kashmir. It is very well maintained and has a very deep well on the extreme left and a nice pond too.,Mar-22,,,,2024-03-21T17:56:37Z
Badamwari Garden,Srinagar Jammu and Kashmir,g297623,d4310693,4.5,https://www.tripadvisor.com/ShowUserReviews-g297623-d4310693-r745606646-Badamwari_Garden-Srinagar_Srinagar_District_Kashmir_Jammu_and_Kashmir.html,https://dynamic-media-cdn.tripadvisor.com/media/photo-o/29/a1/db/16/trilochansaini.jpg?w=100&h=-1&s=1,5.0 of 5 bubbles,Vacation in Srinagar,722,"The garden was clean and well maintained. Though there were no flowers owing to the extreme weather, the place was looking beautiful with all the plants being taken care",Jan-20,,,,2024-03-21T17:56:37Z
Badamwari Garden,Srinagar Jammu and Kashmir,g297623,d4310693,4.5,https://www.tripadvisor.com/ShowUserReviews-g297623-d4310693-r743696165-Badamwari_Garden-Srinagar_Srinagar_District_Kashmir_Jammu_and_Kashmir.html,https://dynamic-media-cdn.tripadvisor.com/media/photo-o/1a/f6/e7/fe/default-avatar-2020-58.jpg?w=100&h=-1&s=1,5.0 of 5 bubbles,nice,7,Must visit this Good sight scene near dal lake Must visit this Good sight scene near dal lake Must visit this Good sight scene near dal lake,Oct-19,,,,2024-03-21T17:56:37Z
Badamwari Garden,Srinagar Jammu and Kashmir,g297623,d4310693,4.5,https://www.tripadvisor.com/ShowUserReviews-g297623-d4310693-r730751154-Badamwari_Garden-Srinagar_Srinagar_District_Kashmir_Jammu_and_Kashmir.html,https://dynamic-media-cdn.tripadvisor.com/media/photo-o/1a/f6/e5/66/default-avatar-2020-53.jpg?w=100&h=-1&s=1,5.0 of 5 bubbles,KASHMIR TRIP,2,t was fantastic days that I spent in Kashmir trip. All arrangements made by Young Bombay travel agent was excellent,Nov-19,,,,2024-03-21T17:56:37Z
Badamwari Garden,Srinagar Jammu and Kashmir,g297623,d4310693,4.5,https://www.tripadvisor.com/ShowUserReviews-g297623-d4310693-r680670097-Badamwari_Garden-Srinagar_Srinagar_District_Kashmir_Jammu_and_Kashmir.html,https://dynamic-media-cdn.tripadvisor.com/media/photo-o/1a/f6/e2/81/default-avatar-2020-43.jpg?w=100&h=-1&s=1,4.0 of 5 bubbles,Great Landscape,239,The maintenance is really impressive and the designs of the tower and amphitheatre is good. Good place to relax.,Jun 2019 • Family,,,,2024-03-21T17:56:38Z
Badamwari Garden,Srinagar Jammu and Kashmir,g297623,d4310693,4.5,https://www.tripadvisor.com/ShowUserReviews-g297623-d4310693-r680465483-Badamwari_Garden-Srinagar_Srinagar_District_Kashmir_Jammu_and_Kashmir.html,https://dynamic-media-cdn.tripadvisor.com/media/photo-o/06/f5/a9/60/bnshah.jpg?w=100&h=-1&s=1,5.0 of 5 bubbles,Great Place to Visit,33,It's a very well maintained Garden. Dont miss this place to visit. It's a peaceful place. Many tour operator miss this but take some time to visit it specially,May 2019 • Family,,,,2024-03-21T17:56:38Z
Badamwari Garden,Srinagar Jammu and Kashmir,g297623,d4310693,4.5,https://www.tripadvisor.com/ShowUserReviews-g297623-d4310693-r672915697-Badamwari_Garden-Srinagar_Srinagar_District_Kashmir_Jammu_and_Kashmir.html,https://dynamic-media-cdn.tripadvisor.com/media/photo-o/08/d9/9a/d3/aney-k.jpg?w=100&h=-1&s=1,4.0 of 5 bubbles,Its a very nice garden,207,"Badamwari Garden is very well maintained, You will find Almond trees in this Garden. Overall i would say in Srinagar all gardens are well maintained.",Apr 2019 • Family,,,,2024-03-21T17:56:38Z
Badamwari Garden,Srinagar Jammu and Kashmir,g297623,d4310693,4.5,https://www.tripadvisor.com/ShowUserReviews-g297623-d4310693-r667495776-Badamwari_Garden-Srinagar_Srinagar_District_Kashmir_Jammu_and_Kashmir.html,https://dynamic-media-cdn.tripadvisor.com/media/photo-o/1a/f6/e8/5b/default-avatar-2020-61.jpg?w=100&h=-1&s=1,5.0 of 5 bubbles,A visit down the memory lane,7,"Missed the almond blossoms, but cherry blossoms were  superb and pleasing to the eye . Very clean and well preserved ancient gardens",Apr 2019 • Family,,,,2024-03-21T17:56:38Z
Badamwari Garden,Srinagar Jammu and Kashmir,g297623,d4310693,4.5,https://www.tripadvisor.com/ShowUserReviews-g297623-d4310693-r667177511-Badamwari_Garden-Srinagar_Srinagar_District_Kashmir_Jammu_and_Kashmir.html,https://dynamic-media-cdn.tripadvisor.com/media/photo-o/1a/f6/ef/9c/default-avatar-2020-14.jpg?w=100&h=-1&s=1,5.0 of 5 bubbles,Badamwari,87,Amazing garden in a lush green grass and full with almond trees fully loaded with almonds surrounded by himalayan range made it an amazing place. If you are visiting Srinagar do visit Badamwari on the foothills of Hari parvat near gurudwara.,Apr 2019 • Couples,,,,2024-03-21T17:56:38Z
Badamwari Garden,Srinagar Jammu and Kashmir,g297623,d4310693,4.5,https://www.tripadvisor.com/ShowUserReviews-g297623-d4310693-r663640898-Badamwari_Garden-Srinagar_Srinagar_District_Kashmir_Jammu_and_Kashmir.html,https://dynamic-media-cdn.tripadvisor.com/media/photo-o/17/2e/d6/81/rahulmoojom.jpg?w=100&h=-1&s=1,5.0 of 5 bubbles,Oh My God!,29,Imagine thousands of Almond trees with small white flowers! i bet you can't imagine. This place should be in your Bucklist & don't miss this garden in Srinagar. It has beautiful landscapes & lush greenery & what to say i have no words to describe..,Mar 2019 • Couples,,,,2024-03-21T17:56:38Z
Badamwari Garden,Srinagar Jammu and Kashmir,g297623,d4310693,4.5,https://www.tripadvisor.com/ShowUserReviews-g297623-d4310693-r660049321-Badamwari_Garden-Srinagar_Srinagar_District_Kashmir_Jammu_and_Kashmir.html,https://dynamic-media-cdn.tripadvisor.com/media/photo-o/0a/05/ac/8d/sajad-h.jpg?w=100&h=-1&s=1,4.0 of 5 bubbles,Average ,55,I like most silence areas. As a Kashmiri heard it was built during 14th century.. it is piece of heaven situated in Srinagar city. Attached with hills of koh-e-maran.. I really like this place u should try to come here once.,Mar 2019 • Friends,,,,2024-03-21T17:56:38Z
Badamwari Garden,Srinagar Jammu and Kashmir,g297623,d4310693,4.5,https://www.tripadvisor.com/ShowUserReviews-g297623-d4310693-r655899046-Badamwari_Garden-Srinagar_Srinagar_District_Kashmir_Jammu_and_Kashmir.html,https://dynamic-media-cdn.tripadvisor.com/media/photo-o/18/63/49/e1/sk009.jpg?w=100&h=-1&s=1,4.0 of 5 bubbles,A beautiful constructed garden,205,"Since it was winter during my visit there, there was no flower. The garden was covered with snow. From the structure and layout, I could imaging that it must be very beautiful when all the flowers are blooming during spring time.",Feb 2019 • Friends,,,,2024-03-21T17:56:38Z
Badamwari Garden,Srinagar Jammu and Kashmir,g297623,d4310693,4.5,https://www.tripadvisor.com/ShowUserReviews-g297623-d4310693-r654443820-Badamwari_Garden-Srinagar_Srinagar_District_Kashmir_Jammu_and_Kashmir.html,https://dynamic-media-cdn.tripadvisor.com/media/photo-o/1a/f6/eb/43/default-avatar-2020-11.jpg?w=100&h=-1&s=1,5.0 of 5 bubbles,Beautiful Garden,987,"I went to Badamwari Garden. Believed to have been built during 14th century, Badamwari Garden is a piece of heaven tucked away in Srinagar. Sprawling over the hills of Koh-e-Maran, the enchanting garden is replete with vibrantly blooming bushes and shrubbery. It is great place to go.",Feb 2019 • Solo,,,,2024-03-21T17:56:38Z
Badamwari Garden,Srinagar Jammu and Kashmir,g297623,d4310693,4.5,https://www.tripadvisor.com/ShowUserReviews-g297623-d4310693-r627951524-Badamwari_Garden-Srinagar_Srinagar_District_Kashmir_Jammu_and_Kashmir.html,https://dynamic-media-cdn.tripadvisor.com/media/photo-o/1a/f6/ee/68/default-avatar-2020-9.jpg?w=100&h=-1&s=1,5.0 of 5 bubbles,A splendid place,15,The badmwari garden is a gem. Must visit. The views of the hills and lake are awesome. Located near the hari parbat.,Sep 2018 • Friends,,,,2024-03-21T17:56:38Z
Badamwari Garden,Srinagar Jammu and Kashmir,g297623,d4310693,4.5,https://www.tripadvisor.com/ShowUserReviews-g297623-d4310693-r625836748-Badamwari_Garden-Srinagar_Srinagar_District_Kashmir_Jammu_and_Kashmir.html,https://dynamic-media-cdn.tripadvisor.com/media/photo-o/1a/f6/f4/5d/default-avatar-2020-32.jpg?w=100&h=-1&s=1,4.0 of 5 bubbles,Unbelievable Beauty,149,"It is not your regular visit to a garden where you have various trees and flowers. As the name suggests, it has just badam trees and my god they look majestic. Should be in each and everyone's bucket list.",May-18,,,,2024-03-21T17:56:39Z
Badamwari Garden,Srinagar Jammu and Kashmir,g297623,d4310693,4.5,https://www.tripadvisor.com/ShowUserReviews-g297623-d4310693-r623814264-Badamwari_Garden-Srinagar_Srinagar_District_Kashmir_Jammu_and_Kashmir.html,https://dynamic-media-cdn.tripadvisor.com/media/photo-o/1a/f6/f2/59/default-avatar-2020-24.jpg?w=100&h=-1&s=1,3.0 of 5 bubbles,Didnt get to see any badams...,26,Been here during the start of Oct. Most trees had shed their leaves already and there were no badams in sight anywhere. Were told that the flowering season comes around March,Oct 2018 • Couples,,,,2024-03-21T17:56:39Z
Badamwari Garden,Srinagar Jammu and Kashmir,g297623,d4310693,4.5,https://www.tripadvisor.com/ShowUserReviews-g297623-d4310693-r619072359-Badamwari_Garden-Srinagar_Srinagar_District_Kashmir_Jammu_and_Kashmir.html,https://dynamic-media-cdn.tripadvisor.com/media/photo-o/06/76/bc/f3/ankit-g.jpg?w=100&h=-1&s=1,4.0 of 5 bubbles,Good park,15,"Situated in the middle of the city, this park is lined up with almond tress. A good half-hour visit is sufficient.",Sep 2018 • Couples,,,,2024-03-21T17:56:39Z
Badamwari Garden,Srinagar Jammu and Kashmir,g297623,d4310693,4.5,https://www.tripadvisor.com/ShowUserReviews-g297623-d4310693-r615316796-Badamwari_Garden-Srinagar_Srinagar_District_Kashmir_Jammu_and_Kashmir.html,https://dynamic-media-cdn.tripadvisor.com/media/photo-o/14/8d/ed/10/asm-s.jpg?w=100&h=-1&s=1,4.0 of 5 bubbles,Nice palce to spend evening,8,This a very beautiful garden with plenty of different types of trees and flowers. A must visit place for people visiting Srinagar,Aug 2018 • Family,,,,2024-03-21T17:56:39Z
Badamwari Garden,Srinagar Jammu and Kashmir,g297623,d4310693,4.5,https://www.tripadvisor.com/ShowUserReviews-g297623-d4310693-r610551757-Badamwari_Garden-Srinagar_Srinagar_District_Kashmir_Jammu_and_Kashmir.html,https://dynamic-media-cdn.tripadvisor.com/media/photo-o/0d/22/6f/b9/jalal-i.jpg?w=100&h=-1&s=1,4.0 of 5 bubbles,good garden,474,"one of the most clean and nicely maintained gardens in Srinagar. the view is good from here. located near the lake and u got to walk some steps here. not much crowd and nice view, so if u a garden and nature lovers u should spend an afternoon here.",Aug 2018 • Solo,,,,2024-03-21T17:56:39Z
Badamwari Garden,Srinagar Jammu and Kashmir,g297623,d4310693,4.5,https://www.tripadvisor.com/ShowUserReviews-g297623-d4310693-r603781750-Badamwari_Garden-Srinagar_Srinagar_District_Kashmir_Jammu_and_Kashmir.html,https://dynamic-media-cdn.tripadvisor.com/media/photo-o/1a/f6/77/ae/default-avatar-2020-2.jpg?w=100&h=-1&s=1,5.0 of 5 bubbles,worship,402,located in the hill top.visible from  Dal lake. you have about 4oo odd steps to climb. excellent view from top.,Jul 2018 • Family,,,,2024-03-21T17:56:39Z
Badamwari Garden,Srinagar Jammu and Kashmir,g297623,d4310693,4.5,https://www.tripadvisor.com/ShowUserReviews-g297623-d4310693-r602273631-Badamwari_Garden-Srinagar_Srinagar_District_Kashmir_Jammu_and_Kashmir.html,https://dynamic-media-cdn.tripadvisor.com/media/photo-o/1a/f6/77/ae/default-avatar-2020-2.jpg?w=100&h=-1&s=1,5.0 of 5 bubbles,Beautiful Garden with Almond Trees,823,"The Badamwari garden is located near the Nagin Lake. It is interesting to note that the garden is maintained by the J and K bank. The garden is very well maintained and has lots of almond trees. Also we found this place to be much less crowded than the main gardens in Srinagar, and enjoyed the peace and tranquility.",Jun 2018 • Couples,,,,2024-03-21T17:56:39Z
Badamwari Garden,Srinagar Jammu and Kashmir,g297623,d4310693,4.5,https://www.tripadvisor.com/ShowUserReviews-g297623-d4310693-r600944141-Badamwari_Garden-Srinagar_Srinagar_District_Kashmir_Jammu_and_Kashmir.html,https://dynamic-media-cdn.tripadvisor.com/media/photo-o/04/67/ee/1b/raja-p.jpg?w=100&h=-1&s=1,4.0 of 5 bubbles,very good,83,this is a beautiful garden with almond trees.very good maintenance by govt.it has entry ticket.price is nominal.we enjoyed raw almonds on the tress here.dont miss this garden in the almond season .,Apr 2018 • Family,,,,2024-03-21T17:56:39Z
Badamwari Garden,Srinagar Jammu and Kashmir,g297623,d4310693,4.5,https://www.tripadvisor.com/ShowUserReviews-g297623-d4310693-r595343488-Badamwari_Garden-Srinagar_Srinagar_District_Kashmir_Jammu_and_Kashmir.html,https://dynamic-media-cdn.tripadvisor.com/media/photo-o/21/c1/c9/eb/faheemb13.jpg?w=100&h=-1&s=1,5.0 of 5 bubbles,Almond enclave ,72,As the name suggests its a garden of almonds and is best visited when almond trees are on full bloom in early spring..You can easily smell the almond flowers..It's fantastic to be there when the garden is full of white and purple bloom.. Few things to see are the well built by waris khan known as waris khanun chah.. And those siting places from where you can easily spot Niger lake.. There's an open air amphitheatre.. Where you can enjoy live concerts which are often organised by department of tourism in spring,Apr 2018 • Couples,,,,2024-03-21T17:56:39Z
Badamwari Garden,Srinagar Jammu and Kashmir,g297623,d4310693,4.5,https://www.tripadvisor.com/ShowUserReviews-g297623-d4310693-r594819328-Badamwari_Garden-Srinagar_Srinagar_District_Kashmir_Jammu_and_Kashmir.html,https://dynamic-media-cdn.tripadvisor.com/media/photo-o/1c/90/fb/8a/luckyroses7.jpg?w=100&h=-1&s=1,5.0 of 5 bubbles,Almond Garden,26,One of the best gardens in srinagar i have visited so far Badamwari also known as Almond Garden only Almond Garden in Kashmir Valley. Its looks more beautiful in the spring time when Almond blossoms.Good place to visit with family and friends and i recommend to Tourists as well.,May 2018 • Friends,,,,2024-03-21T17:56:39Z
Badamwari Garden,Srinagar Jammu and Kashmir,g297623,d4310693,4.5,https://www.tripadvisor.com/ShowUserReviews-g297623-d4310693-r592347488-Badamwari_Garden-Srinagar_Srinagar_District_Kashmir_Jammu_and_Kashmir.html,https://dynamic-media-cdn.tripadvisor.com/media/photo-o/1a/ac/49/1c/caption.jpg?w=100&h=-1&s=1,4.0 of 5 bubbles,A hidden gem,103,We just chanced upon this garden and we were glad that we went here. It is the most well maintained of all gardens in Srinagar. Since it is maintained by J&K Bank and a little away from the main tourist circuit it is quieter and prettier.,Jun 2018 • Family,,,,2024-03-21T17:56:40Z
Badamwari Garden,Srinagar Jammu and Kashmir,g297623,d4310693,4.5,https://www.tripadvisor.com/ShowUserReviews-g297623-d4310693-r591299283-Badamwari_Garden-Srinagar_Srinagar_District_Kashmir_Jammu_and_Kashmir.html,https://dynamic-media-cdn.tripadvisor.com/media/photo-o/1a/f6/e5/66/default-avatar-2020-53.jpg?w=100&h=-1&s=1,5.0 of 5 bubbles,The newest garden of srinagar,419,Badamwari Garden is recently prepared by a known bank in Srinagar. This is well maintained and it was amazing to visit this garden near to the nagin lake.,May 2018 • Couples,,,,2024-03-21T17:56:40Z
Badamwari Garden,Srinagar Jammu and Kashmir,g297623,d4310693,4.5,https://www.tripadvisor.com/ShowUserReviews-g297623-d4310693-r589427557-Badamwari_Garden-Srinagar_Srinagar_District_Kashmir_Jammu_and_Kashmir.html,https://dynamic-media-cdn.tripadvisor.com/media/photo-o/21/bb/41/05/ibnbatuta-traveller.jpg?w=100&h=-1&s=1,4.0 of 5 bubbles,Almond trees to be seen,262,It's a nicely manicured garden with Almondntrees on both sides and other fruits too. Come and see how almonds look in fruit form on trees. Good place for little walk. It's a ticketed place.,Jun 2018 • Family,,,,2024-03-21T17:56:40Z
Badamwari Garden,Srinagar Jammu and Kashmir,g297623,d4310693,4.5,https://www.tripadvisor.com/ShowUserReviews-g297623-d4310693-r589391366-Badamwari_Garden-Srinagar_Srinagar_District_Kashmir_Jammu_and_Kashmir.html,https://dynamic-media-cdn.tripadvisor.com/media/photo-o/07/fe/79/cb/akshattyagi.jpg?w=100&h=-1&s=1,5.0 of 5 bubbles,The best kept garden !,253,The approach is through narrow streets but when you reach it is worth it and the reason is that it is maintained by a private Bank.It has usable toilets also .It has one or two fountains and also an open air amphitheater.,Jun 2018 • Family,,,,2024-03-21T17:56:40Z
Badamwari Garden,Srinagar Jammu and Kashmir,g297623,d4310693,4.5,https://www.tripadvisor.com/ShowUserReviews-g297623-d4310693-r588455745-Badamwari_Garden-Srinagar_Srinagar_District_Kashmir_Jammu_and_Kashmir.html,https://dynamic-media-cdn.tripadvisor.com/media/photo-o/10/da/89/b8/thewickedsoul.jpg?w=100&h=-1&s=1,4.0 of 5 bubbles,Its nothing like you see in photos,163,It has good views but that is from every garden in Srinagar. If you love flowers and want to spend time with family then you can or else skip and visit Tulip Garden and Pari Mahal instead.,Apr 2018 • Solo,,,,2024-03-21T17:56:40Z
Badamwari Garden,Srinagar Jammu and Kashmir,g297623,d4310693,4.5,https://www.tripadvisor.com/ShowUserReviews-g297623-d4310693-r588030757-Badamwari_Garden-Srinagar_Srinagar_District_Kashmir_Jammu_and_Kashmir.html,https://dynamic-media-cdn.tripadvisor.com/media/photo-o/1a/f6/ed/00/default-avatar-2020-4.jpg?w=100&h=-1&s=1,5.0 of 5 bubbles,Best Garden in Srinagar ,36,"This lovely garden built by Jammu & Kashmir bank is not a usual itenary included in city sightseeing packages. It is one of the hidden gems of Srinagar, located at the foothills of Hari Parbat. The garden is fully covered with almond trees and colourful flowers allover which look wonderful. There is an entrance fee of Rs.20/- (adult) and Rs.10/- (child) applicable. One can take a auto separately for visiting the garden or discuss with the car driver before booking a day sightseeing trip.",Jun 2018 • Family,,,,2024-03-21T17:56:40Z
Badamwari Garden,Srinagar Jammu and Kashmir,g297623,d4310693,4.5,https://www.tripadvisor.com/ShowUserReviews-g297623-d4310693-r587569177-Badamwari_Garden-Srinagar_Srinagar_District_Kashmir_Jammu_and_Kashmir.html,https://dynamic-media-cdn.tripadvisor.com/media/photo-o/1a/f6/eb/e3/default-avatar-2020-59.jpg?w=100&h=-1&s=1,4.0 of 5 bubbles,Beautiful garden,200,This is very beautiful garden. This garden is near to Nagin lake. Garden is very well maintained. There are beautiful well maintained flower.,Apr 2018 • Couples,,,,2024-03-21T17:56:40Z
Badamwari Garden,Srinagar Jammu and Kashmir,g297623,d4310693,4.5,https://www.tripadvisor.com/ShowUserReviews-g297623-d4310693-r585332093-Badamwari_Garden-Srinagar_Srinagar_District_Kashmir_Jammu_and_Kashmir.html,https://dynamic-media-cdn.tripadvisor.com/media/photo-o/1a/f6/e5/2b/default-avatar-2020-52.jpg?w=100&h=-1&s=1,5.0 of 5 bubbles,Peaceful garden,21,This is newly built garden by J&K bank. Neatly maintained. Have clean and neat washrooms. Not crowed. Very relaxing.,May 2018 • Family,,,,2024-03-21T17:56:40Z
Badamwari Garden,Srinagar Jammu and Kashmir,g297623,d4310693,4.5,https://www.tripadvisor.com/ShowUserReviews-g297623-d4310693-r584316124-Badamwari_Garden-Srinagar_Srinagar_District_Kashmir_Jammu_and_Kashmir.html,https://dynamic-media-cdn.tripadvisor.com/media/photo-o/06/b5/a2/c2/yagnesh-t.jpg?w=100&h=-1&s=1,5.0 of 5 bubbles,Beautiful garden with amazing flowers,189,Less visited by tourists as compared to other gardens of Srinagar. But those who love flowers must visit this garden located near Akbar fort in old part of city.,May 2018 • Couples,,,,2024-03-21T17:56:40Z
Badamwari Garden,Srinagar Jammu and Kashmir,g297623,d4310693,4.5,https://www.tripadvisor.com/ShowUserReviews-g297623-d4310693-r584017104-Badamwari_Garden-Srinagar_Srinagar_District_Kashmir_Jammu_and_Kashmir.html,https://dynamic-media-cdn.tripadvisor.com/media/photo-o/1a/f6/f1/b8/default-avatar-2020-22.jpg?w=100&h=-1&s=1,5.0 of 5 bubbles,One of the best Gardens in Srinagar,62,"Though its not usually on the tourist circuit, I felt this was one of the best gardens in Srinagar maintained well by J & K Bank. I beleive it was renovated quite recently too. It is at the foothills of Hari Parbat which has a fort on top , So both these can be covered in about 2-2 &1/2 hours. This garden as the name denotes has a lot of badam tress, landscaped gardens & an amphi theatre where i believe concerts take place some weekends. It has some varieties of roses & small colourful flowers in patches. Lots of gazebos at vantage points & an old well around which a gazebo is built is quite interesting.Its on the left side of garden after the entrance.It has benches along the side where you can sit & rest awhile. if there are kids in the group , caution is necessary",May 2018 • Couples,,,,2024-03-21T17:56:40Z
Badamwari Garden,Srinagar Jammu and Kashmir,g297623,d4310693,4.5,https://www.tripadvisor.com/ShowUserReviews-g297623-d4310693-r582252601-Badamwari_Garden-Srinagar_Srinagar_District_Kashmir_Jammu_and_Kashmir.html,https://dynamic-media-cdn.tripadvisor.com/media/photo-o/1a/f6/ed/7b/default-avatar-2020-6.jpg?w=100&h=-1&s=1,5.0 of 5 bubbles,Do not skip it.,73,The most beautiful and well maintained garden of Srinagar. Better then other Mughal gardens. Do go there for sure as  Very few people go there.,May 2018 • Family,,,,2024-03-21T17:56:41Z
Badamwari Garden,Srinagar Jammu and Kashmir,g297623,d4310693,4.5,https://www.tripadvisor.com/ShowUserReviews-g297623-d4310693-r582145448-Badamwari_Garden-Srinagar_Srinagar_District_Kashmir_Jammu_and_Kashmir.html,https://dynamic-media-cdn.tripadvisor.com/media/photo-o/1a/f6/ea/74/default-avatar-2020-68.jpg?w=100&h=-1&s=1,4.0 of 5 bubbles,Beautiful garden,365,This is one of the famous garden in Srinagar. Garden is big and well maintained. There are different types of plants and flowes.,Apr 2018 • Couples,,,,2024-03-21T17:56:41Z
Badamwari Garden,Srinagar Jammu and Kashmir,g297623,d4310693,4.5,https://www.tripadvisor.com/ShowUserReviews-g297623-d4310693-r581596312-Badamwari_Garden-Srinagar_Srinagar_District_Kashmir_Jammu_and_Kashmir.html,https://dynamic-media-cdn.tripadvisor.com/media/photo-o/13/00/16/29/jitendra-s.jpg?w=100&h=-1&s=1,5.0 of 5 bubbles,One of the Top Garden in Srinagar,47,"This is less known garden in srinagar, But 1 of the most beautiful garden .Garden is well maintain ,it is less crowded ,must visit garden",May 2018 • Family,,,,2024-03-21T17:56:41Z
Badamwari Garden,Srinagar Jammu and Kashmir,g297623,d4310693,4.5,https://www.tripadvisor.com/ShowUserReviews-g297623-d4310693-r580343812-Badamwari_Garden-Srinagar_Srinagar_District_Kashmir_Jammu_and_Kashmir.html,https://dynamic-media-cdn.tripadvisor.com/media/photo-o/17/4e/45/35/mgarg87.jpg?w=100&h=-1&s=1,5.0 of 5 bubbles,"Must visit, beautifully maintained",370,"I would include this in the top 5 places to go to in Srinagar. We visited the almond gardens or ""Badaamvaer"" as it is known due to a sudden change of plan (kashmir is known for being a place of unrest). The entry has big parking space and then you need to buy a ticket (about Rs 20 per person) for the entry.The place boasts of a large number of almond trees and many of which had started to blossom when we visited. The surroundings are also well decorated with different variety of roses, lilies etc. The sheer amount of colours would just explode in your face and you can take some very natural and beautiful shots on your camera. Visit this place and enjoy your relaxing time in Badamvaer.",May 2018 • Couples,,,,2024-03-21T17:56:41Z
Badamwari Garden,Srinagar Jammu and Kashmir,g297623,d4310693,4.5,https://www.tripadvisor.com/ShowUserReviews-g297623-d4310693-r579134028-Badamwari_Garden-Srinagar_Srinagar_District_Kashmir_Jammu_and_Kashmir.html,https://dynamic-media-cdn.tripadvisor.com/media/photo-o/1a/f6/f2/11/default-avatar-2020-23.jpg?w=100&h=-1&s=1,5.0 of 5 bubbles,Beautiflly landscaped garden - a must visit,53,"Very beautifully landscaped garden add well-maintained. As the name suggests, it is full of Almond trees and decorated by seasonal flower plants. Provides Gazebo at various places to relax. The place was not crowded when we visited and gave us the beautiful moments to spend with our family,",Apr 2018 • Family,,,,2024-03-21T17:56:41Z
Badamwari Garden,Srinagar Jammu and Kashmir,g297623,d4310693,4.5,https://www.tripadvisor.com/ShowUserReviews-g297623-d4310693-r578001801-Badamwari_Garden-Srinagar_Srinagar_District_Kashmir_Jammu_and_Kashmir.html,https://dynamic-media-cdn.tripadvisor.com/media/photo-o/06/af/75/d2/818ankits.jpg?w=100&h=-1&s=1,5.0 of 5 bubbles,Must visit if you have 2 days in Srinagar ,134,Gorgeously landscaped gardens. revived by J&K bank in 2007 and made into a lush garden filled with flowers and almond trees. Kids love this. And this has a very serene feeling about it. walk leisurely here or just sit with a book and stare at Akbar's fort on the next hill.,May 2018 • Solo,,,,2024-03-21T17:56:41Z
Badamwari Garden,Srinagar Jammu and Kashmir,g297623,d4310693,4.5,https://www.tripadvisor.com/ShowUserReviews-g297623-d4310693-r577612441-Badamwari_Garden-Srinagar_Srinagar_District_Kashmir_Jammu_and_Kashmir.html,https://dynamic-media-cdn.tripadvisor.com/media/photo-o/1a/f6/ea/b2/default-avatar-2020-69.jpg?w=100&h=-1&s=1,5.0 of 5 bubbles,Wow just in time when in Bloom !,216,"A well kept property that has nicely manicured gardens ! View of HariParbat as seen from the bloom is amazing ! It wasn’t busy and good for us as it was a weekday morning hours . Weekends it gets busy and crowded, but thanks to the local caretakers that place is clean and looks beautiful!",Apr 2018 • Friends,,,,2024-03-21T17:56:41Z
Badamwari Garden,Srinagar Jammu and Kashmir,g297623,d4310693,4.5,https://www.tripadvisor.com/ShowUserReviews-g297623-d4310693-r573058435-Badamwari_Garden-Srinagar_Srinagar_District_Kashmir_Jammu_and_Kashmir.html,https://dynamic-media-cdn.tripadvisor.com/media/photo-o/1a/f6/de/e7/default-avatar-2020-37.jpg?w=100&h=-1&s=1,5.0 of 5 bubbles,Breathtaking garden located in the middle of the old city,16,"We travelled to this little gem of a place in April 2018 when the city was shut down. The place was reached through a mesh of by lanes filled up with eerie silence, shutters down and anti India slogans written over walls and shops all around. At one moment it felt scary, but we forgot it all once we reached this beautiful garden. The tiny almonds were visible on the trees. It looks amazing with blossom all over in March, someone said. It is a well maintained garden,with  lots of almond and other trees spreading aroma that was entirely new to our senses.",Apr 2018 • Family,,,,2024-03-21T17:56:41Z
Badamwari Garden,Srinagar Jammu and Kashmir,g297623,d4310693,4.5,https://www.tripadvisor.com/ShowUserReviews-g297623-d4310693-r572581067-Badamwari_Garden-Srinagar_Srinagar_District_Kashmir_Jammu_and_Kashmir.html,https://dynamic-media-cdn.tripadvisor.com/media/photo-o/1a/f6/ee/db/default-avatar-2020-10.jpg?w=100&h=-1&s=1,4.0 of 5 bubbles,Very well-maintained .,11,"Visited during March end with family.Very well maintained and clean.As its name suggests,it is full of almond trees and most of them are in bloom during mid March. Saw lots of trees with white flowers and a few with pink flowers too.Ideal place to spend a lazy evening.Frequented by the locals there.Enjoyed this garden more than nishadh bagh or mughal gardens during our visit as those were quite dry and nothing was in bloom at that time.",Mar 2018 • Family,,,,2024-03-21T17:56:41Z
Badamwari Garden,Srinagar Jammu and Kashmir,g297623,d4310693,4.5,https://www.tripadvisor.com/ShowUserReviews-g297623-d4310693-r572401908-Badamwari_Garden-Srinagar_Srinagar_District_Kashmir_Jammu_and_Kashmir.html,https://dynamic-media-cdn.tripadvisor.com/media/photo-o/16/4c/a8/9b/avatar.jpg?w=100&h=-1&s=1,5.0 of 5 bubbles,Beautiful badam garden,237,"As the name says it all, you will find  the most number of badam trees than in other gardens of Srinagar. The garden was beautiful, during the 1st week of April 2018, as it was spring time. The garden is pretty big & is mostly thronged by locals.",Apr 2018 • Couples,,,,2024-03-21T17:56:41Z
Badamwari Garden,Srinagar Jammu and Kashmir,g297623,d4310693,4.5,https://www.tripadvisor.com/ShowUserReviews-g297623-d4310693-r572359841-Badamwari_Garden-Srinagar_Srinagar_District_Kashmir_Jammu_and_Kashmir.html,https://dynamic-media-cdn.tripadvisor.com/media/photo-o/12/ad/cd/36/batoolr1.jpg?w=100&h=-1&s=1,5.0 of 5 bubbles,Best garden in Srinagar,21,One of the most beautiful and serene gardens in Srinagar. This wasn’t part of our list but the driver insisted we go there. Went in March and the trees were in full bloom. Beautiful. Well maintained. Ideal for a picnic. Filled with full bloom almond trees. This was the best unplanned garden stop.,Mar 2018 • Family,,,,2024-03-21T17:56:43Z
Badamwari Garden,Srinagar Jammu and Kashmir,g297623,d4310693,4.5,https://www.tripadvisor.com/ShowUserReviews-g297623-d4310693-r570749022-Badamwari_Garden-Srinagar_Srinagar_District_Kashmir_Jammu_and_Kashmir.html,https://dynamic-media-cdn.tripadvisor.com/media/photo-o/0e/04/4b/86/ghodlur.jpg?w=100&h=-1&s=1,3.0 of 5 bubbles,"A normal garden, nothing great to write about",192,"Our driver suggested this garden saying the garden is the most preferred amongst the locals. On visiting the same, did not find anything great about this garden. Maybe the garden is not worth visiting during March month. There were some good shade trees which helped us beat the heat in the afternoon.",Mar 2018 • Family,,,,2024-03-21T17:56:43Z
Badamwari Garden,Srinagar Jammu and Kashmir,g297623,d4310693,4.5,https://www.tripadvisor.com/ShowUserReviews-g297623-d4310693-r568896301-Badamwari_Garden-Srinagar_Srinagar_District_Kashmir_Jammu_and_Kashmir.html,https://dynamic-media-cdn.tripadvisor.com/media/photo-o/1a/f6/e9/bb/default-avatar-2020-65.jpg?w=100&h=-1&s=1,5.0 of 5 bubbles,Almond garden,22,This almond garden locally called as badamwari is a small garden full of almond trees. Visited here on our trip to srinagar. Some other trees can also be seen here.,Feb 2018 • Family,,,,2024-03-21T17:56:43Z
Badamwari Garden,Srinagar Jammu and Kashmir,g297623,d4310693,4.5,https://www.tripadvisor.com/ShowUserReviews-g297623-d4310693-r567588405-Badamwari_Garden-Srinagar_Srinagar_District_Kashmir_Jammu_and_Kashmir.html,https://dynamic-media-cdn.tripadvisor.com/media/photo-o/1a/f6/de/e7/default-avatar-2020-37.jpg?w=100&h=-1&s=1,5.0 of 5 bubbles,Badam flowers blooming,24,Only for 15 days in a year u can c t badam flower bloom.t badam garden felt like a piece of heaven on earth.it was one of the most beautiful sights I have ever seen,Mar 2018 • Couples,,,,2024-03-21T17:56:43Z
Badamwari Garden,Srinagar Jammu and Kashmir,g297623,d4310693,4.5,https://www.tripadvisor.com/ShowUserReviews-g297623-d4310693-r561647973-Badamwari_Garden-Srinagar_Srinagar_District_Kashmir_Jammu_and_Kashmir.html,https://dynamic-media-cdn.tripadvisor.com/media/photo-o/1a/f6/f4/20/default-avatar-2020-31.jpg?w=100&h=-1&s=1,5.0 of 5 bubbles,"best kept garden in srinagar. quiet and clean. with botanica garden the  ""must"" in Srinagar",8,the Badamwar Garden with its almonds trees is a special place. a place to relax and enjoy peaceful nature. Not so crowded and always well kept with flowers of the season. toilets are also very clean.I am thankful to mr Suhail (tuk tuk driver 908  688 11 63 his phone number) he made me find this beautiful garden. thanks,Jul-17,,,,2024-03-21T17:56:43Z
Badamwari Garden,Srinagar Jammu and Kashmir,g297623,d4310693,4.5,https://www.tripadvisor.com/ShowUserReviews-g297623-d4310693-r557493765-Badamwari_Garden-Srinagar_Srinagar_District_Kashmir_Jammu_and_Kashmir.html,https://dynamic-media-cdn.tripadvisor.com/media/photo-o/11/13/43/94/avatar.jpg?w=100&h=-1&s=1,4.0 of 5 bubbles,beautiful garden,39,this garden is full of almond trees.some raw almonds are seen in this trees during my visit.rose plants and other plants and trees also in this garden.the mountains view is awesome from here.,May 2017 • Family,,,,2024-03-21T17:56:43Z
Badamwari Garden,Srinagar Jammu and Kashmir,g297623,d4310693,4.5,https://www.tripadvisor.com/ShowUserReviews-g297623-d4310693-r544230173-Badamwari_Garden-Srinagar_Srinagar_District_Kashmir_Jammu_and_Kashmir.html,https://dynamic-media-cdn.tripadvisor.com/media/photo-o/0c/fc/f5/16/sundeepgupta.jpg?w=100&h=-1&s=1,4.0 of 5 bubbles,Bautiful,729,This garden is really peaceful and very beautiful. The place is nice and glows best in winter. It was nice to visit here.,Oct-17,,,,2024-03-21T17:56:43Z
Badamwari Garden,Srinagar Jammu and Kashmir,g297623,d4310693,4.5,https://www.tripadvisor.com/ShowUserReviews-g297623-d4310693-r536528811-Badamwari_Garden-Srinagar_Srinagar_District_Kashmir_Jammu_and_Kashmir.html,https://dynamic-media-cdn.tripadvisor.com/media/photo-o/11/1a/12/f7/nilesh-pp.jpg?w=100&h=-1&s=1,4.0 of 5 bubbles,Huge Garden,240,"This is another huge garden that is near the base of Hari Parbat. Thius garden distinguishes itself by being a garden with a lot of Almond trees. It has a small amphi theatre as well and complete with flowers, fountains and more.Its worth spending some leisure time here after the walk at Hari Parbat.",Oct 2017 • Family,,,,2024-03-21T17:56:43Z
Badamwari Garden,Srinagar Jammu and Kashmir,g297623,d4310693,4.5,https://www.tripadvisor.com/ShowUserReviews-g297623-d4310693-r528251264-Badamwari_Garden-Srinagar_Srinagar_District_Kashmir_Jammu_and_Kashmir.html,https://dynamic-media-cdn.tripadvisor.com/media/photo-o/0a/93/09/4f/vaishalee-d.jpg?w=100&h=-1&s=1,5.0 of 5 bubbles,A magical garden,11,"A beautiful garden filled with almond trees. The flowers typically bloom in late March and April. This garden usually doesn't  feature in list of tours. However, it is a splendid place to spend time with your loved ones.",Mar-17,,,,2024-03-21T17:56:43Z
Badamwari Garden,Srinagar Jammu and Kashmir,g297623,d4310693,4.5,https://www.tripadvisor.com/ShowUserReviews-g297623-d4310693-r495735230-Badamwari_Garden-Srinagar_Srinagar_District_Kashmir_Jammu_and_Kashmir.html,https://dynamic-media-cdn.tripadvisor.com/media/photo-o/1a/f6/ec/3d/default-avatar-2020-1.jpg?w=100&h=-1&s=1,5.0 of 5 bubbles,Badamwari garden!!!,175,A greenery garden with very open spacious place. Very clean and widely open for everyone. Roses and other flowers are planted inside the garden.,Apr 2017 • Couples,,,,2024-03-21T17:56:43Z
Badamwari Garden,Srinagar Jammu and Kashmir,g297623,d4310693,4.5,https://www.tripadvisor.com/ShowUserReviews-g297623-d4310693-r495045594-Badamwari_Garden-Srinagar_Srinagar_District_Kashmir_Jammu_and_Kashmir.html,https://dynamic-media-cdn.tripadvisor.com/media/photo-o/1a/f6/e2/e6/default-avatar-2020-45.jpg?w=100&h=-1&s=1,5.0 of 5 bubbles,Must-Visit Garden in Srinagar,13,"Most of the earlier reviews describe this well. It is a quiet , beautiful and serene garden. Large , excellently maintained and with clear views of the mountains around. The 'Akbar's Fort' can also be seen at a distance from here.  There are a few installations of interest too within the gardens .Excellently maintained restrooms ( difficult to find in public spaces across the country)If only we'd packed a picnic hamper!",May 2017 • Couples,,,,2024-03-21T17:56:44Z
Badamwari Garden,Srinagar Jammu and Kashmir,g297623,d4310693,4.5,https://www.tripadvisor.com/ShowUserReviews-g297623-d4310693-r488427083-Badamwari_Garden-Srinagar_Srinagar_District_Kashmir_Jammu_and_Kashmir.html,https://dynamic-media-cdn.tripadvisor.com/media/photo-o/1a/f6/de/e7/default-avatar-2020-37.jpg?w=100&h=-1&s=1,5.0 of 5 bubbles,The Best Garden of Srinagar,66,"Quite place, less people, massive open spaces, impeccably maintained, beautiful almond tree plantations, can view the fort and the Nigeen lake from the garden.A must visit!",May 2017 • Family,,,,2024-03-21T17:56:44Z
Badamwari Garden,Srinagar Jammu and Kashmir,g297623,d4310693,4.5,https://www.tripadvisor.com/ShowUserReviews-g297623-d4310693-r483423597-Badamwari_Garden-Srinagar_Srinagar_District_Kashmir_Jammu_and_Kashmir.html,https://dynamic-media-cdn.tripadvisor.com/media/photo-o/05/33/18/02/onglobe.jpg?w=100&h=-1&s=1,5.0 of 5 bubbles,Lovely surprise in Srinagar,326,"It was not part of my itinerary since it's not way down in 'Things to do' in Srinagar. On last day, our taxi driver took us there as we had ample time and nothing much to do.A big thanks to him for taking us to this Garden.What a lovely place. Though originally made during Mughal times, it has been very recently renovated by the government with lovely flower beds and beautiful architectural installations.There are lot of almond trees in the garden (hence the name of the garden) and even flower beds and few other things are also made in almond shape.Must go to this place. If you are hard pressed for time, drop Pari Mahal and Chash-me-shahi from your list and instead and make it to this garden. You will be delighted.",May 2017 • Family,,,,2024-03-21T17:56:44Z
Badamwari Garden,Srinagar Jammu and Kashmir,g297623,d4310693,4.5,https://www.tripadvisor.com/ShowUserReviews-g297623-d4310693-r478198510-Badamwari_Garden-Srinagar_Srinagar_District_Kashmir_Jammu_and_Kashmir.html,https://dynamic-media-cdn.tripadvisor.com/media/photo-o/0f/10/48/f2/nidhi-k.jpg?w=100&h=-1&s=1,5.0 of 5 bubbles,Badam wadi Garden,14,A very good decorated ROSE garden. It is about 1 km from  Makhdoom Sahib shrine. This garden may not be very famous but must visit.,Jun 2016 • Family,,,,2024-03-21T17:56:44Z
Badamwari Garden,Srinagar Jammu and Kashmir,g297623,d4310693,4.5,https://www.tripadvisor.com/ShowUserReviews-g297623-d4310693-r478134878-Badamwari_Garden-Srinagar_Srinagar_District_Kashmir_Jammu_and_Kashmir.html,https://dynamic-media-cdn.tripadvisor.com/media/photo-o/07/e8/15/96/kalpit-l.jpg?w=100&h=-1&s=1,5.0 of 5 bubbles,Best and Largest garden in Srinagar,184,The garden has many Almond (Badam) trees along with other trees. It is well maintained by J&K Bank. It is the best garden in Srinagar,Apr 2017 • Couples,,,,2024-03-21T17:56:44Z
Badamwari Garden,Srinagar Jammu and Kashmir,g297623,d4310693,4.5,https://www.tripadvisor.com/ShowUserReviews-g297623-d4310693-r476478171-Badamwari_Garden-Srinagar_Srinagar_District_Kashmir_Jammu_and_Kashmir.html,https://dynamic-media-cdn.tripadvisor.com/media/photo-o/1a/f6/e5/2b/default-avatar-2020-52.jpg?w=100&h=-1&s=1,5.0 of 5 bubbles,Less Crowded Beautiful Garden,6,The Badam Wari garden is very pleasant with lot of greenery and flowers and is away form the hustle bustle of the city and is less crowded which allows you to enjoy more.,Apr 2017 • Family,,,,2024-03-21T17:56:44Z
Badamwari Garden,Srinagar Jammu and Kashmir,g297623,d4310693,4.5,https://www.tripadvisor.com/ShowUserReviews-g297623-d4310693-r475157578-Badamwari_Garden-Srinagar_Srinagar_District_Kashmir_Jammu_and_Kashmir.html,https://dynamic-media-cdn.tripadvisor.com/media/photo-o/0e/df/e3/6f/faumijk.jpg?w=100&h=-1&s=1,5.0 of 5 bubbles,Beautiful garden Located on the bank of Nigeen Lake,20,"It is on of the prettiest spots in downtown Srinagar. Best time to visit this place is in Spring when the Almond trees are in full bloom. It is Situated on foothills of Koh-e-Maran, the 300 kanals garden, dotted with trees, flowers and cascades providing a soothing experience to the visitors.The name of Allah carved on stone is a masterpiece inside Badamwari created by  one of the workers of Stone Carving Master Sculptor ""Nisar Reshi"".This is for all the crazy nature lovers…a place which cant be missed in spring n summer in Kashmir.",Jun 2016 • Friends,,,,2024-03-21T17:56:44Z
Badamwari Garden,Srinagar Jammu and Kashmir,g297623,d4310693,4.5,https://www.tripadvisor.com/ShowUserReviews-g297623-d4310693-r472598111-Badamwari_Garden-Srinagar_Srinagar_District_Kashmir_Jammu_and_Kashmir.html,https://dynamic-media-cdn.tripadvisor.com/media/photo-o/1a/f6/f4/20/default-avatar-2020-31.jpg?w=100&h=-1&s=1,5.0 of 5 bubbles,Must visit in Srinagar DO NOT MISS,199,"This location does not come in when Srinagar is looked and is a HIDDEN GEM. One of the most beautiful, clean and well maintained parks in the entire country. Please visit here for an unforgettable experience.",Mar-17,,,,2024-03-21T17:56:44Z
Badamwari Garden,Srinagar Jammu and Kashmir,g297623,d4310693,4.5,https://www.tripadvisor.com/ShowUserReviews-g297623-d4310693-r472543309-Badamwari_Garden-Srinagar_Srinagar_District_Kashmir_Jammu_and_Kashmir.html,https://dynamic-media-cdn.tripadvisor.com/media/photo-s/03/2c/30/6c/profpmlakhotia.jpg?w=100&h=-1&s=1,5.0 of 5 bubbles,TREASURE HUNT AT SRINAGAR,287,"There wasn't any recommendation as 'tourist must see this spot'. Our cab driver at the end of our trip took us voluntarily at this Garden which was a solitary ""cashless tourist spot"". Not being here otherwise, we would have surely missed the architectural and designing aesthetics of great king Akbar's period. The Garden is traditional and yet most modernistic and our haunting its each nook and corner for over one and half hours was like a treasure hunt. No one chases you here for some attraction or other!",Mar-17,,,,2024-03-21T17:56:44Z
Badamwari Garden,Srinagar Jammu and Kashmir,g297623,d4310693,4.5,https://www.tripadvisor.com/ShowUserReviews-g297623-d4310693-r471337341-Badamwari_Garden-Srinagar_Srinagar_District_Kashmir_Jammu_and_Kashmir.html,https://dynamic-media-cdn.tripadvisor.com/media/photo-o/0e/ce/05/4f/syedmonis.jpg?w=100&h=-1&s=1,5.0 of 5 bubbles,Almond bloom at its best,27,Visit this place in Mid March and you will be just mesmerized by the beauty of the almond trees.Famous for its Almond trees this place is a sure shot must visit if you are in Kashmir in March and April.The pink and white flowers of Almond trees will take your breath away.Pay the entry fees and you are in for a blissful experience.Its a huge hit among locals and budding Photographers thanks to the Almond tree blossoms.One can also enjoy the local art and craft when it comes to architecture and design.Visit in March and you will thank me later.,Mar 2017 • Family,,,,2024-03-21T17:56:44Z
Badamwari Garden,Srinagar Jammu and Kashmir,g297623,d4310693,4.5,https://www.tripadvisor.com/ShowUserReviews-g297623-d4310693-r453935961-Badamwari_Garden-Srinagar_Srinagar_District_Kashmir_Jammu_and_Kashmir.html,https://dynamic-media-cdn.tripadvisor.com/media/photo-o/1a/f6/f2/7a/default-avatar-2020-25.jpg?w=100&h=-1&s=1,5.0 of 5 bubbles,garden of almonds,30,"We visited this place in jan 2017 amid the snow fall , it was a feeling like we were in the heaven , snow all around and hari parvay in background and lake dal in front .it wad a momemt of cherish.",Jan 2017 • Family,,,,2024-03-21T17:56:46Z
Badamwari Garden,Srinagar Jammu and Kashmir,g297623,d4310693,4.5,https://www.tripadvisor.com/ShowUserReviews-g297623-d4310693-r430541098-Badamwari_Garden-Srinagar_Srinagar_District_Kashmir_Jammu_and_Kashmir.html,https://dynamic-media-cdn.tripadvisor.com/media/photo-s/02/8a/00/90/sanjay-bohra.jpg?w=100&h=-1&s=1,5.0 of 5 bubbles,Beautiful,46,Not many people have heard of badamwari. Our driver took us there and we can't be enough thankful of him. This small quiet garden is situated on the banks of nigeen lake. It is away from tourist rush. But beautiful flowers and quiet place.,Apr 2016 • Family,,,,2024-03-21T17:56:46Z
Badamwari Garden,Srinagar Jammu and Kashmir,g297623,d4310693,4.5,https://www.tripadvisor.com/ShowUserReviews-g297623-d4310693-r430023904-Badamwari_Garden-Srinagar_Srinagar_District_Kashmir_Jammu_and_Kashmir.html,https://dynamic-media-cdn.tripadvisor.com/media/photo-o/26/bd/d1/91/vyasch.jpg?w=100&h=-1&s=1,4.0 of 5 bubbles,Flowers,394,This was our first destination Kashmir trip. It's good to start from here if one wants to sit and relax for a while after a journey. There isn't much walking. It's neat and clean campus. Children will love playing around.,Jun-16,,,,2024-03-21T17:56:46Z
Badamwari Garden,Srinagar Jammu and Kashmir,g297623,d4310693,4.5,https://www.tripadvisor.com/ShowUserReviews-g297623-d4310693-r411882428-Badamwari_Garden-Srinagar_Srinagar_District_Kashmir_Jammu_and_Kashmir.html,https://dynamic-media-cdn.tripadvisor.com/media/photo-o/09/f2/a5/97/punita-s.jpg?w=100&h=-1&s=1,5.0 of 5 bubbles,Must visit,166,It is a  beautiful and well maintained garden.  Has an open amphitheatre inside which is really cool.  Well maintained and a clean garden.,Jul 2016 • Couples,,,,2024-03-21T17:56:46Z
Badamwari Garden,Srinagar Jammu and Kashmir,g297623,d4310693,4.5,https://www.tripadvisor.com/ShowUserReviews-g297623-d4310693-r409808508-Badamwari_Garden-Srinagar_Srinagar_District_Kashmir_Jammu_and_Kashmir.html,https://dynamic-media-cdn.tripadvisor.com/media/photo-f/01/2e/70/8a/avatar011.jpg?w=100&h=-1&s=1,4.0 of 5 bubbles,Almond Garden,61,Must visit. It is a beautiful and well maintained garden. Has different trees and wonderful flowers.,Sep 2015 • Family,,,,2024-03-21T17:56:46Z
Badamwari Garden,Srinagar Jammu and Kashmir,g297623,d4310693,4.5,https://www.tripadvisor.com/ShowUserReviews-g297623-d4310693-r391581368-Badamwari_Garden-Srinagar_Srinagar_District_Kashmir_Jammu_and_Kashmir.html,https://dynamic-media-cdn.tripadvisor.com/media/photo-o/0b/cd/c8/34/atanu1968.jpg?w=100&h=-1&s=1,4.0 of 5 bubbles,Must visiting place in Srinagar,35,"Enjoyed beauty of Almond, Darchini, Apple  and Saffron plant . Clean and lonely Garden to enjoy the Scenic beauty.",Jun 2016 • Family,,,,2024-03-21T17:56:46Z
Badamwari Garden,Srinagar Jammu and Kashmir,g297623,d4310693,4.5,https://www.tripadvisor.com/ShowUserReviews-g297623-d4310693-r388068511-Badamwari_Garden-Srinagar_Srinagar_District_Kashmir_Jammu_and_Kashmir.html,https://dynamic-media-cdn.tripadvisor.com/media/photo-o/0c/08/e6/e1/rajiv1132014.jpg?w=100&h=-1&s=1,5.0 of 5 bubbles,Srinagar's Hidden Gem,390,"Badam Vaer is situated at the foothills of Hari Parbat . In 1876 AD the Dogra Monarch Ranbir Singh got the entire garden planted with almond trees hence the name. It is beautifully landscaped. An open Amphitheater where cultural programmes are held is also situated inside the garden .You visit in the month of April to see its pristine glory.It is one of the hidden gems of Srinagar.  This place, in my opinion, is better than the three Mughal gardens combined.It is ideal for  shutterbugs It is being maintained by J&K Bank . I assure you your visit will not go in vain if you are a nature lover .At the top of the hillock a fort buit by Atta - Ullah - Khan can be seen.",Apr 2016 • Couples,,,,2024-03-21T17:56:46Z
Badamwari Garden,Srinagar Jammu and Kashmir,g297623,d4310693,4.5,https://www.tripadvisor.com/ShowUserReviews-g297623-d4310693-r384986802-Badamwari_Garden-Srinagar_Srinagar_District_Kashmir_Jammu_and_Kashmir.html,https://dynamic-media-cdn.tripadvisor.com/media/photo-o/1a/f6/f3/23/default-avatar-2020-28.jpg?w=100&h=-1&s=1,5.0 of 5 bubbles,One of the hidden gems in the city,19,"Make sure you visit this place in the month of July to see its pristine glory. This place, in my opinion, is better than the three Mughal garden combined. Since it is in the middle of the city, reaching it might be a pain. Perhaps that is the reason that it gets so little tourists. But trust me if you will, this place is worth is visit.",Jun 2016 • Couples,,,,2024-03-21T17:56:46Z
Badamwari Garden,Srinagar Jammu and Kashmir,g297623,d4310693,4.5,https://www.tripadvisor.com/ShowUserReviews-g297623-d4310693-r384268061-Badamwari_Garden-Srinagar_Srinagar_District_Kashmir_Jammu_and_Kashmir.html,https://dynamic-media-cdn.tripadvisor.com/media/photo-o/07/4c/9f/95/babu366.jpg?w=100&h=-1&s=1,4.0 of 5 bubbles,Must visit Garden in Srinagar ,24,"Unique garden, Good for Photography. Full of Flowers, I think all must visit along with Mughal Gardens.",Jun 2016 • Friends,,,,2024-03-21T17:56:46Z
Badamwari Garden,Srinagar Jammu and Kashmir,g297623,d4310693,4.5,https://www.tripadvisor.com/ShowUserReviews-g297623-d4310693-r383040392-Badamwari_Garden-Srinagar_Srinagar_District_Kashmir_Jammu_and_Kashmir.html,https://dynamic-media-cdn.tripadvisor.com/media/photo-o/1a/f6/ea/74/default-avatar-2020-68.jpg?w=100&h=-1&s=1,4.0 of 5 bubbles,badam garden,15,"it is one of the gardens of srinagar and is house to badam trees, you will find a large no. of badams hanging there if you visit it in its season",Jun-16,,,,2024-03-21T17:56:46Z
Badamwari Garden,Srinagar Jammu and Kashmir,g297623,d4310693,4.5,https://www.tripadvisor.com/ShowUserReviews-g297623-d4310693-r381924065-Badamwari_Garden-Srinagar_Srinagar_District_Kashmir_Jammu_and_Kashmir.html,https://dynamic-media-cdn.tripadvisor.com/media/photo-o/1a/f6/f2/11/default-avatar-2020-23.jpg?w=100&h=-1&s=1,4.0 of 5 bubbles,Beautiful,465,"It was an unplanned visit to this garden. We had some time on our hands & our hotel suggested we visit this place.Its on on the regular tourist itinerary, but should be. It was a beautifully maintained garden in a height giving fantastic views of the city.Lovely manicured lawns,specially trees in pink...superb. Loved it",Mar 2016 • Family,,,,2024-03-21T17:56:47Z
Badamwari Garden,Srinagar Jammu and Kashmir,g297623,d4310693,4.5,https://www.tripadvisor.com/ShowUserReviews-g297623-d4310693-r376502197-Badamwari_Garden-Srinagar_Srinagar_District_Kashmir_Jammu_and_Kashmir.html,https://dynamic-media-cdn.tripadvisor.com/media/photo-o/06/5c/8b/ab/bhavuk-j.jpg?w=100&h=-1&s=1,3.0 of 5 bubbles,Badamwari Garden,7,Its a garden of almonds (Badamwari). Its one of many gardens in srinagar with attraction of Almond trees.,Apr 2016 • Couples,,,,2024-03-21T17:56:47Z
Badamwari Garden,Srinagar Jammu and Kashmir,g297623,d4310693,4.5,https://www.tripadvisor.com/ShowUserReviews-g297623-d4310693-r375858707-Badamwari_Garden-Srinagar_Srinagar_District_Kashmir_Jammu_and_Kashmir.html,https://dynamic-media-cdn.tripadvisor.com/media/photo-o/1a/f6/ec/3d/default-avatar-2020-1.jpg?w=100&h=-1&s=1,5.0 of 5 bubbles,Swachh sundar Bharat!!,41,"The garden is tucked away at a bit of a distance from the usual touristy areas. There are quaint narrow lanes that lead to the garden which for some reason is not as known as the other landmarks. The garden has a dedicated parking n a hawker can serving small meals like fried rice n Biryani n momos. The garden is quite big and impeccably maintained. The first thing that struck us was the cleanliness -the myriad hues of flowers amidst the large green expanse under the azure sky are a visual treat . There is a small well which is neatly varnished . Unlike a lot of our ancient structures, it is well kept. There are clean toilets for men and women.In case you are with children, it would be a great idea to pack lunch and play some board/ ball games in the garden . An idyllic setting for a picnic which big city kids only read about!",May 2016 • Family,,,,2024-03-21T17:56:47Z
Badamwari Garden,Srinagar Jammu and Kashmir,g297623,d4310693,4.5,https://www.tripadvisor.com/ShowUserReviews-g297623-d4310693-r375665208-Badamwari_Garden-Srinagar_Srinagar_District_Kashmir_Jammu_and_Kashmir.html,https://dynamic-media-cdn.tripadvisor.com/media/photo-o/2b/39/83/15/lotusdiamond.jpg?w=100&h=-1&s=1,4.0 of 5 bubbles,Awesome Badamwari Garden!!!,258,Newly opened Garden privately owned. Entry tickets are  required to be purchased to go inside.  Huge place decorated with rows of flowers and variety of fruit trees. You can enjoy beautiful view of Srinagar from this place. Lots and lots of Badam trees inside. Ample parking place. Washrooms are available and maintained clean. Good place for spending good time with your family and friends and superb location for lots of photography.,Jul 2015 • Family,,,,2024-03-21T17:56:47Z
Badamwari Garden,Srinagar Jammu and Kashmir,g297623,d4310693,4.5,https://www.tripadvisor.com/ShowUserReviews-g297623-d4310693-r370837635-Badamwari_Garden-Srinagar_Srinagar_District_Kashmir_Jammu_and_Kashmir.html,https://dynamic-media-cdn.tripadvisor.com/media/photo-o/0b/7a/bc/3d/rush401.jpg?w=100&h=-1&s=1,5.0 of 5 bubbles,Badamwari,818,"This was a lovely surprise to visit this garden as it was the best laid out garden,well kept with beautiful trees,flowers etc,,,lots of places to sit,,very clean public toilets,,,",May 2016 • Friends,,,,2024-03-21T17:56:47Z
Badamwari Garden,Srinagar Jammu and Kashmir,g297623,d4310693,4.5,https://www.tripadvisor.com/ShowUserReviews-g297623-d4310693-r368610929-Badamwari_Garden-Srinagar_Srinagar_District_Kashmir_Jammu_and_Kashmir.html,https://dynamic-media-cdn.tripadvisor.com/media/photo-o/1a/f6/f1/06/default-avatar-2020-18.jpg?w=100&h=-1&s=1,5.0 of 5 bubbles,A Treat for Those who love Clicking Pics,23,"In the Month of June, the flowers were in full bloom.. A huge place decorated with rows of flower plants with variety of colors.. Great place for those looking for some peaceful time for enjoying nature & clicking pictures :-)",Jun 2015 • Couples,,,,2024-03-21T17:56:47Z
Badamwari Garden,Srinagar Jammu and Kashmir,g297623,d4310693,4.5,https://www.tripadvisor.com/ShowUserReviews-g297623-d4310693-r367138841-Badamwari_Garden-Srinagar_Srinagar_District_Kashmir_Jammu_and_Kashmir.html,https://dynamic-media-cdn.tripadvisor.com/media/photo-o/1a/f6/e4/59/default-avatar-2020-49.jpg?w=100&h=-1&s=1,4.0 of 5 bubbles,Beautiful garden,267,"We went here in March end when we had some free time & the hotel suggested this place.Its a beautiful garden, very neat,lovely manicured garden & lots of badam trees.Lovely views of Srinagar as it is situated at a height. There were trees with pink flowers & it made for a beautiful setting",Mar 2016 • Family,,,,2024-03-21T17:56:47Z
Badamwari Garden,Srinagar Jammu and Kashmir,g297623,d4310693,4.5,https://www.tripadvisor.com/ShowUserReviews-g297623-d4310693-r363004467-Badamwari_Garden-Srinagar_Srinagar_District_Kashmir_Jammu_and_Kashmir.html,https://dynamic-media-cdn.tripadvisor.com/media/photo-o/0d/e5/b1/7c/naina-s.jpg?w=100&h=-1&s=1,4.0 of 5 bubbles,Peaceful ,98,This garden is basically almond garden. It has flowers which are planted in almond shape. It's quite a big garden and properly maintained. You'll definitely like :),Apr 2016 • Friends,,,,2024-03-21T17:56:47Z
Badamwari Garden,Srinagar Jammu and Kashmir,g297623,d4310693,4.5,https://www.tripadvisor.com/ShowUserReviews-g297623-d4310693-r361938670-Badamwari_Garden-Srinagar_Srinagar_District_Kashmir_Jammu_and_Kashmir.html,https://dynamic-media-cdn.tripadvisor.com/media/photo-o/1a/f6/f6/0d/default-avatar-2020-34.jpg?w=100&h=-1&s=1,4.0 of 5 bubbles,Beautiful Almond/Badam Garden where you can sit for hours in peace,49,It a very beautiful and well maintained garden. It is known for its badam/almond trees. You also have a huge sculpture of in the shape of an almond with inscriptions.,Mar 2016 • Friends,,,,2024-03-21T17:56:47Z
Badamwari Garden,Srinagar Jammu and Kashmir,g297623,d4310693,4.5,https://www.tripadvisor.com/ShowUserReviews-g297623-d4310693-r360852494-Badamwari_Garden-Srinagar_Srinagar_District_Kashmir_Jammu_and_Kashmir.html,https://dynamic-media-cdn.tripadvisor.com/media/photo-o/1a/f6/eb/a3/default-avatar-2020-38.jpg?w=100&h=-1&s=1,3.0 of 5 bubbles,"Situated within city, good place from Aug-Oct to see different nuts",11,"It is basically a garden, situated within Srinagar City. We visited here in Mar16 but could not see and nuts. Ok place to visit.",Mar-16,,,,2024-03-21T17:56:47Z
Badamwari Garden,Srinagar Jammu and Kashmir,g297623,d4310693,4.5,https://www.tripadvisor.com/ShowUserReviews-g297623-d4310693-r360417266-Badamwari_Garden-Srinagar_Srinagar_District_Kashmir_Jammu_and_Kashmir.html,https://dynamic-media-cdn.tripadvisor.com/media/photo-o/0a/c4/77/24/dr-p-k-p.jpg?w=100&h=-1&s=1,4.0 of 5 bubbles,A beautiful garden with almond flowers,96,Beautifully maintained garden with lots of almond tree and exotic view of almond flowers. Historical well of death of Akbar dynasty is some added attraction..,Feb 2016 • Couples,,,,2024-03-21T17:56:48Z
Badamwari Garden,Srinagar Jammu and Kashmir,g297623,d4310693,4.5,https://www.tripadvisor.com/ShowUserReviews-g297623-d4310693-r355753854-Badamwari_Garden-Srinagar_Srinagar_District_Kashmir_Jammu_and_Kashmir.html,https://dynamic-media-cdn.tripadvisor.com/media/photo-o/1a/f6/e3/6a/default-avatar-2020-47.jpg?w=100&h=-1&s=1,3.0 of 5 bubbles,Almond blossom,28,This garden is full of almond trees and is worth a visit during when almond flowers blossom. The best time to visit is during first week of April,Apr 2015 • Friends,,,,2024-03-21T17:56:48Z
Badamwari Garden,Srinagar Jammu and Kashmir,g297623,d4310693,4.5,https://www.tripadvisor.com/ShowUserReviews-g297623-d4310693-r350422439-Badamwari_Garden-Srinagar_Srinagar_District_Kashmir_Jammu_and_Kashmir.html,https://dynamic-media-cdn.tripadvisor.com/media/photo-o/0a/69/56/a5/sammy4travel.jpg?w=100&h=-1&s=1,3.0 of 5 bubbles,Fine place to relax,71,"Not much happening may be because I visited at winters when Kashmir Flora is absent. Place is maintained now and youngsters get their photoshoots done as it provides scenic beauty. Almond trees were lifeless but still looked beautiful. Besides the garden there flows a river, Jhelum maybe or a part of Dal lake! Not sure. But overall good place to spend with family and to feel fresh air.Night shows are also organised on Sundays for music and art lovers.",Feb 2016 • Solo,,,,2024-03-21T17:56:48Z
Badamwari Garden,Srinagar Jammu and Kashmir,g297623,d4310693,4.5,https://www.tripadvisor.com/ShowUserReviews-g297623-d4310693-r330665929-Badamwari_Garden-Srinagar_Srinagar_District_Kashmir_Jammu_and_Kashmir.html,https://dynamic-media-cdn.tripadvisor.com/media/photo-o/1a/f6/e4/ca/default-avatar-2020-51.jpg?w=100&h=-1&s=1,5.0 of 5 bubbles,Excellent place to hangout,8,this is our favorite place to hangout in the evening whenever we returned from the heavy outing.really nice view & peaceful place.,Jun 2015 • Couples,,,,2024-03-21T17:56:48Z
Badamwari Garden,Srinagar Jammu and Kashmir,g297623,d4310693,4.5,https://www.tripadvisor.com/ShowUserReviews-g297623-d4310693-r330162144-Badamwari_Garden-Srinagar_Srinagar_District_Kashmir_Jammu_and_Kashmir.html,https://dynamic-media-cdn.tripadvisor.com/media/photo-o/09/b0/f4/e3/rps78.jpg?w=100&h=-1&s=1,5.0 of 5 bubbles,Very big Well maintained & Beautifull Garden,641,"This garden is little bit different with other gardens in srinagar. However; you will not find the reference of this garden easily in any attraction reccomondations. This garden should be visited during the flowering season: late march to early april. It is a hidden gem, not touristy at all, yet one of the better maintained gardens  located very near to old city.Here you can smell of soil & fresh air of beautiful srinagar. Lots of almond trees all around the place and you can see the local families here. An absolute must in Srinagar!",Apr 2015 • Family,,,,2024-03-21T17:56:48Z
Badamwari Garden,Srinagar Jammu and Kashmir,g297623,d4310693,4.5,https://www.tripadvisor.com/ShowUserReviews-g297623-d4310693-r329498809-Badamwari_Garden-Srinagar_Srinagar_District_Kashmir_Jammu_and_Kashmir.html,https://dynamic-media-cdn.tripadvisor.com/media/photo-o/09/a0/0e/59/dhirenthadesar.jpg?w=100&h=-1&s=1,4.0 of 5 bubbles,happening,89,"this garden is located in downtown area of srinagar just below hari parbat fort, this is a very beautiful garden",Sep 2015 • Family,,,,2024-03-21T17:56:48Z
Badamwari Garden,Srinagar Jammu and Kashmir,g297623,d4310693,4.5,https://www.tripadvisor.com/ShowUserReviews-g297623-d4310693-r329220682-Badamwari_Garden-Srinagar_Srinagar_District_Kashmir_Jammu_and_Kashmir.html,https://dynamic-media-cdn.tripadvisor.com/media/photo-o/1a/f6/df/2b/default-avatar-2020-39.jpg?w=100&h=-1&s=1,5.0 of 5 bubbles,a nice place,9,"this is a place where mostly locals visit, this place has that smell of fresh air. this is a well maintained garden. it has also a entry fees",Mar 2015 • Couples,,,,2024-03-21T17:56:48Z
Badamwari Garden,Srinagar Jammu and Kashmir,g297623,d4310693,4.5,https://www.tripadvisor.com/ShowUserReviews-g297623-d4310693-r326173642-Badamwari_Garden-Srinagar_Srinagar_District_Kashmir_Jammu_and_Kashmir.html,https://dynamic-media-cdn.tripadvisor.com/media/photo-o/08/d0/4a/c6/rafi-m.jpg?w=100&h=-1&s=1,4.0 of 5 bubbles,Almond Blossom,109,best time to visit here is in spring when there is almond blossom its eyes soothing that time all tree look like they have been decorated,Apr 2015 • Solo,,,,2024-03-21T17:56:48Z
Badamwari Garden,Srinagar Jammu and Kashmir,g297623,d4310693,4.5,https://www.tripadvisor.com/ShowUserReviews-g297623-d4310693-r325680538-Badamwari_Garden-Srinagar_Srinagar_District_Kashmir_Jammu_and_Kashmir.html,https://dynamic-media-cdn.tripadvisor.com/media/photo-o/2a/5f/54/2a/trevorsaldanha.jpg?w=100&h=-1&s=1,5.0 of 5 bubbles,Beautiful Garden of Almond Trees,266,"The Badam Vaer or the Badamwari Garden is a very beautiful Almond Garden in Srinagar which is on the way from the Airport to the city. Most taxis would therefore take you there on the way to your hotel, so it becomes your first sight seeing experience in Kashmir. It Nestles in the foothills of the Koh-e-Maran and is dotted with trees, flowers and cascades which turn it into a beautiful and soothing sight. As in the case of the other Gardens in Kashmir, this one too is very well maintained with a large variety of Flowers & Almond Trees all over. The Almond Trees in Kashmir are quite short & the leaves are also small, as is the case with the Almonds too. The Garden is huge & has fairly decent Washrooms for Gents & Ladies, which is a good thing. It also has a small Amphitheatre with a Stage, possibly to host some local functions there.A Beautiful Garden indeed & a Must Visit on the way from the Airport to your Hotel.",Oct 2015 • Couples,,,,2024-03-21T17:56:48Z
Badamwari Garden,Srinagar Jammu and Kashmir,g297623,d4310693,4.5,https://www.tripadvisor.com/ShowUserReviews-g297623-d4310693-r324416501-Badamwari_Garden-Srinagar_Srinagar_District_Kashmir_Jammu_and_Kashmir.html,https://dynamic-media-cdn.tripadvisor.com/media/photo-o/05/a6/23/b5/p7mir.jpg?w=100&h=-1&s=1,5.0 of 5 bubbles,Beautiful Almond City,540,"Badamwari  is located in downtown Srinagar, known as Almond City. This place is situated on foothills of Koh-e-Maranon and    most prettiest sight to see in Spring. Easily accessible place and good for nature lovers.",May 2015 • Family,,,,2024-03-21T17:56:48Z
Badamwari Garden,Srinagar Jammu and Kashmir,g297623,d4310693,4.5,https://www.tripadvisor.com/ShowUserReviews-g297623-d4310693-r322628623-Badamwari_Garden-Srinagar_Srinagar_District_Kashmir_Jammu_and_Kashmir.html,https://dynamic-media-cdn.tripadvisor.com/media/photo-o/08/bd/a2/57/seafare74.jpg?w=100&h=-1&s=1,5.0 of 5 bubbles,Beautiful Gardens with Mountain Views,181,These gardens are better maintained than the Mugal Gardens and the wide central path makes it possible for many visitors to enjoy the gardens at the same time. The view of the nearby mountains is amazing too.,Oct 2015 • Couples,,,,2024-03-21T17:56:49Z
Badamwari Garden,Srinagar Jammu and Kashmir,g297623,d4310693,4.5,https://www.tripadvisor.com/ShowUserReviews-g297623-d4310693-r322571816-Badamwari_Garden-Srinagar_Srinagar_District_Kashmir_Jammu_and_Kashmir.html,https://dynamic-media-cdn.tripadvisor.com/media/photo-o/09/48/46/e5/talha-b.jpg?w=100&h=-1&s=1,3.0 of 5 bubbles,Very big and very well maintained garden,196,It is very big and well maintained garden but nothing much to do there. you will enjoy if you are in group.,Oct 2015 • Couples,,,,2024-03-21T17:56:49Z
Badamwari Garden,Srinagar Jammu and Kashmir,g297623,d4310693,4.5,https://www.tripadvisor.com/ShowUserReviews-g297623-d4310693-r321073143-Badamwari_Garden-Srinagar_Srinagar_District_Kashmir_Jammu_and_Kashmir.html,https://dynamic-media-cdn.tripadvisor.com/media/photo-s/02/30/e0/2c/kushalashok.jpg?w=100&h=-1&s=1,4.0 of 5 bubbles,A nice walk,97,"This garden allows you to take a comfortable walk while clicking pictures. It is not very crowded and has got different kinds of flowers, trees and structures,",Oct 2015 • Couples,,,,2024-03-21T17:56:49Z
Badamwari Garden,Srinagar Jammu and Kashmir,g297623,d4310693,4.5,https://www.tripadvisor.com/ShowUserReviews-g297623-d4310693-r314717544-Badamwari_Garden-Srinagar_Srinagar_District_Kashmir_Jammu_and_Kashmir.html,https://dynamic-media-cdn.tripadvisor.com/media/photo-o/09/69/84/88/shenoy1960.jpg?w=100&h=-1&s=1,5.0 of 5 bubbles,Nice well maintained garden,382,"Normally this garden is not in the hit list of regular tourist, but I would suggest if you couples or with a family not to miss this beautiful garden specially in Sept when all the flowers are blooming. This garden is quite large spacious, with plenty of flowers and badam (almonds) trees hence the name. Nice laid central path, wish there could be fountain playing through like in Taj.  There is a well which is names after Afgan ruler Waris Shah, and stories goes around that the well was used to through criminals and they died from drowning. Here you can have a photo session with local dress peacefully, I found here the price was cheap and reasonable, and no time limit.",Sep 2015 • Couples,,,,2024-03-21T17:56:49Z
Badamwari Garden,Srinagar Jammu and Kashmir,g297623,d4310693,4.5,https://www.tripadvisor.com/ShowUserReviews-g297623-d4310693-r313962256-Badamwari_Garden-Srinagar_Srinagar_District_Kashmir_Jammu_and_Kashmir.html,https://dynamic-media-cdn.tripadvisor.com/media/photo-o/1a/f6/e7/99/default-avatar-2020-57.jpg?w=100&h=-1&s=1,5.0 of 5 bubbles,badam garden,70,badamwari is place very you will find lots trees of almond. one can see flowers by march. garden is very good.,Mar 2015 • Family,,,,2024-03-21T17:56:49Z
Badamwari Garden,Srinagar Jammu and Kashmir,g297623,d4310693,4.5,https://www.tripadvisor.com/ShowUserReviews-g297623-d4310693-r312227884-Badamwari_Garden-Srinagar_Srinagar_District_Kashmir_Jammu_and_Kashmir.html,https://dynamic-media-cdn.tripadvisor.com/media/photo-o/1a/f6/f6/0d/default-avatar-2020-34.jpg?w=100&h=-1&s=1,5.0 of 5 bubbles,Meri Virisat,122,"This place in maintained under CSR of J&K Bank and they actually played a vital role in restoration, thus helping people of Kashmir to relive their past which has some how missed because of years of turmoil. Family enter only so if you coming along to valley you may miss it but will provide you reason to come to kashmir again",Sep 2015 • Family,,,,2024-03-21T17:56:49Z
Badamwari Garden,Srinagar Jammu and Kashmir,g297623,d4310693,4.5,https://www.tripadvisor.com/ShowUserReviews-g297623-d4310693-r310321480-Badamwari_Garden-Srinagar_Srinagar_District_Kashmir_Jammu_and_Kashmir.html,https://dynamic-media-cdn.tripadvisor.com/media/photo-o/0c/74/d3/a5/698dhruba007.jpg?w=100&h=-1&s=1,5.0 of 5 bubbles,COLORFUL FLOWERS,83,Admission on payment. Nice seasonal flowers.More Toilets required.Can cover the area in three hours.,Sep 2015 • Family,,,,2024-03-21T17:56:49Z
Badamwari Garden,Srinagar Jammu and Kashmir,g297623,d4310693,4.5,https://www.tripadvisor.com/ShowUserReviews-g297623-d4310693-r309451372-Badamwari_Garden-Srinagar_Srinagar_District_Kashmir_Jammu_and_Kashmir.html,https://dynamic-media-cdn.tripadvisor.com/media/photo-o/06/40/41/0e/swamiji-drupad.jpg?w=100&h=-1&s=1,4.0 of 5 bubbles,Do visit,514,"Sitting under Hari Parbat,this is a huge garden well spersed with Almond trees.Avoid after school hours as students love to enjoy some time before returning home. Also avoid sundays as locals love to picnic here. But locals are very discreet not litter trash or disturb tourists.",Aug 2015 • Friends,,,,2024-03-21T17:56:49Z
Badamwari Garden,Srinagar Jammu and Kashmir,g297623,d4310693,4.5,https://www.tripadvisor.com/ShowUserReviews-g297623-d4310693-r308603191-Badamwari_Garden-Srinagar_Srinagar_District_Kashmir_Jammu_and_Kashmir.html,https://dynamic-media-cdn.tripadvisor.com/media/photo-o/1a/f6/e2/a7/default-avatar-2020-44.jpg?w=100&h=-1&s=1,4.0 of 5 bubbles,Nice garden - however just like many others in Kashmir,68,Nice garden. However much like others. It does not have any distinctiveness about itself.The entrance and the initial pathway is beautiful.We had time on hand - so went there.Plus it is close to Hazrat-bal,May 2015 • Family,,,,2024-03-21T17:56:49Z
Badamwari Garden,Srinagar Jammu and Kashmir,g297623,d4310693,4.5,https://www.tripadvisor.com/ShowUserReviews-g297623-d4310693-r299811838-Badamwari_Garden-Srinagar_Srinagar_District_Kashmir_Jammu_and_Kashmir.html,https://dynamic-media-cdn.tripadvisor.com/media/photo-o/0b/01/de/23/wasesa.jpg?w=100&h=-1&s=1,5.0 of 5 bubbles,Beautiful & calm place,155,This is a very beautiful garden with most of almond trees and hence name is badamwari. Most tourist don't come here and you can find mainly local people here hence its very calm place to spend an hour or so apart from other gardens in Srinagar where there are many tourists.,Aug 2015 • Solo,,,,2024-03-21T17:56:49Z
Badamwari Garden,Srinagar Jammu and Kashmir,g297623,d4310693,4.5,https://www.tripadvisor.com/ShowUserReviews-g297623-d4310693-r292942541-Badamwari_Garden-Srinagar_Srinagar_District_Kashmir_Jammu_and_Kashmir.html,https://dynamic-media-cdn.tripadvisor.com/media/photo-o/1a/f6/e4/2d/default-avatar-2020-48.jpg?w=100&h=-1&s=1,5.0 of 5 bubbles,Unspoiled beauty,5,The Badamwari Garden is frequented by Kashmiris and you immediately experience a sense of calm as you walk about the manicured lawns. The almond trees and the delicate landscaping help bring home the fact that you are in one of India's most beautiful states.,Jul 2015 • Family,,,,2024-03-21T17:56:51Z
Badamwari Garden,Srinagar Jammu and Kashmir,g297623,d4310693,4.5,https://www.tripadvisor.com/ShowUserReviews-g297623-d4310693-r291389793-Badamwari_Garden-Srinagar_Srinagar_District_Kashmir_Jammu_and_Kashmir.html,https://dynamic-media-cdn.tripadvisor.com/media/photo-o/1a/f6/f0/d5/default-avatar-2020-17.jpg?w=100&h=-1&s=1,3.0 of 5 bubbles,Badaam garden,142,"Not many tourists were here. Mostly people were locals. Something like people in delhi go to India gate with family on Sunday, i got the same feeling here. This is a good garden with lots of badaam trees and therefore this name ""badaamwari"". You can spend half an hour here and take few lovely pics",May 2015 • Family,,,,2024-03-21T17:56:51Z
Badamwari Garden,Srinagar Jammu and Kashmir,g297623,d4310693,4.5,https://www.tripadvisor.com/ShowUserReviews-g297623-d4310693-r287797953-Badamwari_Garden-Srinagar_Srinagar_District_Kashmir_Jammu_and_Kashmir.html,https://dynamic-media-cdn.tripadvisor.com/media/photo-o/07/32/80/38/asif-sidiqee.jpg?w=100&h=-1&s=1,5.0 of 5 bubbles,an olive garden,82,the best place to bring in ur family and get get ur high tea and have it in the lawns on the foot hills and must visit place in srinagar....highly recommended,Oct 2014 • Family,,,,2024-03-21T17:56:51Z
Badamwari Garden,Srinagar Jammu and Kashmir,g297623,d4310693,4.5,https://www.tripadvisor.com/ShowUserReviews-g297623-d4310693-r283532258-Badamwari_Garden-Srinagar_Srinagar_District_Kashmir_Jammu_and_Kashmir.html,https://dynamic-media-cdn.tripadvisor.com/media/photo-o/08/36/3c/ad/ramesh-r.jpg?w=100&h=-1&s=1,5.0 of 5 bubbles,Garden of eden,61,This is an amazingly beautiful garden. At first we thought it will be just like the other gardens at Srinagar. But we were amazed by its beauty. They have a wonderful collection of flowers and structures. We get a beautiful view of the Hari Parbat and the fort. Its very well maintained by the J&K bank funding. Its a very peaceful place with not many visitors as it is located in the Old Srinagar town.,Apr 2015 • Family,,,,2024-03-21T17:56:51Z
Badamwari Garden,Srinagar Jammu and Kashmir,g297623,d4310693,4.5,https://www.tripadvisor.com/ShowUserReviews-g297623-d4310693-r283200512-Badamwari_Garden-Srinagar_Srinagar_District_Kashmir_Jammu_and_Kashmir.html,https://dynamic-media-cdn.tripadvisor.com/media/photo-o/1a/f6/f4/d0/default-avatar-2020-33.jpg?w=100&h=-1&s=1,5.0 of 5 bubbles,Must go place for heavenly views,57,It is a must visit place for its sheer beauty. The garden is just amazing and must be visited for nice views and the trees.,Mar 2015 • Family,,,,2024-03-21T17:56:51Z
Badamwari Garden,Srinagar Jammu and Kashmir,g297623,d4310693,4.5,https://www.tripadvisor.com/ShowUserReviews-g297623-d4310693-r281292086-Badamwari_Garden-Srinagar_Srinagar_District_Kashmir_Jammu_and_Kashmir.html,https://dynamic-media-cdn.tripadvisor.com/media/photo-o/1a/f6/df/2b/default-avatar-2020-39.jpg?w=100&h=-1&s=1,4.0 of 5 bubbles,Lesser known but wonderful!,80,This garden was recommended by a stranger in Chinar bagh and i thank him as it has a wonderful peaceful air... the almond trees are small but shady and there is a fantastic view of the akbar fort and a small lake and some fine pavilions.,Jun 2015 • Solo,,,,2024-03-21T17:56:51Z
Badamwari Garden,Srinagar Jammu and Kashmir,g297623,d4310693,4.5,https://www.tripadvisor.com/ShowUserReviews-g297623-d4310693-r279059213-Badamwari_Garden-Srinagar_Srinagar_District_Kashmir_Jammu_and_Kashmir.html,https://dynamic-media-cdn.tripadvisor.com/media/photo-o/03/63/2f/0f/avatar.jpg?w=100&h=-1&s=1,4.0 of 5 bubbles,The Almond Bloom.,76,"Mesmerizing Almond Trees And Their Spring Sprouts. Overview: The garden within the garden of heaven.If you're visiting Srinagar, do visit this garden as it will enchant your senses. It is a historical garden where you can find a lot of Almond trees and if you visit in March-May you can see the Almond flowers sprouting out. Rest you can visit this garden throughout the year. This place is famous with the locals. There is a well in the middle of the garden and its mouth is protected with Iron bars now. But the legend says; people used to commit suicide in this well. A nice place to visit, time to visit: 1-2 hours.",Aug 2014 • Friends,,,,2024-03-21T17:56:51Z
Badamwari Garden,Srinagar Jammu and Kashmir,g297623,d4310693,4.5,https://www.tripadvisor.com/ShowUserReviews-g297623-d4310693-r278406816-Badamwari_Garden-Srinagar_Srinagar_District_Kashmir_Jammu_and_Kashmir.html,https://dynamic-media-cdn.tripadvisor.com/media/photo-o/08/0d/3a/5a/xanakakoty.jpg?w=100&h=-1&s=1,3.0 of 5 bubbles,A local retreat,20,"A much better garden to head to if you're looking for a quiet feel. This is the place the locals frequent, and although not as large or as impressive as Nishat, it is well laid out and the greens are laced with lovely patches of color afforded by the myriad varieties of flowers.",Jun 2015 • Solo,,,,2024-03-21T17:56:51Z
Badamwari Garden,Srinagar Jammu and Kashmir,g297623,d4310693,4.5,https://www.tripadvisor.com/ShowUserReviews-g297623-d4310693-r277546526-Badamwari_Garden-Srinagar_Srinagar_District_Kashmir_Jammu_and_Kashmir.html,https://dynamic-media-cdn.tripadvisor.com/media/photo-o/1a/f6/e9/ef/default-avatar-2020-66.jpg?w=100&h=-1&s=1,5.0 of 5 bubbles,my dream came true,14,Was dreaming to visit this awesome garden..and finally i njoyed a lot there. recollecting my thoughts spent some quality time..,Jul 2014 • Solo,,,,2024-03-21T17:56:51Z
Badamwari Garden,Srinagar Jammu and Kashmir,g297623,d4310693,4.5,https://www.tripadvisor.com/ShowUserReviews-g297623-d4310693-r277146388-Badamwari_Garden-Srinagar_Srinagar_District_Kashmir_Jammu_and_Kashmir.html,https://dynamic-media-cdn.tripadvisor.com/media/photo-o/07/f4/58/80/zajiba-t.jpg?w=100&h=-1&s=1,4.0 of 5 bubbles,A very beautiful place!,47,"This garden is very well maintained. Different kinds of flowers were blooming everywhere. You can consider to spend more than 2-3 hours here, walk and sit around. It was also very peaceful and less crowded.",May 2015 • Couples,,,,2024-03-21T17:56:51Z
Badamwari Garden,Srinagar Jammu and Kashmir,g297623,d4310693,4.5,https://www.tripadvisor.com/ShowUserReviews-g297623-d4310693-r275308371-Badamwari_Garden-Srinagar_Srinagar_District_Kashmir_Jammu_and_Kashmir.html,https://dynamic-media-cdn.tripadvisor.com/media/photo-o/1a/f6/f1/b8/default-avatar-2020-22.jpg?w=100&h=-1&s=1,4.0 of 5 bubbles,Good With less crowd.. Must Visit,187,"Its in Old srinagar and below Hari Parbhat, Entry fee is 20 rs It is well maintained and can be visited if you want to avoid the heavy crowd at Mughal garden. Thx to Kirty Holiday for helping us discover this gem.",May 2015 • Family,,,,2024-03-21T17:56:52Z
Badamwari Garden,Srinagar Jammu and Kashmir,g297623,d4310693,4.5,https://www.tripadvisor.com/ShowUserReviews-g297623-d4310693-r275217698-Badamwari_Garden-Srinagar_Srinagar_District_Kashmir_Jammu_and_Kashmir.html,https://dynamic-media-cdn.tripadvisor.com/media/photo-o/1a/f6/f4/20/default-avatar-2020-31.jpg?w=100&h=-1&s=1,5.0 of 5 bubbles,Badamwari Garden - Fabulous and excellent,101,We had visited this garden on 14/04/2015. It is a big garden with grass lawns and different types of flowers. It was a nice garden. However visiters to this garden were mostly local. Flow of tourists to this garden is less.,Apr 2015 • Family,,,,2024-03-21T17:56:52Z
Badamwari Garden,Srinagar Jammu and Kashmir,g297623,d4310693,4.5,https://www.tripadvisor.com/ShowUserReviews-g297623-d4310693-r275014974-Badamwari_Garden-Srinagar_Srinagar_District_Kashmir_Jammu_and_Kashmir.html,https://dynamic-media-cdn.tripadvisor.com/media/photo-o/07/14/82/24/manas-u.jpg?w=100&h=-1&s=1,5.0 of 5 bubbles,"KASHMIR JOURNAL PART VI -MANASBAL LAKE, BADAMWARI & KHIRBHAWANI MANDIR",324,"On our way return from Manasbal We made a stop-over at the Badamwari Garden - a big almond garden situated at the foot hill of Kohi-Maran, also known as Hari Parbat. With the advent of spring, precisely in April, when almond blossoms appeared the Badamwari presents a mesmerizing appearance in spring in Kashmir. It was worth visiting!!",Apr 2015 • Family,,,,2024-03-21T17:56:52Z
Badamwari Garden,Srinagar Jammu and Kashmir,g297623,d4310693,4.5,https://www.tripadvisor.com/ShowUserReviews-g297623-d4310693-r274972509-Badamwari_Garden-Srinagar_Srinagar_District_Kashmir_Jammu_and_Kashmir.html,https://dynamic-media-cdn.tripadvisor.com/media/photo-o/07/e8/6c/5a/loneimran.jpg?w=100&h=-1&s=1,4.0 of 5 bubbles,Almond Alcove,9,After renovation a new look made this place a really good and wish to visit again.. A place where you can go with family/friends. Do visit this Place if you are in Srinagar will take only 15 mints to reach,Jun 2014 • Family,,,,2024-03-21T17:56:52Z
Badamwari Garden,Srinagar Jammu and Kashmir,g297623,d4310693,4.5,https://www.tripadvisor.com/ShowUserReviews-g297623-d4310693-r274352703-Badamwari_Garden-Srinagar_Srinagar_District_Kashmir_Jammu_and_Kashmir.html,https://dynamic-media-cdn.tripadvisor.com/media/photo-o/07/cb/8b/f6/nazima-b.jpg?w=100&h=-1&s=1,5.0 of 5 bubbles,Peaceful garden,37,Badamwari garden is one of the ancient gardens of kashmir where sufis use to come and enjoy the time. It was reopned just couple of years ago and have beautiful view and u can enjoy the piece of mind. Alomond \garden,Jul 2014 • Family,,,,2024-03-21T17:56:52Z
Badamwari Garden,Srinagar Jammu and Kashmir,g297623,d4310693,4.5,https://www.tripadvisor.com/ShowUserReviews-g297623-d4310693-r274326144-Badamwari_Garden-Srinagar_Srinagar_District_Kashmir_Jammu_and_Kashmir.html,https://dynamic-media-cdn.tripadvisor.com/media/photo-o/1a/f6/e6/ea/default-avatar-2020-54.jpg?w=100&h=-1&s=1,4.0 of 5 bubbles,Small hidden gem in Srinagar,62,"This garden is not the most popular one however it has breathtaking views of the Himalayas and the hari parvat fort. This place has beautiful almond trees which bloom in June. The park is not as fancy as the other gardens but it is a nice little hidden gem. Since the fort is not accessible to public, viewing it from the garden is the only option.",May 2015 • Family,,,,2024-03-21T17:56:52Z
Badamwari Garden,Srinagar Jammu and Kashmir,g297623,d4310693,4.5,https://www.tripadvisor.com/ShowUserReviews-g297623-d4310693-r273221026-Badamwari_Garden-Srinagar_Srinagar_District_Kashmir_Jammu_and_Kashmir.html,https://dynamic-media-cdn.tripadvisor.com/media/photo-o/06/bd/bd/32/jayantpai.jpg?w=100&h=-1&s=1,4.0 of 5 bubbles,Nicely laid out...,149,We found this one to be a little different from the marquee gardens. It is worth spending an hour or so over there. Do not miss out on seeing the well (now sealed) within an a well designed alcove.,May 2015 • Family,,,,2024-03-21T17:56:52Z
Badamwari Garden,Srinagar Jammu and Kashmir,g297623,d4310693,4.5,https://www.tripadvisor.com/ShowUserReviews-g297623-d4310693-r273212927-Badamwari_Garden-Srinagar_Srinagar_District_Kashmir_Jammu_and_Kashmir.html,https://dynamic-media-cdn.tripadvisor.com/media/photo-o/15/d3/bd/4c/drhasant.jpg?w=100&h=-1&s=1,3.0 of 5 bubbles,At gate no 2 Hari parbat worth visiting,224,This man made garden at the road that leads to hari parbat from the kathi gate gurudwara road is worth visiting by those who are spending whole day like we did at hari parbat the fort crown of kashmir.This garden is at opposite end of when your are at Shalimar garden crossing nageen lake too.,Apr 2015 • Family,,,,2024-03-21T17:56:52Z
Badamwari Garden,Srinagar Jammu and Kashmir,g297623,d4310693,4.5,https://www.tripadvisor.com/ShowUserReviews-g297623-d4310693-r271991875-Badamwari_Garden-Srinagar_Srinagar_District_Kashmir_Jammu_and_Kashmir.html,https://dynamic-media-cdn.tripadvisor.com/media/photo-o/08/3e/54/2b/santosh-o.jpg?w=100&h=-1&s=1,5.0 of 5 bubbles,A pity; most tourists miss this!,35,"Our driver insisted that we visit this place which otherwise is not a part of a regular tourist's itinerary. And aren't we glad we did!Hundreds and thousands of almond (baadam) with small ""baby"" almonds hanging from them in abundance. We even plucked some and tasted (after a gardener's approval- and encouragement!)This garden- Baadam Vaer as it is called is not from the Mughal era like Shalimar and Nishat Baghs, but perhaps prettier than the Mughal Gardens! It is of a recent vintage, probably built around an ancient well within its premises. The well itself is secured by a cage-like structure for safety purposes. But the periphery of the well is very well decorated with carved wood pillars and an ornate roofing, again wood.Just do not miss this site in your Srinagar trip!",May 2015 • Couples,,,,2024-03-21T17:56:52Z
Badamwari Garden,Srinagar Jammu and Kashmir,g297623,d4310693,4.5,https://www.tripadvisor.com/ShowUserReviews-g297623-d4310693-r270755268-Badamwari_Garden-Srinagar_Srinagar_District_Kashmir_Jammu_and_Kashmir.html,https://dynamic-media-cdn.tripadvisor.com/media/photo-o/09/0d/31/ed/smbegaraaj.jpg?w=100&h=-1&s=1,5.0 of 5 bubbles,Absolutely Awesome !!!,629,"Wonderful Garden !!! This one is the best of the lot in Srinagar, with colorful tulips welcoming all the visitors.Hats off to the gardeners and the whole maintenance team.It's huge and humongous garden with all the facilities to the visitors.Must visit for all age groups when you're in Srinagar.Thanks a lot...Loving you so much...Peacefully yours.S M Bega Raaj.",,,,,2024-03-21T17:56:52Z
Badamwari Garden,Srinagar Jammu and Kashmir,g297623,d4310693,4.5,https://www.tripadvisor.com/ShowUserReviews-g297623-d4310693-r268251301-Badamwari_Garden-Srinagar_Srinagar_District_Kashmir_Jammu_and_Kashmir.html,https://dynamic-media-cdn.tripadvisor.com/media/photo-o/1a/f6/ee/10/default-avatar-2020-8.jpg?w=100&h=-1&s=1,5.0 of 5 bubbles,Lesser known but better than most of the gardens,42,"We chanced upon it on the way to Hari Parbhat. Like it's name it has many badam trees planted. I understand that upon closure of Hari parbhat, this garden was neglected, but with J&K bank's assistance it was recently reinstated. Very well placed and beautifully maintained garden. Lesser crowds since it is not well known. But I would rate this better than shalimar gardens as well.",,,,,2024-03-21T17:56:54Z
Badamwari Garden,Srinagar Jammu and Kashmir,g297623,d4310693,4.5,https://www.tripadvisor.com/ShowUserReviews-g297623-d4310693-r268207554-Badamwari_Garden-Srinagar_Srinagar_District_Kashmir_Jammu_and_Kashmir.html,https://dynamic-media-cdn.tripadvisor.com/media/photo-o/1a/f6/de/e7/default-avatar-2020-37.jpg?w=100&h=-1&s=1,5.0 of 5 bubbles,Excellent !,77,Please do visit the Almonds Garden as I call it.. You will see almonds hanging on almond trees in the garden...,Apr 2015 • Couples,,,,2024-03-21T17:56:54Z
Badamwari Garden,Srinagar Jammu and Kashmir,g297623,d4310693,4.5,https://www.tripadvisor.com/ShowUserReviews-g297623-d4310693-r267266730-Badamwari_Garden-Srinagar_Srinagar_District_Kashmir_Jammu_and_Kashmir.html,https://dynamic-media-cdn.tripadvisor.com/media/photo-o/1a/f6/eb/e3/default-avatar-2020-59.jpg?w=100&h=-1&s=1,5.0 of 5 bubbles,Almond,11,It is one of the most beautiful  & well maintained garden from valley. It has got Tulips & all kind of flower beds.,Apr 2015 • Family,,,,2024-03-21T17:56:54Z
Badamwari Garden,Srinagar Jammu and Kashmir,g297623,d4310693,4.5,https://www.tripadvisor.com/ShowUserReviews-g297623-d4310693-r266757020-Badamwari_Garden-Srinagar_Srinagar_District_Kashmir_Jammu_and_Kashmir.html,https://dynamic-media-cdn.tripadvisor.com/media/photo-s/02/ae/9e/5b/rekhathaker.jpg?w=100&h=-1&s=1,4.0 of 5 bubbles,Beautiful Place,222,Its a garden with loads of Almond trees. Very well maintained and a beautiful garden to visit. The trees are planted very well and the view from the Akbar fort  is also excellent,Apr 2015 • Couples,,,,2024-03-21T17:56:54Z
Badamwari Garden,Srinagar Jammu and Kashmir,g297623,d4310693,4.5,https://www.tripadvisor.com/ShowUserReviews-g297623-d4310693-r266066856-Badamwari_Garden-Srinagar_Srinagar_District_Kashmir_Jammu_and_Kashmir.html,https://dynamic-media-cdn.tripadvisor.com/media/photo-o/06/40/41/0e/swamiji-drupad.jpg?w=100&h=-1&s=1,5.0 of 5 bubbles,Stunningly Clean,514,"Under the Fort of Akbar,this is an orchard of almonds.Beautifully maintained and beautifully laid,designed it is worth visiting. At sunset,one can visit fort with permission.",Apr 2015 • Friends,,,,2024-03-21T17:56:54Z
Badamwari Garden,Srinagar Jammu and Kashmir,g297623,d4310693,4.5,https://www.tripadvisor.com/ShowUserReviews-g297623-d4310693-r264404290-Badamwari_Garden-Srinagar_Srinagar_District_Kashmir_Jammu_and_Kashmir.html,https://dynamic-media-cdn.tripadvisor.com/media/photo-s/02/fb/38/47/niloy-12.jpg?w=100&h=-1&s=1,5.0 of 5 bubbles,Perfect garden during the flowering season,258,"This garden should be visited during the flowering season: late march to early april. It is a hidden gem, not touristy at all, yet one of the better maintained gardens. During the flowering season its as beautiful as Japanese cherry blossom - what more to say!!",Mar 2015 • Couples,,,,2024-03-21T17:56:54Z
Badamwari Garden,Srinagar Jammu and Kashmir,g297623,d4310693,4.5,https://www.tripadvisor.com/ShowUserReviews-g297623-d4310693-r257024914-Badamwari_Garden-Srinagar_Srinagar_District_Kashmir_Jammu_and_Kashmir.html,https://dynamic-media-cdn.tripadvisor.com/media/photo-o/11/14/22/9b/soumya-chatterjee.jpg?w=100&h=-1&s=1,5.0 of 5 bubbles,Best Garden in Srinagar,103,Though Badamwari garden is not so famous like Mughal gardens / Shalimar Gardens but in my opinion it is the most maintained and beautiful garden in Srinagar.A Must visit place in Srinagar.,Jun 2014 • Family,,,,2024-03-21T17:56:54Z
Badamwari Garden,Srinagar Jammu and Kashmir,g297623,d4310693,4.5,https://www.tripadvisor.com/ShowUserReviews-g297623-d4310693-r254446782-Badamwari_Garden-Srinagar_Srinagar_District_Kashmir_Jammu_and_Kashmir.html,https://dynamic-media-cdn.tripadvisor.com/media/photo-o/1a/f6/eb/e3/default-avatar-2020-59.jpg?w=100&h=-1&s=1,5.0 of 5 bubbles,Awesome,504,This is one of the hidden gem in Srinagar. Very beautiful & well maintained garden of almond trees. Must visit place in srinagar,May 2014 • Couples,,,,2024-03-21T17:56:54Z
Badamwari Garden,Srinagar Jammu and Kashmir,g297623,d4310693,4.5,https://www.tripadvisor.com/ShowUserReviews-g297623-d4310693-r253809588-Badamwari_Garden-Srinagar_Srinagar_District_Kashmir_Jammu_and_Kashmir.html,https://dynamic-media-cdn.tripadvisor.com/media/photo-o/1a/f6/ea/2e/default-avatar-2020-67.jpg?w=100&h=-1&s=1,5.0 of 5 bubbles,watch almond flowers bloom,6,go to this garden during early spring and you will be amazed to see the beauty of the almond flowers blooming.. located very near to old city..,May 2014 • Solo,,,,2024-03-21T17:56:54Z
Badamwari Garden,Srinagar Jammu and Kashmir,g297623,d4310693,4.5,https://www.tripadvisor.com/ShowUserReviews-g297623-d4310693-r252684220-Badamwari_Garden-Srinagar_Srinagar_District_Kashmir_Jammu_and_Kashmir.html,https://dynamic-media-cdn.tripadvisor.com/media/photo-o/1a/f6/de/5a/default-avatar-2020-36.jpg?w=100&h=-1&s=1,5.0 of 5 bubbles,Excellent,424,One of the most beautiful and well maintained garden in Srinagar. Lot of almonds trees all around the garden. Must visit place.,May 2014 • Couples,,,,2024-03-21T17:56:54Z
