names,address,geo_id,hotel_id,rating,url,profile_image,review_score,review_heading,profile_contr,review_body,date_of_stay,company_responder,company_response,company_response_date,timestamp
Shah E Hamdan R.H Mosque,Srinagar Jammu and Kashmir,g297623,d501151,4.5,https://www.tripadvisor.com/ShowUserReviews-g297623-d501151-r941903895-Shah_E_Hamdan_R_H_Mosque-Srinagar_Srinagar_District_Kashmir_Jammu_and_Kashmir.html,https://dynamic-media-cdn.tripadvisor.com/media/photo-o/1a/f6/ee/db/default-avatar-2020-10.jpg?w=100&h=-1&s=1,1.0 of 5 bubbles,Non muslims are not allowed inside.,7,"I went inside the mosque and was told non muslims are not allowed inside. The caretaker inside the mosque who told me this said he will however make an exception and shook my hand. He then requested if I can offer some money as he distributes money among the poor and he asked for Rs 200. I offered him 50 and walked away.Thinking back, I should have given this money to the donation box. When I went back to the car, my muslim driver told me this is not true and non muslims are allowed inside.I have gone through the reviews and it seems it is true non muslims are not allowed inside. It is best to respect peoples sentiments, hence its best for non muslims to not go insideand if you wish to donate anything just put the money in the donation box.",Mar 2024 • Family,,,,2024-03-21T18:22:58Z
Shah E Hamdan R.H Mosque,Srinagar Jammu and Kashmir,g297623,d501151,4.5,https://www.tripadvisor.com/ShowUserReviews-g297623-d501151-r927545350-Shah_E_Hamdan_R_H_Mosque-Srinagar_Srinagar_District_Kashmir_Jammu_and_Kashmir.html,https://dynamic-media-cdn.tripadvisor.com/media/photo-s/03/07/20/fc/travellingtote.jpg?w=100&h=-1&s=1,5.0 of 5 bubbles,A living history monument ,38,"The most beautiful space in Srinagar that brings inner peace, this shrine of the patron saint of all crafts of Kashmir is a must visit for all those keen on knowing the historical and cultural context of Kashmir",Nov 2023 • Solo,,,,2024-03-21T18:22:58Z
Shah E Hamdan R.H Mosque,Srinagar Jammu and Kashmir,g297623,d501151,4.5,https://www.tripadvisor.com/ShowUserReviews-g297623-d501151-r922027069-Shah_E_Hamdan_R_H_Mosque-Srinagar_Srinagar_District_Kashmir_Jammu_and_Kashmir.html,https://dynamic-media-cdn.tripadvisor.com/media/photo-o/1a/f6/f1/b8/default-avatar-2020-22.jpg?w=100&h=-1&s=1,3.0 of 5 bubbles,Not allowed to enter,614,"As we are not Muslim, we were allowed to peek inside through a window. Very nice decorations inside. Could not see much though so it was a disappointing trip. OK if you are in the area for something else, otherwise skippable.",Oct 2023 • Family,,,,2024-03-21T18:22:58Z
Shah E Hamdan R.H Mosque,Srinagar Jammu and Kashmir,g297623,d501151,4.5,https://www.tripadvisor.com/ShowUserReviews-g297623-d501151-r917625981-Shah_E_Hamdan_R_H_Mosque-Srinagar_Srinagar_District_Kashmir_Jammu_and_Kashmir.html,https://dynamic-media-cdn.tripadvisor.com/media/photo-s/03/c3/77/e8/honeygatherer.jpg?w=100&h=-1&s=1,1.0 of 5 bubbles,Was told non Muslims not allowed,287,"I asked my Kashmiri Muslim driver whether there were any restrictions. He said only for women. Inside I experienced the atmosphere for a few moments . As I was leaving a man sitting there snapped his fingers and jerked his hand in a sign pointing to the door which clearly meant get out, in the rudest possible way . Then he kept snapping his fingers and making the same gesture . Startled I asked him what   with my hand . I asked my driver to come back with me and talk to the man . But he enquired from several people outside and was told that non Muslims were not allowed inside . The mosque has a unique  look  and feel about it - quite different from the Jama masjid and the many other mosques I have visited all  over . There is  no courtyard for one thing . The facade is special and transports one to the Arab world - the wood is typical of Kashmir . Inside it  felt mediaeval  .  It is in the crowded bye lanes of the Old City .",Sep 2023 • Solo,,,,2024-03-21T18:22:58Z
Shah E Hamdan R.H Mosque,Srinagar Jammu and Kashmir,g297623,d501151,4.5,https://www.tripadvisor.com/ShowUserReviews-g297623-d501151-r907028385-Shah_E_Hamdan_R_H_Mosque-Srinagar_Srinagar_District_Kashmir_Jammu_and_Kashmir.html,https://dynamic-media-cdn.tripadvisor.com/media/photo-o/16/17/f3/f7/shiraziwine.jpg?w=100&h=-1&s=1,3.0 of 5 bubbles,History,410,This place is mostly important because of its history than architectural points. The Shah Hamdan was a famous islamic messenger in Kashmir.,Jun-23,,,,2024-03-21T18:22:58Z
Shah E Hamdan R.H Mosque,Srinagar Jammu and Kashmir,g297623,d501151,4.5,https://www.tripadvisor.com/ShowUserReviews-g297623-d501151-r899724202-Shah_E_Hamdan_R_H_Mosque-Srinagar_Srinagar_District_Kashmir_Jammu_and_Kashmir.html,https://dynamic-media-cdn.tripadvisor.com/media/photo-o/0d/49/49/f3/ks-hc.jpg?w=100&h=-1&s=1,4.0 of 5 bubbles,A very nice mosque,253,"A very nice mosque. Originally 700 years old but the current structure dates from 18th century. Extensively decorated externally and brightly lit inside with huge chandeliers. A welcoming friendly mosque, no photo-graphs when inside the mosque which is fine but they will point to a side window where you can take photographs of the interior.",Jun 2023 • Couples,,,,2024-03-21T18:22:58Z
Shah E Hamdan R.H Mosque,Srinagar Jammu and Kashmir,g297623,d501151,4.5,https://www.tripadvisor.com/ShowUserReviews-g297623-d501151-r860439850-Shah_E_Hamdan_R_H_Mosque-Srinagar_Srinagar_District_Kashmir_Jammu_and_Kashmir.html,https://dynamic-media-cdn.tripadvisor.com/media/photo-o/29/4a/88/bb/divya7.jpg?w=100&h=-1&s=1,5.0 of 5 bubbles,Ornate paper machie doorways,224,Shah-e-Hamadan Masjid was first built in 1395 AD in the memory of Mir Sayyid Ali Hamadani who brought Islam to Kashmir. The present structure is wooden and decorated with ornate chandeliers and paper machine embellishments.,Jun-22,,,,2024-03-21T18:22:58Z
Shah E Hamdan R.H Mosque,Srinagar Jammu and Kashmir,g297623,d501151,4.5,https://www.tripadvisor.com/ShowUserReviews-g297623-d501151-r860406890-Shah_E_Hamdan_R_H_Mosque-Srinagar_Srinagar_District_Kashmir_Jammu_and_Kashmir.html,https://dynamic-media-cdn.tripadvisor.com/media/photo-o/1a/f6/e7/fe/default-avatar-2020-58.jpg?w=100&h=-1&s=1,5.0 of 5 bubbles,Must visit in Srinagar,15,"Unique place, full of history and antiquity.  The river flowing at the back was interesting and architecture is so unique to Kashmir. A must visit place in Srinagar.",Jul-22,,,,2024-03-21T18:22:58Z
Shah E Hamdan R.H Mosque,Srinagar Jammu and Kashmir,g297623,d501151,4.5,https://www.tripadvisor.com/ShowUserReviews-g297623-d501151-r835664280-Shah_E_Hamdan_R_H_Mosque-Srinagar_Srinagar_District_Kashmir_Jammu_and_Kashmir.html,https://dynamic-media-cdn.tripadvisor.com/media/photo-o/07/44/b6/a5/ghoshs1.jpg?w=100&h=-1&s=1,5.0 of 5 bubbles,Must Visit,869,This Khanqah is located in downtown by the Jhelum. Intricate interiors with detailed work. For Hindu's go down to the Jhelum and pray at the Vermilon Wall which is also visible from the iron gates (which are likely to be closed) This is the spot where an old Kali Temple was located prior to it being demolished.,Apr-22,,,,2024-03-21T18:22:58Z
Shah E Hamdan R.H Mosque,Srinagar Jammu and Kashmir,g297623,d501151,4.5,https://www.tripadvisor.com/ShowUserReviews-g297623-d501151-r835119145-Shah_E_Hamdan_R_H_Mosque-Srinagar_Srinagar_District_Kashmir_Jammu_and_Kashmir.html,https://dynamic-media-cdn.tripadvisor.com/media/photo-s/03/05/60/de/aks78.jpg?w=100&h=-1&s=1,5.0 of 5 bubbles,A peaceful piece of history,136,"This is a lovely mosque in the old town of Srinagar. This doesn't form a part of the itinerary of tourist packages. But we took a walking tour with Kashmir walks which gave us an opportunity to learn about this monument. This is built in centuries ago and combines the architectural styles of Hinduism, Islam and Buddhism. A must see monument for those interested in history and culture.",Apr-22,,,,2024-03-21T18:22:58Z
Shah E Hamdan R.H Mosque,Srinagar Jammu and Kashmir,g297623,d501151,4.5,https://www.tripadvisor.com/ShowUserReviews-g297623-d501151-r700230276-Shah_E_Hamdan_R_H_Mosque-Srinagar_Srinagar_District_Kashmir_Jammu_and_Kashmir.html,https://dynamic-media-cdn.tripadvisor.com/media/photo-o/1a/f6/e7/fe/default-avatar-2020-58.jpg?w=100&h=-1&s=1,4.0 of 5 bubbles,Holy place for Islam,454,You can see great artwork of wooden carving in Shah-e-Hamdan. This is a holy place for Islam. So you can only enter in this building upto some section if you are a Muslim. Backside of this building you can see beautiful Jhelum River.,Sep-18,,,,2024-03-21T18:23:00Z
Shah E Hamdan R.H Mosque,Srinagar Jammu and Kashmir,g297623,d501151,4.5,https://www.tripadvisor.com/ShowUserReviews-g297623-d501151-r689803341-Shah_E_Hamdan_R_H_Mosque-Srinagar_Srinagar_District_Kashmir_Jammu_and_Kashmir.html,https://dynamic-media-cdn.tripadvisor.com/media/photo-o/1a/f6/f2/59/default-avatar-2020-24.jpg?w=100&h=-1&s=1,5.0 of 5 bubbles,old mosque,8,this mosque had a good atmosphere. the oldest one in srinagar. it has old wooden building that made it nice,Jul 2019 • Couples,,,,2024-03-21T18:23:00Z
Shah E Hamdan R.H Mosque,Srinagar Jammu and Kashmir,g297623,d501151,4.5,https://www.tripadvisor.com/ShowUserReviews-g297623-d501151-r670396955-Shah_E_Hamdan_R_H_Mosque-Srinagar_Srinagar_District_Kashmir_Jammu_and_Kashmir.html,https://dynamic-media-cdn.tripadvisor.com/media/photo-o/1d/13/a6/90/nizamuddeen.jpg?w=100&h=-1&s=1,5.0 of 5 bubbles,Simply Magnificent! ,7,Amazing Persian Architecture! Peaceful & Mesmerizing Place! One must visit this place for feeling closeness to Allah!,Apr 2019 • Family,,,,2024-03-21T18:23:00Z
Shah E Hamdan R.H Mosque,Srinagar Jammu and Kashmir,g297623,d501151,4.5,https://www.tripadvisor.com/ShowUserReviews-g297623-d501151-r668825436-Shah_E_Hamdan_R_H_Mosque-Srinagar_Srinagar_District_Kashmir_Jammu_and_Kashmir.html,https://dynamic-media-cdn.tripadvisor.com/media/photo-o/1a/f6/eb/a3/default-avatar-2020-38.jpg?w=100&h=-1&s=1,5.0 of 5 bubbles,Kashmiri Islamic heritage,7,The ancient building depicts a rich Islamic heritage. The details in the interior leaves you mesmerized. The khadems (keepers) are very good in approaching. They even offered me lunch which was delicious. The little boys I met on the premise were so friendly. I felt like being in home. I just love the atmosphere & the good people I've met over there.,Apr 2019 • Solo,,,,2024-03-21T18:23:00Z
Shah E Hamdan R.H Mosque,Srinagar Jammu and Kashmir,g297623,d501151,4.5,https://www.tripadvisor.com/ShowUserReviews-g297623-d501151-r663901369-Shah_E_Hamdan_R_H_Mosque-Srinagar_Srinagar_District_Kashmir_Jammu_and_Kashmir.html,https://dynamic-media-cdn.tripadvisor.com/media/photo-o/1a/f6/e9/bb/default-avatar-2020-65.jpg?w=100&h=-1&s=1,5.0 of 5 bubbles,beautiful  historic place,2,Very good place  in srinagar nice interior friendly  people many old houses in this part of srinagar I find some european tourists  who lives here very interesting  place,Feb 2019 • Friends,,,,2024-03-21T18:23:00Z
Shah E Hamdan R.H Mosque,Srinagar Jammu and Kashmir,g297623,d501151,4.5,https://www.tripadvisor.com/ShowUserReviews-g297623-d501151-r647491477-Shah_E_Hamdan_R_H_Mosque-Srinagar_Srinagar_District_Kashmir_Jammu_and_Kashmir.html,https://dynamic-media-cdn.tripadvisor.com/media/photo-o/13/e6/22/43/vibhuti-j.jpg?w=100&h=-1&s=1,5.0 of 5 bubbles,"A beautiful shrine,must visit",87,"Whenever I visit any mosque,My experience based on deep understanding and real feelings and One has to acknowledge that mosques are famous for their wonderfully designed structures..I visited,The Khanqah-e-Molla or Shah-e-Hamdan mosque,which is a one of the oldest Muslim shrines located on the banks of the river Jhelum in Srinagar city.First built in 1395 AD, it is the first oldest mosques in the Kashmir Valley.It is one of the best examples of Kashmiri wooden architecture and Believed to contain ""the secret of Allah"" - the Khanqah-e-Molla is an excellent example of wood architecture that draws inspiration from Buddhist, Hindu and Islamic styles decorated with papier mache and I love that paper work on the walls. People who love art and culture would love this place..",Jan 2019 • Solo,,,,2024-03-21T18:23:00Z
Shah E Hamdan R.H Mosque,Srinagar Jammu and Kashmir,g297623,d501151,4.5,https://www.tripadvisor.com/ShowUserReviews-g297623-d501151-r646250894-Shah_E_Hamdan_R_H_Mosque-Srinagar_Srinagar_District_Kashmir_Jammu_and_Kashmir.html,https://dynamic-media-cdn.tripadvisor.com/media/photo-o/17/ac/9b/da/jaeebhai.jpg?w=100&h=-1&s=1,5.0 of 5 bubbles,Place to Meditate and revere the great Saint,96,"Its a lovely place, we went there twice both time in the evenings. Serene and massive the interiors are worth studying at leisure. Take your time go there sit and meditate on the beautiful interiors. The external structure is a unique piece of architecture not found elsewhere in India.",Jan 2019 • Friends,,,,2024-03-21T18:23:00Z
Shah E Hamdan R.H Mosque,Srinagar Jammu and Kashmir,g297623,d501151,4.5,https://www.tripadvisor.com/ShowUserReviews-g297623-d501151-r625264446-Shah_E_Hamdan_R_H_Mosque-Srinagar_Srinagar_District_Kashmir_Jammu_and_Kashmir.html,https://dynamic-media-cdn.tripadvisor.com/media/photo-o/08/58/eb/43/fozjon.jpg?w=100&h=-1&s=1,5.0 of 5 bubbles,amazing,813,this is a gorgeous ancient mosque. We were in Srinagar years ago and were not taken here. I'm so glad the we got to visit on this trip.,Oct 2018 • Friends,,,,2024-03-21T18:23:00Z
Shah E Hamdan R.H Mosque,Srinagar Jammu and Kashmir,g297623,d501151,4.5,https://www.tripadvisor.com/ShowUserReviews-g297623-d501151-r618741769-Shah_E_Hamdan_R_H_Mosque-Srinagar_Srinagar_District_Kashmir_Jammu_and_Kashmir.html,https://dynamic-media-cdn.tripadvisor.com/media/photo-o/1a/f6/eb/a3/default-avatar-2020-38.jpg?w=100&h=-1&s=1,5.0 of 5 bubbles,Stunning mosque,38,Serene ancient  wooden mosque by the river. As non-Muslims we were welcome to walk around the mosque and view the stunning interior and intricately painted wooden walls.,Sep 2018 • Couples,,,,2024-03-21T18:23:00Z
Shah E Hamdan R.H Mosque,Srinagar Jammu and Kashmir,g297623,d501151,4.5,https://www.tripadvisor.com/ShowUserReviews-g297623-d501151-r612515226-Shah_E_Hamdan_R_H_Mosque-Srinagar_Srinagar_District_Kashmir_Jammu_and_Kashmir.html,https://dynamic-media-cdn.tripadvisor.com/media/photo-o/04/67/ee/1b/raja-p.jpg?w=100&h=-1&s=1,4.0 of 5 bubbles,very good,83,"The building is a beautiful model of wooden architecture of Kashmir, with engravings on walls. The sacred relics include the Prophet's flag, the pillar of the Prophet's tent, and Shah Hamadan's walking stick.",May 2018 • Family,,,,2024-03-21T18:23:00Z
Shah E Hamdan R.H Mosque,Srinagar Jammu and Kashmir,g297623,d501151,4.5,https://www.tripadvisor.com/ShowUserReviews-g297623-d501151-r610563760-Shah_E_Hamdan_R_H_Mosque-Srinagar_Srinagar_District_Kashmir_Jammu_and_Kashmir.html,https://dynamic-media-cdn.tripadvisor.com/media/photo-o/0d/22/6f/b9/jalal-i.jpg?w=100&h=-1&s=1,4.0 of 5 bubbles,old masjid,474,a very big and old-time masjid which was closed for a long time. located near the main road and u can easily spot it. no entry fees. pls wear a proper dress while visiting it and people offer prayers here.,Aug 2018 • Solo,,,,2024-03-21T18:23:01Z
Shah E Hamdan R.H Mosque,Srinagar Jammu and Kashmir,g297623,d501151,4.5,https://www.tripadvisor.com/ShowUserReviews-g297623-d501151-r578460166-Shah_E_Hamdan_R_H_Mosque-Srinagar_Srinagar_District_Kashmir_Jammu_and_Kashmir.html,https://dynamic-media-cdn.tripadvisor.com/media/photo-o/09/92/eb/7a/manishsarraf.jpg?w=100&h=-1&s=1,5.0 of 5 bubbles,Beautiful Architecture,569,"A wonderful architecture showing it's construction with lot of hard work, You can not miss during your tour to Srinagar.",Mar 2018 • Family,,,,2024-03-21T18:23:01Z
Shah E Hamdan R.H Mosque,Srinagar Jammu and Kashmir,g297623,d501151,4.5,https://www.tripadvisor.com/ShowUserReviews-g297623-d501151-r564236245-Shah_E_Hamdan_R_H_Mosque-Srinagar_Srinagar_District_Kashmir_Jammu_and_Kashmir.html,https://dynamic-media-cdn.tripadvisor.com/media/photo-o/1a/f6/f4/5d/default-avatar-2020-32.jpg?w=100&h=-1&s=1,5.0 of 5 bubbles,Islamic  Historical Architecture,12,The Mosque is a historical place with amazing Islamic Architecture. Beautiful papier Mache and wood craving work.The best way to visit this Mosque would be from Shikara ride and also you can see all the old bridges of Srinagar old town.,Jul 2017 • Couples,,,,2024-03-21T18:23:01Z
Shah E Hamdan R.H Mosque,Srinagar Jammu and Kashmir,g297623,d501151,4.5,https://www.tripadvisor.com/ShowUserReviews-g297623-d501151-r526913460-Shah_E_Hamdan_R_H_Mosque-Srinagar_Srinagar_District_Kashmir_Jammu_and_Kashmir.html,https://dynamic-media-cdn.tripadvisor.com/media/photo-o/1a/1b/5a/f5/trituty.jpg?w=100&h=-1&s=1,5.0 of 5 bubbles,Stops you in your tracks,136,"Will recommend if you are Muslim and for people who appreciate religious architecture. It is beautiful beyond all sense. Wanted to go on Saturday but the guide said it was closed due to a strike going on in the area. Went on Sunday instead. Totally safe, nothing out of the ordinary happened.",Sep 2017 • Couples,,,,2024-03-21T18:23:01Z
Shah E Hamdan R.H Mosque,Srinagar Jammu and Kashmir,g297623,d501151,4.5,https://www.tripadvisor.com/ShowUserReviews-g297623-d501151-r501823383-Shah_E_Hamdan_R_H_Mosque-Srinagar_Srinagar_District_Kashmir_Jammu_and_Kashmir.html,https://dynamic-media-cdn.tripadvisor.com/media/photo-o/17/37/87/27/ullaz230489.jpg?w=100&h=-1&s=1,4.0 of 5 bubbles,Wow,61,"It's a medieval mosque built by a Persian. It has a unique history that will be taught at the entrance. Non Muslims cannot enter, but they will help you view the inside.",Jun 2017 • Solo,,,,2024-03-21T18:23:01Z
Shah E Hamdan R.H Mosque,Srinagar Jammu and Kashmir,g297623,d501151,4.5,https://www.tripadvisor.com/ShowUserReviews-g297623-d501151-r456116955-Shah_E_Hamdan_R_H_Mosque-Srinagar_Srinagar_District_Kashmir_Jammu_and_Kashmir.html,https://dynamic-media-cdn.tripadvisor.com/media/photo-o/1a/f6/e3/1f/default-avatar-2020-46.jpg?w=100&h=-1&s=1,5.0 of 5 bubbles,Nice,4,"Hotel Royal Bahar is situated in the heart of the City in Srinagar,HOTEL ROYAL BAHAR  is one of the best  hotel in srinagar located at the Heart of City We always provide best and valuable Hospitality to our Customers, I personally meet them  to provide the all the required stuffs, I always have win trust in the hearts of all visited clients so far and will be doing same, I recommend different places to visit which people have not seen through out live, So, visit Kashmir and feel the life of Paradise…For Honeymooners, there is a choice from Sonamar, Gulmarg ,Pahlagam & Srinagar or even a combination of All three. For an individual weekender or an offsite Corporate get-togethers or those companies seeking weekend destinations for a serious meeting or meeting cum pleasure, we have got None other than the Capital-Srinagar itself. For the spiritually oriented, one can choose any of the destinations to be combined from Jammu/Katra/Amarnath (July & Aug) for the complete salvation. Or You can always ask for our 24X7 Hotline advice to choose or combine any of the destinations with the other one.",Jan-17,,,,2024-03-21T18:23:01Z
Shah E Hamdan R.H Mosque,Srinagar Jammu and Kashmir,g297623,d501151,4.5,https://www.tripadvisor.com/ShowUserReviews-g297623-d501151-r448850719-Shah_E_Hamdan_R_H_Mosque-Srinagar_Srinagar_District_Kashmir_Jammu_and_Kashmir.html,https://dynamic-media-cdn.tripadvisor.com/media/photo-o/0e/05/54/29/srikanth-k.jpg?w=100&h=-1&s=1,4.0 of 5 bubbles,Serene,8,The place is very peaceful and tranquilizing. A good place if you have a love for history or spirituality.,Dec 2016 • Friends,,,,2024-03-21T18:23:01Z
Shah E Hamdan R.H Mosque,Srinagar Jammu and Kashmir,g297623,d501151,4.5,https://www.tripadvisor.com/ShowUserReviews-g297623-d501151-r446914921-Shah_E_Hamdan_R_H_Mosque-Srinagar_Srinagar_District_Kashmir_Jammu_and_Kashmir.html,https://dynamic-media-cdn.tripadvisor.com/media/photo-o/1a/f6/e3/1f/default-avatar-2020-46.jpg?w=100&h=-1&s=1,5.0 of 5 bubbles,Beautiful Historical Architecture,81,One of the oldest mosques in Srinagar this is worth a visit. The Mosque is a historical place with amazing Islamic Architecture. Beautiful woodwork.,Oct-16,,,,2024-03-21T18:23:01Z
Shah E Hamdan R.H Mosque,Srinagar Jammu and Kashmir,g297623,d501151,4.5,https://www.tripadvisor.com/ShowUserReviews-g297623-d501151-r394671892-Shah_E_Hamdan_R_H_Mosque-Srinagar_Srinagar_District_Kashmir_Jammu_and_Kashmir.html,https://dynamic-media-cdn.tripadvisor.com/media/photo-o/15/a6/64/b2/caption.jpg?w=100&h=-1&s=1,1.0 of 5 bubbles,OK kind,143,It was very OK kind... Kids didn't like much... Architecture was Average type.......But as per religion matter yes it is worth visit,Jun 2016 • Family,,,,2024-03-21T18:23:01Z
Shah E Hamdan R.H Mosque,Srinagar Jammu and Kashmir,g297623,d501151,4.5,https://www.tripadvisor.com/ShowUserReviews-g297623-d501151-r393212929-Shah_E_Hamdan_R_H_Mosque-Srinagar_Srinagar_District_Kashmir_Jammu_and_Kashmir.html,https://dynamic-media-cdn.tripadvisor.com/media/photo-o/1a/f6/e6/ea/default-avatar-2020-54.jpg?w=100&h=-1&s=1,4.0 of 5 bubbles,Don't miss this attraction,153,We were very glad when our guide took us to see this beautiful wooden mosque which was so much more impressive that Jama Majid. The caretaker was very welcoming and explained about the history of the mosque and showed us where we could take photographs. The carvings and design are truly worth the visit.,Jul 2016 • Family,,,,2024-03-21T18:23:01Z
Shah E Hamdan R.H Mosque,Srinagar Jammu and Kashmir,g297623,d501151,4.5,https://www.tripadvisor.com/ShowUserReviews-g297623-d501151-r380488355-Shah_E_Hamdan_R_H_Mosque-Srinagar_Srinagar_District_Kashmir_Jammu_and_Kashmir.html,https://dynamic-media-cdn.tripadvisor.com/media/photo-o/08/ee/6c/dd/almointours.jpg?w=100&h=-1&s=1,5.0 of 5 bubbles,"Mastic look,",3,"Unique architect,speaks for itself.Worth to visit. Truly magnificent, Full of God feelings. This Majestic Shine is a historic one.In side on walls Arabic is carved on wood panels.Its architect is linked with Gompas of Ladakh. All made of only wood. This is famous shrine of Muslims in Kashmir.From this place MIR SYED ALI HAMDANI preached ISLAM to conman people of Kashmir.",Jun-16,,,,2024-03-21T18:23:03Z
Shah E Hamdan R.H Mosque,Srinagar Jammu and Kashmir,g297623,d501151,4.5,https://www.tripadvisor.com/ShowUserReviews-g297623-d501151-r379509894-Shah_E_Hamdan_R_H_Mosque-Srinagar_Srinagar_District_Kashmir_Jammu_and_Kashmir.html,https://dynamic-media-cdn.tripadvisor.com/media/photo-o/1a/f6/df/99/default-avatar-2020-40.jpg?w=100&h=-1&s=1,4.0 of 5 bubbles,Must visit for people who love history,113,This is not on routine tourist map of Srinagar. About 700 yr old structure is made up of wood. Interior is done beautifully by papier mache work & wonderful traditional kashmiri paintings. Definetly worth visiting. Non-muslims are not allowed to go deep into the shrine but one is allowed to enter & admire the work just after entering the door.,May 2016 • Couples,,,,2024-03-21T18:23:03Z
Shah E Hamdan R.H Mosque,Srinagar Jammu and Kashmir,g297623,d501151,4.5,https://www.tripadvisor.com/ShowUserReviews-g297623-d501151-r378514481-Shah_E_Hamdan_R_H_Mosque-Srinagar_Srinagar_District_Kashmir_Jammu_and_Kashmir.html,https://dynamic-media-cdn.tripadvisor.com/media/photo-o/1a/f6/f1/b8/default-avatar-2020-22.jpg?w=100&h=-1&s=1,4.0 of 5 bubbles,A Very beautiful mosque,154,"This was not on our itinerary but I am so glad we saw it. The mosque is decorated within with papier mache and traditional Kashmiri paintings. Absolutely beautiful. The old man is quite happy to take you inside to photograph the charming painted walls & ceilings - for a tip , of course and provided you are not a female! Nevertheless it is worth visiting . As a woman you can peep in from the window or encircle it outside. Great photo opportunities.",May 2016 • Couples,,,,2024-03-21T18:23:03Z
Shah E Hamdan R.H Mosque,Srinagar Jammu and Kashmir,g297623,d501151,4.5,https://www.tripadvisor.com/ShowUserReviews-g297623-d501151-r378149746-Shah_E_Hamdan_R_H_Mosque-Srinagar_Srinagar_District_Kashmir_Jammu_and_Kashmir.html,https://dynamic-media-cdn.tripadvisor.com/media/photo-o/1a/f6/e8/5b/default-avatar-2020-61.jpg?w=100&h=-1&s=1,5.0 of 5 bubbles,beautiful architecture and culture,51,"A wonderful sight - walk all the way around to marvel at this building, and peak inside the door to appreciate the paper-mache ceilings and other decoration and the people in prayer",May 2016 • Solo,,,,2024-03-21T18:23:03Z
Shah E Hamdan R.H Mosque,Srinagar Jammu and Kashmir,g297623,d501151,4.5,https://www.tripadvisor.com/ShowUserReviews-g297623-d501151-r374722128-Shah_E_Hamdan_R_H_Mosque-Srinagar_Srinagar_District_Kashmir_Jammu_and_Kashmir.html,https://dynamic-media-cdn.tripadvisor.com/media/photo-o/0b/af/2d/8c/kashmirthroughmylens.jpg?w=100&h=-1&s=1,5.0 of 5 bubbles,Grandeur of Khanqah!,33,Apparently the oldest mosque of Srinagar. This mosque is a masterpiece with beautiful woodwork carvings and painting on the walls. The mosque is locally knows as Khanqah and is situated by the banks of Jhelum river in the old city of Srinagar. A must visit place for the history lovers!,Dec-15,,,,2024-03-21T18:23:03Z
Shah E Hamdan R.H Mosque,Srinagar Jammu and Kashmir,g297623,d501151,4.5,https://www.tripadvisor.com/ShowUserReviews-g297623-d501151-r374547444-Shah_E_Hamdan_R_H_Mosque-Srinagar_Srinagar_District_Kashmir_Jammu_and_Kashmir.html,https://dynamic-media-cdn.tripadvisor.com/media/photo-o/1a/f6/f2/59/default-avatar-2020-24.jpg?w=100&h=-1&s=1,4.0 of 5 bubbles,Beautiful architecture,12,"It's another non touristy place in the old city.This way you get to feel the real Kashmir on the way to the mosque.Keeping traditions in mind,women must wear a scarf to enter the mosque.I didn't have one and a local girl in the mosque gave me one to wear.The art work is similar to the ones you find on paper mache which is famous in Kashmir.Its made up of wood mostly.",May 2016 • Family,,,,2024-03-21T18:23:03Z
Shah E Hamdan R.H Mosque,Srinagar Jammu and Kashmir,g297623,d501151,4.5,https://www.tripadvisor.com/ShowUserReviews-g297623-d501151-r368365984-Shah_E_Hamdan_R_H_Mosque-Srinagar_Srinagar_District_Kashmir_Jammu_and_Kashmir.html,https://dynamic-media-cdn.tripadvisor.com/media/photo-o/1a/f6/e8/91/default-avatar-2020-62.jpg?w=100&h=-1&s=1,5.0 of 5 bubbles,architectural gem,14,"It was by pure luck that i was passing by and made a pit stop at this mosque. This mosque is a gem. 900yr old, all wood and full of intricate carvings. The more you study it, the more you appreciate it. Truly a marvel. Note that the women are prohibited inside.",Aug 2015 • Solo,,,,2024-03-21T18:23:03Z
Shah E Hamdan R.H Mosque,Srinagar Jammu and Kashmir,g297623,d501151,4.5,https://www.tripadvisor.com/ShowUserReviews-g297623-d501151-r366602668-Shah_E_Hamdan_R_H_Mosque-Srinagar_Srinagar_District_Kashmir_Jammu_and_Kashmir.html,https://dynamic-media-cdn.tripadvisor.com/media/photo-o/1a/f6/e7/99/default-avatar-2020-57.jpg?w=100&h=-1&s=1,4.0 of 5 bubbles,An architectural gem,239,"This mosque is a gem. 900yr old, all wood and full of intricate carvings. The more you study it, the more you appreciate it. Truly a marvel.",Apr 2016 • Family,,,,2024-03-21T18:23:03Z
Shah E Hamdan R.H Mosque,Srinagar Jammu and Kashmir,g297623,d501151,4.5,https://www.tripadvisor.com/ShowUserReviews-g297623-d501151-r366545254-Shah_E_Hamdan_R_H_Mosque-Srinagar_Srinagar_District_Kashmir_Jammu_and_Kashmir.html,https://dynamic-media-cdn.tripadvisor.com/media/photo-o/1a/f6/df/2b/default-avatar-2020-39.jpg?w=100&h=-1&s=1,4.0 of 5 bubbles,Awesome Place.,15,"Very beautiful old place. Shah e-Hamdan shrine is very peaceful and art design. This place contains a a copy of Quran dated 400 years old.  It can be found in a glass just next to the Shrine. Some people works in the Shrine might be annoying asking for donations every time, So get ready for this. The are outside the Shrrine is also nice to walk around and see all the small small shops plus the river downstairs.",Oct 2015 • Solo,,,,2024-03-21T18:23:03Z
Shah E Hamdan R.H Mosque,Srinagar Jammu and Kashmir,g297623,d501151,4.5,https://www.tripadvisor.com/ShowUserReviews-g297623-d501151-r365934190-Shah_E_Hamdan_R_H_Mosque-Srinagar_Srinagar_District_Kashmir_Jammu_and_Kashmir.html,https://dynamic-media-cdn.tripadvisor.com/media/photo-o/21/88/7b/21/koshir.jpg?w=100&h=-1&s=1,5.0 of 5 bubbles,An architectural Marvel in Old City.,33,"The Khanqah mosque, also known as the “Shahi Hamdan Masjid, sits on the right bank of the river Jhelum between the third and fourth bridges of Srinagar City. A completely wooden structure, whose chief aesthetic feature is its beautifully carved eaves and hanging bells, done by skilled Kashmiri wood carvers using time-honoured techniques.The interiors are richly carved and painted, and the antique chandeliers give it an air of opulence.The mosque was built in 1395 by Shah Sikandar- the then ruler of Kashmir, to commemorate the visit of Mir Sayyid Ali Hamdani, better known as Shah Hamdan.The  current structure, as seen today (except for the more recent cloisters), was sponsored by Abul Barkat Khan in 1732.",Aug 2015 • Friends,,,,2024-03-21T18:23:03Z
Shah E Hamdan R.H Mosque,Srinagar Jammu and Kashmir,g297623,d501151,4.5,https://www.tripadvisor.com/ShowUserReviews-g297623-d501151-r363247317-Shah_E_Hamdan_R_H_Mosque-Srinagar_Srinagar_District_Kashmir_Jammu_and_Kashmir.html,https://dynamic-media-cdn.tripadvisor.com/media/photo-o/1a/f6/e6/ea/default-avatar-2020-54.jpg?w=100&h=-1&s=1,5.0 of 5 bubbles,Wooden mosque,83,Prayers were in progress and none of our group entered the mosque. Viewed it through the jharokha to see the beauty of the wooden work inside.,Apr 2016 • Friends,,,,2024-03-21T18:23:05Z
Shah E Hamdan R.H Mosque,Srinagar Jammu and Kashmir,g297623,d501151,4.5,https://www.tripadvisor.com/ShowUserReviews-g297623-d501151-r344656616-Shah_E_Hamdan_R_H_Mosque-Srinagar_Srinagar_District_Kashmir_Jammu_and_Kashmir.html,https://dynamic-media-cdn.tripadvisor.com/media/photo-o/09/34/70/c0/peerzadafaiyazahmed.jpg?w=100&h=-1&s=1,5.0 of 5 bubbles,An excellent piece of Architecture and Solace.,52,"The mosque of Shah i Hamadan is also known as Khanqah-e-Moulla locally.This mosque is located exactly on the right bank of the River Jehlum or Vyeth.As per the history it was built by the king of Kashmir Shah Sikandar to commemorate the visit of Hazrat Syed Ali Hamadani, who came from Hamadan, Iraq and spread Islam in the valley along-with skilled masters who taught various trades to the locals who mastered them. It was destroyed by fire many times but rebuilt again to its present grandeur.The mosque is a very revered one amongst the local Muslims .",Jan-16,,,,2024-03-21T18:23:05Z
Shah E Hamdan R.H Mosque,Srinagar Jammu and Kashmir,g297623,d501151,4.5,https://www.tripadvisor.com/ShowUserReviews-g297623-d501151-r337147509-Shah_E_Hamdan_R_H_Mosque-Srinagar_Srinagar_District_Kashmir_Jammu_and_Kashmir.html,https://dynamic-media-cdn.tripadvisor.com/media/photo-o/07/fe/51/cc/nunun345.jpg?w=100&h=-1&s=1,5.0 of 5 bubbles,beautiful architecture,20,holy place .  A must visit this place and interior is awesome .It is located on the bank of Jehlum rievr,Jun 2015 • Family,,,,2024-03-21T18:23:05Z
Shah E Hamdan R.H Mosque,Srinagar Jammu and Kashmir,g297623,d501151,4.5,https://www.tripadvisor.com/ShowUserReviews-g297623-d501151-r329929356-Shah_E_Hamdan_R_H_Mosque-Srinagar_Srinagar_District_Kashmir_Jammu_and_Kashmir.html,https://dynamic-media-cdn.tripadvisor.com/media/photo-o/09/a3/43/d3/paradiseproductions.jpg?w=100&h=-1&s=1,5.0 of 5 bubbles,Eternal Peace,12,"The Most Revered Holy Sufi Shrine Of Shah i Hamdan (A.R) , a Place of must visit for eternal peace and soul ablution...",Nov-15,,,,2024-03-21T18:23:05Z
Shah E Hamdan R.H Mosque,Srinagar Jammu and Kashmir,g297623,d501151,4.5,https://www.tripadvisor.com/ShowUserReviews-g297623-d501151-r328989197-Shah_E_Hamdan_R_H_Mosque-Srinagar_Srinagar_District_Kashmir_Jammu_and_Kashmir.html,https://dynamic-media-cdn.tripadvisor.com/media/photo-o/08/62/9e/45/philip-r.jpg?w=100&h=-1&s=1,4.0 of 5 bubbles,Very Busy Mosque in the Heart of the Old City of Srinagar.,908,"This is a very old mosque beautifully preserved in the heart of the Old City. When we arrived, women were queuing for alms and our guide took us all around the outside. The mosque stands on the banks of the river which flooded a few years ago.We only stayed a while but it seemed a very hectic place and was a local hub  for the activities of the Old City which was closed to the general tourists both the day before and the day after our visit.",Nov 2015 • Couples,,,,2024-03-21T18:23:05Z
Shah E Hamdan R.H Mosque,Srinagar Jammu and Kashmir,g297623,d501151,4.5,https://www.tripadvisor.com/ShowUserReviews-g297623-d501151-r327795219-Shah_E_Hamdan_R_H_Mosque-Srinagar_Srinagar_District_Kashmir_Jammu_and_Kashmir.html,https://dynamic-media-cdn.tripadvisor.com/media/photo-o/1a/f6/e2/81/default-avatar-2020-43.jpg?w=100&h=-1&s=1,5.0 of 5 bubbles,Intricate and Lovely!,23,"From a distance, the Shah-e-Hamdan mosque is all sharp angles and extremely striking, thanks to its simple colour scheme of unpainted dark wood walls and malachite green multi-tier pagoda-like roofs crowned by an elegant steeple and finial. It is in the unique Kashmiri style of architecture and a change from the usual bulbous domes and thin minarets one usually associates with mosques.We entered the mosque grounds from the side, so were totally unprepared for the beguilingly lovely and ornately decorated covered front porch. Every surface and ceiling is lovingly and intricately painted like a giant's version of the painted papier mâché boxes, tables and screens Srinagar is famous for.We were allowed to enter the porch to enjoy this painted splendour and view the interior of the mosque through a window and the main door, and felt very privileged to be there. The interior is quite dark as the many chandeliers within were not lit, but we could see it was just as beautifully embellished as the porch. A walk around the side to the back revealed more loveliness in the form of another painted portico, entrance door and a small annexe facing the Jhelum River, of repeating sprigs or bouquets of flowers on a light background.This is a delightful jewel box of a building and well worth a visit.",Nov 2015 • Family,,,,2024-03-21T18:23:05Z
Shah E Hamdan R.H Mosque,Srinagar Jammu and Kashmir,g297623,d501151,4.5,https://www.tripadvisor.com/ShowUserReviews-g297623-d501151-r325839015-Shah_E_Hamdan_R_H_Mosque-Srinagar_Srinagar_District_Kashmir_Jammu_and_Kashmir.html,https://dynamic-media-cdn.tripadvisor.com/media/photo-o/1a/f6/e6/ea/default-avatar-2020-54.jpg?w=100&h=-1&s=1,2.0 of 5 bubbles,Visit but know its history,125,"Situated in the old part of the city, this building is the mosque/resting place of Shah Hamdani who conclusively Islamicised Kashmir valley. Non-Muslims are not allowed inside the main building but can peek and admire the works done on walls and the roof.This building is built on an old venerated Kalika devi temple. Till some decades back, Kashmiri Hindus would still worship the walls facing the river and smear sindoor on it as their homage to the deity",Oct 2015 • Solo,,,,2024-03-21T18:23:05Z
Shah E Hamdan R.H Mosque,Srinagar Jammu and Kashmir,g297623,d501151,4.5,https://www.tripadvisor.com/ShowUserReviews-g297623-d501151-r323357199-Shah_E_Hamdan_R_H_Mosque-Srinagar_Srinagar_District_Kashmir_Jammu_and_Kashmir.html,https://dynamic-media-cdn.tripadvisor.com/media/photo-s/02/38/9a/69/kolupalace.jpg?w=100&h=-1&s=1,5.0 of 5 bubbles,I Like visit to there always...........,16,"very old ,Historical Mosque situated at Bank of river, near by old city market Zaina kadal Srinagar ....",Sep-15,,,,2024-03-21T18:23:05Z
Shah E Hamdan R.H Mosque,Srinagar Jammu and Kashmir,g297623,d501151,4.5,https://www.tripadvisor.com/ShowUserReviews-g297623-d501151-r321059097-Shah_E_Hamdan_R_H_Mosque-Srinagar_Srinagar_District_Kashmir_Jammu_and_Kashmir.html,https://dynamic-media-cdn.tripadvisor.com/media/photo-o/0d/60/f2/a0/srinivasa-b.jpg?w=100&h=-1&s=1,3.0 of 5 bubbles,An old mosque,183,It is an active mosque with lots of people during preyed times. You can just peep in and see the architecture of the mosque. There are no display boards.,Oct 2015 • Friends,,,,2024-03-21T18:23:05Z
Shah E Hamdan R.H Mosque,Srinagar Jammu and Kashmir,g297623,d501151,4.5,https://www.tripadvisor.com/ShowUserReviews-g297623-d501151-r315005589-Shah_E_Hamdan_R_H_Mosque-Srinagar_Srinagar_District_Kashmir_Jammu_and_Kashmir.html,https://dynamic-media-cdn.tripadvisor.com/media/photo-o/1a/f6/e5/66/default-avatar-2020-53.jpg?w=100&h=-1&s=1,5.0 of 5 bubbles,Shah Hamdan - the first mosque of the valley,11,"Shah-e-Hamdan is located in Srinagar on the banks of the Jhelum near the Zaina Kadal area. I have been seeing this place since childhood as my maternal family home was in the vicinity. It is an iconic and beautiful piece of architecture with hand painted paper-machie interiors all over and ""khatambund"" work ceiling inside.The building was the first mosque in the valley, built in the honor of the religious leader from Hamadan in Iran who reportedly made three trips to Kashmir and brought with him craftsmen from Iran which brought in skills like paper-machie, shawl and carpet weaving, embroidery etc. The mosque was apparently a site of a hindu deity ""Kali"" and so the lower back wall of the temple from the river side is still accessed by old Kashmiri Pandits who say a short prayer as they visit the structure over a vermillion smeared wall on the river bank.Non-muslim men can only step into a small enclosure inside the door of the building to admire the place while women can do so only from the adjoining window. The building is also known as Khanaqah.",Sep 2015 • Family,,,,2024-03-21T18:23:05Z
Shah E Hamdan R.H Mosque,Srinagar Jammu and Kashmir,g297623,d501151,4.5,https://www.tripadvisor.com/ShowUserReviews-g297623-d501151-r310419729-Shah_E_Hamdan_R_H_Mosque-Srinagar_Srinagar_District_Kashmir_Jammu_and_Kashmir.html,https://dynamic-media-cdn.tripadvisor.com/media/photo-o/08/ee/a7/3a/faizan2007.jpg?w=100&h=-1&s=1,2.0 of 5 bubbles,Good place for religious activities,21,This is also one of the oldest shrines of KASHMIR but I won't count it in the tourist attraction it belongs religious part,Aug-15,,,,2024-03-21T18:23:06Z
Shah E Hamdan R.H Mosque,Srinagar Jammu and Kashmir,g297623,d501151,4.5,https://www.tripadvisor.com/ShowUserReviews-g297623-d501151-r310083277-Shah_E_Hamdan_R_H_Mosque-Srinagar_Srinagar_District_Kashmir_Jammu_and_Kashmir.html,https://dynamic-media-cdn.tripadvisor.com/media/photo-o/07/a4/e3/19/chandrashekarshenoy.jpg?w=100&h=-1&s=1,3.0 of 5 bubbles,good infrastructure,49,Our guide took us to this place. Standing across Jhelum river we had a good time after which we walked to the old srinagar trip.Good for a visit once.,Aug 2015 • Couples,,,,2024-03-21T18:23:06Z
Shah E Hamdan R.H Mosque,Srinagar Jammu and Kashmir,g297623,d501151,4.5,https://www.tripadvisor.com/ShowUserReviews-g297623-d501151-r307675145-Shah_E_Hamdan_R_H_Mosque-Srinagar_Srinagar_District_Kashmir_Jammu_and_Kashmir.html,https://dynamic-media-cdn.tripadvisor.com/media/photo-o/0b/07/53/34/kaynatsphotography.jpg?w=100&h=-1&s=1,5.0 of 5 bubbles,Doors open for all,162,This is a famous shrine among the Kashmiris.The doors are open for all.Any one can go & visit the place.People are nice & friendly.This shrine is situated on the bank of Jhelum river in down town.Ask an auto wala he will take you to this place.My tip:Must bargain with autowalas & do not buy stuff from the places he will take you.You can find good Kashmiri cloths from the shops near shrikrishna Dhaba at a reasonable price.,Sep 2015 • Family,,,,2024-03-21T18:23:06Z
Shah E Hamdan R.H Mosque,Srinagar Jammu and Kashmir,g297623,d501151,4.5,https://www.tripadvisor.com/ShowUserReviews-g297623-d501151-r306565203-Shah_E_Hamdan_R_H_Mosque-Srinagar_Srinagar_District_Kashmir_Jammu_and_Kashmir.html,https://dynamic-media-cdn.tripadvisor.com/media/photo-o/06/40/41/0e/swamiji-drupad.jpg?w=100&h=-1&s=1,4.0 of 5 bubbles,Old is as good as Gold,514,"Monument in old city,on the banks Jhelum,this is lovely blend of persian and ancient Dogra architecture. Building stands on huge logs of Deodars.Sculpting demands appreciation. A study for lovers of archeology and architecture. Its in a busy area,so choose off-hours.",Sep 2015 • Friends,,,,2024-03-21T18:23:06Z
Shah E Hamdan R.H Mosque,Srinagar Jammu and Kashmir,g297623,d501151,4.5,https://www.tripadvisor.com/ShowUserReviews-g297623-d501151-r306249146-Shah_E_Hamdan_R_H_Mosque-Srinagar_Srinagar_District_Kashmir_Jammu_and_Kashmir.html,https://dynamic-media-cdn.tripadvisor.com/media/photo-o/1c/2d/37/d7/hotel-sadaf.jpg?w=100&h=-1&s=1,5.0 of 5 bubbles,Amazing medieval architecture,58,"A trip using a taxi or local transport passing through lanes & by lanes of old Srinagar, will land you in front of this wooden architectural wonder. Seat of early Islamic learning where the late sufi saint Shahi Hamdaan is believed to have lessoned  hundreds of thousands of locals from the valley teaching them the basics of Islam. The saint moved to Kashmir(in 771 AH) with seven hundred of his followers.The King, who was among the first to become his follower  and the heir apparent, Qutub Uddin, received him warmly. His 700 followers who accompanied him included men of arts and crafts . They popularized Shawl-making, carpet-manufacturing, cloth-weaving, pottery and calligraphy, which brought about a revolution in the thinking process of the local Kashmiris. The skills and know-how he brought to Kashmir gave rise to a vibrant industry especially the world famous Kashmir shawls.",Oct 2014 • Friends,,,,2024-03-21T18:23:06Z
Shah E Hamdan R.H Mosque,Srinagar Jammu and Kashmir,g297623,d501151,4.5,https://www.tripadvisor.com/ShowUserReviews-g297623-d501151-r303714251-Shah_E_Hamdan_R_H_Mosque-Srinagar_Srinagar_District_Kashmir_Jammu_and_Kashmir.html,https://dynamic-media-cdn.tripadvisor.com/media/photo-o/1a/f6/f6/0d/default-avatar-2020-34.jpg?w=100&h=-1&s=1,5.0 of 5 bubbles,Seat of Power,122,"The place where the new ERA of Kashmir started. The power of religion could be seen here, where majority of people converted to Islam without a bit of force. You could see that attraction there.",Mar-15,,,,2024-03-21T18:23:06Z
Shah E Hamdan R.H Mosque,Srinagar Jammu and Kashmir,g297623,d501151,4.5,https://www.tripadvisor.com/ShowUserReviews-g297623-d501151-r300494689-Shah_E_Hamdan_R_H_Mosque-Srinagar_Srinagar_District_Kashmir_Jammu_and_Kashmir.html,https://dynamic-media-cdn.tripadvisor.com/media/photo-o/1a/f6/f1/79/default-avatar-2020-21.jpg?w=100&h=-1&s=1,5.0 of 5 bubbles,lovely mosque,12,"On the banks of Jhelum, a beautiful, old mosque. Don't miss this place and definitely worth a visit. You cant enter the mosque though.",Jul 2015 • Solo,,,,2024-03-21T18:23:06Z
Shah E Hamdan R.H Mosque,Srinagar Jammu and Kashmir,g297623,d501151,4.5,https://www.tripadvisor.com/ShowUserReviews-g297623-d501151-r298426012-Shah_E_Hamdan_R_H_Mosque-Srinagar_Srinagar_District_Kashmir_Jammu_and_Kashmir.html,https://dynamic-media-cdn.tripadvisor.com/media/photo-o/09/55/e0/b7/suheelmughal.jpg?w=100&h=-1&s=1,5.0 of 5 bubbles,Holy place,69,Its for those people intreated in religious and culture of kashmir. Shah-e-Hamdan one of the respected holy place in srinagar. Its a place where religions meets culture.,Apr 2015 • Friends,,,,2024-03-21T18:23:06Z
Shah E Hamdan R.H Mosque,Srinagar Jammu and Kashmir,g297623,d501151,4.5,https://www.tripadvisor.com/ShowUserReviews-g297623-d501151-r297772647-Shah_E_Hamdan_R_H_Mosque-Srinagar_Srinagar_District_Kashmir_Jammu_and_Kashmir.html,https://dynamic-media-cdn.tripadvisor.com/media/photo-o/1b/3b/5d/91/zagreus-z.jpg?w=100&h=-1&s=1,4.0 of 5 bubbles,the design of heaven,135,"It was such a heavenly dream: dreamed between the reality of war and the reality of hereditary madness.The landscape had been so maimed by this new kind of warfare it was as if human architects of great genius had sat down to plan hell, since no two of them could agree on  the design of heaven.",Jul 2015 • Solo,,,,2024-03-21T18:23:06Z
Shah E Hamdan R.H Mosque,Srinagar Jammu and Kashmir,g297623,d501151,4.5,https://www.tripadvisor.com/ShowUserReviews-g297623-d501151-r296222320-Shah_E_Hamdan_R_H_Mosque-Srinagar_Srinagar_District_Kashmir_Jammu_and_Kashmir.html,https://dynamic-media-cdn.tripadvisor.com/media/photo-o/06/91/10/a9/nisu-p.jpg?w=100&h=-1&s=1,5.0 of 5 bubbles,Beautiful,34,The architecture is beautiful.. Mesmerizing ... beautifully made .. you will find good interior with lot of jhumars/ hangings inside.,Jun 2015 • Couples,,,,2024-03-21T18:23:06Z
Shah E Hamdan R.H Mosque,Srinagar Jammu and Kashmir,g297623,d501151,4.5,https://www.tripadvisor.com/ShowUserReviews-g297623-d501151-r289090481-Shah_E_Hamdan_R_H_Mosque-Srinagar_Srinagar_District_Kashmir_Jammu_and_Kashmir.html,https://dynamic-media-cdn.tripadvisor.com/media/photo-o/2b/87/82/e8/arshadmian.jpg?w=100&h=-1&s=1,5.0 of 5 bubbles,Stunning,822,"Have been here dozens of times since my childhood. Never cease to get amazed by the physical and spiritual beauty of this place , something that is palpable from just approaching the place form outside. THis is one of the oldest shrines, located on the banks of the river Jehlum, and the workmanship from inside and out (mostly made of wood) is something to behold, The intricate paper mache designs, the wood work, the harmonious symmetrical layout, and the antique feel where you feel taken back in time is amazing. One must spend time inside, as it is just so very peaceful.",Aug 2014 • Solo,,,,2024-03-21T18:23:07Z
Shah E Hamdan R.H Mosque,Srinagar Jammu and Kashmir,g297623,d501151,4.5,https://www.tripadvisor.com/ShowUserReviews-g297623-d501151-r282762388-Shah_E_Hamdan_R_H_Mosque-Srinagar_Srinagar_District_Kashmir_Jammu_and_Kashmir.html,https://dynamic-media-cdn.tripadvisor.com/media/photo-o/1a/f6/ea/74/default-avatar-2020-68.jpg?w=100&h=-1&s=1,4.0 of 5 bubbles,a great seat of Sufi,9,"This is the place where Shah Hamdan used to teach his followers the art of spirituality and science of craftmanship, situated on the bank of river Jhellum",Jun 2015 • Family,,,,2024-03-21T18:23:07Z
Shah E Hamdan R.H Mosque,Srinagar Jammu and Kashmir,g297623,d501151,4.5,https://www.tripadvisor.com/ShowUserReviews-g297623-d501151-r282508918-Shah_E_Hamdan_R_H_Mosque-Srinagar_Srinagar_District_Kashmir_Jammu_and_Kashmir.html,https://dynamic-media-cdn.tripadvisor.com/media/photo-o/07/28/e5/fa/whateveriv.jpg?w=100&h=-1&s=1,5.0 of 5 bubbles,Stunning Architectural Detail,114,"This mosque was incredible, mostly made of wood, the women's room is just beyond compare with paper mache designs/tiles, all different. Again I was there during Ramadan..so peaceful, a  must.",Jun-15,,,,2024-03-21T18:23:07Z
Shah E Hamdan R.H Mosque,Srinagar Jammu and Kashmir,g297623,d501151,4.5,https://www.tripadvisor.com/ShowUserReviews-g297623-d501151-r282307391-Shah_E_Hamdan_R_H_Mosque-Srinagar_Srinagar_District_Kashmir_Jammu_and_Kashmir.html,https://dynamic-media-cdn.tripadvisor.com/media/photo-o/15/77/b5/1e/travel-vibes-india.jpg?w=100&h=-1&s=1,4.0 of 5 bubbles,A beautiful muslim shrine,279,"The Shrine of Shah-e-Hamdan or Khanqah e Moulla is situated on the banks of Jhelum River. Considered one of the oldest Muslim Shrines in Kashmir, it offers a peaceful ambience to tourists. The scenic beauty surrounding this shrine makes it even more beautiful.The roofs are in the form of pyramids. There double-arcaded verandahs that deserve a special mention. These verandahs run all around the building in the first tier. There is an arcaded balcony extending on all the four sides of the second tier.",Jul 2014 • Family,,,,2024-03-21T18:23:07Z
Shah E Hamdan R.H Mosque,Srinagar Jammu and Kashmir,g297623,d501151,4.5,https://www.tripadvisor.com/ShowUserReviews-g297623-d501151-r281738903-Shah_E_Hamdan_R_H_Mosque-Srinagar_Srinagar_District_Kashmir_Jammu_and_Kashmir.html,https://dynamic-media-cdn.tripadvisor.com/media/photo-o/1a/f6/7c/01/default-avatar-2020-5.jpg?w=100&h=-1&s=1,5.0 of 5 bubbles,An amazing work of architecture,245,"The Shah-e-Hamdan mosque is also known as the Khanqah mosque. It is located on the bank of river Jhelum in downtown Srinagar. Made almost entirely of wood, the mosque is an amazing architectural structure. Shah Hamdan was the person responsible for bringing Islam to Kashmir. This mosque has been built as a tribute to him.It represents a fusion of craftsmanship and architectural styles unseen anywhere else. Motifs display a mix of Hindu, Tibetan (Buddhist) and Islamic (persian) influence. It has been through a couple of fire incidents and the rebuilt structure clearly displays the architectural influence of the period.The ceiling is done in khatamband style. The main hall is decorated in paper mache patterns. In all the structure is awe inspiring.",Jul 2014 • Family,,,,2024-03-21T18:23:07Z
Shah E Hamdan R.H Mosque,Srinagar Jammu and Kashmir,g297623,d501151,4.5,https://www.tripadvisor.com/ShowUserReviews-g297623-d501151-r281654575-Shah_E_Hamdan_R_H_Mosque-Srinagar_Srinagar_District_Kashmir_Jammu_and_Kashmir.html,https://dynamic-media-cdn.tripadvisor.com/media/photo-o/1a/f6/f2/11/default-avatar-2020-23.jpg?w=100&h=-1&s=1,5.0 of 5 bubbles,sahe hamdan knownly well as khankahi moulla situated on the banks of river jehlum two roots to visit holy place simple r,7,sahe hamdan knownly well as khankahi moulla situated on the banks of river jehlum two roots to visit holy place simple route starts from zaina kadal shehari khas srinagar  kashmiri wood work best designs  makes it more beautiful,Jun-15,,,,2024-03-21T18:23:07Z
Shah E Hamdan R.H Mosque,Srinagar Jammu and Kashmir,g297623,d501151,4.5,https://www.tripadvisor.com/ShowUserReviews-g297623-d501151-r275461056-Shah_E_Hamdan_R_H_Mosque-Srinagar_Srinagar_District_Kashmir_Jammu_and_Kashmir.html,https://dynamic-media-cdn.tripadvisor.com/media/photo-o/1e/03/62/5e/vincent1995.jpg?w=100&h=-1&s=1,4.0 of 5 bubbles,Lovely old mosque,138,Not the biggest Mosque but the most characterful by far. Lovely old panels. You cannot go in if you are a tourist but it is still a lovely atmosphere. Many people eager to talk to me about the mosque.,May 2015 • Solo,,,,2024-03-21T18:23:07Z
Shah E Hamdan R.H Mosque,Srinagar Jammu and Kashmir,g297623,d501151,4.5,https://www.tripadvisor.com/ShowUserReviews-g297623-d501151-r265878633-Shah_E_Hamdan_R_H_Mosque-Srinagar_Srinagar_District_Kashmir_Jammu_and_Kashmir.html,https://dynamic-media-cdn.tripadvisor.com/media/photo-o/1a/f6/f4/20/default-avatar-2020-31.jpg?w=100&h=-1&s=1,5.0 of 5 bubbles,Marvelous Architechture,26,"Situated at the Banks of famous river Jhelum in the heart of Srinagar city in Kashmir valley, it is highly revered shrine of the Muslims.  The grand architecture of the shrine is second to none and surrounded by beautiful garden.",Apr 2015 • Family,,,,2024-03-21T18:23:07Z
Shah E Hamdan R.H Mosque,Srinagar Jammu and Kashmir,g297623,d501151,4.5,https://www.tripadvisor.com/ShowUserReviews-g297623-d501151-r263172795-Shah_E_Hamdan_R_H_Mosque-Srinagar_Srinagar_District_Kashmir_Jammu_and_Kashmir.html,https://dynamic-media-cdn.tripadvisor.com/media/photo-o/1a/f6/e5/2b/default-avatar-2020-52.jpg?w=100&h=-1&s=1,5.0 of 5 bubbles,Persian feel in Kashmir,10,"For a while if felt- I was some were in persia, the workmenship and spritual parts of this Masjid is amazing. Must surly visit, as this is a perfect example of persian and muslim workmenship. just an amazing carving on the walls, should surly visit this place.",Mar 2015 • Family,,,,2024-03-21T18:23:07Z
Shah E Hamdan R.H Mosque,Srinagar Jammu and Kashmir,g297623,d501151,4.5,https://www.tripadvisor.com/ShowUserReviews-g297623-d501151-r262606444-Shah_E_Hamdan_R_H_Mosque-Srinagar_Srinagar_District_Kashmir_Jammu_and_Kashmir.html,https://dynamic-media-cdn.tripadvisor.com/media/photo-o/16/66/8d/91/caption.jpg?w=100&h=-1&s=1,4.0 of 5 bubbles,Quiet & Calm,211,It is a beautifully made wooden structure & extremely old. Ladies dont go in. The numerous pigeons can be seen feeding & flying all around. Located in the old city near the Jhelum River. Not a must visit.,Mar 2015 • Couples,,,,2024-03-21T18:23:07Z
Shah E Hamdan R.H Mosque,Srinagar Jammu and Kashmir,g297623,d501151,4.5,https://www.tripadvisor.com/ShowUserReviews-g297623-d501151-r251197163-Shah_E_Hamdan_R_H_Mosque-Srinagar_Srinagar_District_Kashmir_Jammu_and_Kashmir.html,https://dynamic-media-cdn.tripadvisor.com/media/photo-o/1a/f6/f2/59/default-avatar-2020-24.jpg?w=100&h=-1&s=1,5.0 of 5 bubbles,SHAHI HAMDAN,15,He was an great peer(Kashmiri word means holy saint ) as I have also heard about him that he was an saint with a staunch friendship with Resh Peer an Hindu Saint and they had done numerous miracles in there times must visit,Jun 2014 • Family,,,,2024-03-21T18:23:08Z
Shah E Hamdan R.H Mosque,Srinagar Jammu and Kashmir,g297623,d501151,4.5,https://www.tripadvisor.com/ShowUserReviews-g297623-d501151-r236015888-Shah_E_Hamdan_R_H_Mosque-Srinagar_Srinagar_District_Kashmir_Jammu_and_Kashmir.html,https://dynamic-media-cdn.tripadvisor.com/media/photo-o/06/5a/4d/30/nasirmohammed.jpg?w=100&h=-1&s=1,5.0 of 5 bubbles,Mausoleum of the Khanqahe Maula,96,The Shah Hamadan mausoleum is located by the Jhelum river. It is a wooden structure with papier mache decorative motifs painted not only in its interiors but the exteriors as well. It is one of the finest decorated religious place in India.,Nov 2013 • Family,,,,2024-03-21T18:23:08Z
Shah E Hamdan R.H Mosque,Srinagar Jammu and Kashmir,g297623,d501151,4.5,https://www.tripadvisor.com/ShowUserReviews-g297623-d501151-r229925764-Shah_E_Hamdan_R_H_Mosque-Srinagar_Srinagar_District_Kashmir_Jammu_and_Kashmir.html,https://dynamic-media-cdn.tripadvisor.com/media/photo-o/05/a2/2e/df/lilwitchfdeast.jpg?w=100&h=-1&s=1,4.0 of 5 bubbles,"Quaint, colorful",229,"According to the local beliefs, when u ask / pray for something here, you tie a thread / twine that represents your prayer to any of the metal structures and when you prayer is answered (believed that prayers are usually answered), u have to return, find your thread and untie it! For tourists, firstly, finding an unused piece of metal to tie the thread is a challenge. Secondly, to return to the place after your prayer has been answered is....well... a few people do that. Finding your exact piece of thread is practically impossible coz many people would've eventually tied over yours!Anyways, apart from this curious ritual, the place is good, a one time visit, not missing much if you miss. The baba also gives you holy ash as u exit the dargah, meant to be used as medicine, either oral or local application.",Jan 2014 • Family,,,,2024-03-21T18:23:08Z
Shah E Hamdan R.H Mosque,Srinagar Jammu and Kashmir,g297623,d501151,4.5,https://www.tripadvisor.com/ShowUserReviews-g297623-d501151-r229456970-Shah_E_Hamdan_R_H_Mosque-Srinagar_Srinagar_District_Kashmir_Jammu_and_Kashmir.html,https://dynamic-media-cdn.tripadvisor.com/media/photo-o/1a/f6/e7/99/default-avatar-2020-57.jpg?w=100&h=-1&s=1,5.0 of 5 bubbles,Incredible architecture,70,"If you want to see an architectural marvel, then this is it! Non Muslims are not allowed inside but the history and structure are fascinating",Sep 2014 • Family,,,,2024-03-21T18:23:08Z
Shah E Hamdan R.H Mosque,Srinagar Jammu and Kashmir,g297623,d501151,4.5,https://www.tripadvisor.com/ShowUserReviews-g297623-d501151-r227044278-Shah_E_Hamdan_R_H_Mosque-Srinagar_Srinagar_District_Kashmir_Jammu_and_Kashmir.html,https://dynamic-media-cdn.tripadvisor.com/media/photo-o/1a/f6/de/0a/default-avatar-2020-35.jpg?w=100&h=-1&s=1,3.0 of 5 bubbles,visit,20,was not made aware that the `treasure` could only be viewed on special occasions - so the visit was not really worth it when time is limited,Aug 2014 • Family,,,,2024-03-21T18:23:08Z
Shah E Hamdan R.H Mosque,Srinagar Jammu and Kashmir,g297623,d501151,4.5,https://www.tripadvisor.com/ShowUserReviews-g297623-d501151-r223796998-Shah_E_Hamdan_R_H_Mosque-Srinagar_Srinagar_District_Kashmir_Jammu_and_Kashmir.html,https://dynamic-media-cdn.tripadvisor.com/media/photo-o/1a/f6/f2/7a/default-avatar-2020-25.jpg?w=100&h=-1&s=1,5.0 of 5 bubbles,Very unusual,43,Remember to take a scarf with you to cover head and shoulders.I forgot and could not go in so had to make do with looking round the outside.Fascinating history.Lots of papier mache decoration which have survived for hundreds of years.,Aug 2014 • Solo,,,,2024-03-21T18:23:08Z
Shah E Hamdan R.H Mosque,Srinagar Jammu and Kashmir,g297623,d501151,4.5,https://www.tripadvisor.com/ShowUserReviews-g297623-d501151-r217562448-Shah_E_Hamdan_R_H_Mosque-Srinagar_Srinagar_District_Kashmir_Jammu_and_Kashmir.html,https://dynamic-media-cdn.tripadvisor.com/media/photo-o/05/35/2d/07/kgb777.jpg?w=100&h=-1&s=1,4.0 of 5 bubbles,Beautiful structure,727,Second visit to this mosque and just as impressive as the first time. Trick is to visit in the morning so as to get the best light conditions for photography. In the afternoon the sun is directly behind the entrance and this makes photos from this angle challenging.,,,,,2024-03-21T18:23:08Z
Shah E Hamdan R.H Mosque,Srinagar Jammu and Kashmir,g297623,d501151,4.5,https://www.tripadvisor.com/ShowUserReviews-g297623-d501151-r213423696-Shah_E_Hamdan_R_H_Mosque-Srinagar_Srinagar_District_Kashmir_Jammu_and_Kashmir.html,https://dynamic-media-cdn.tripadvisor.com/media/photo-o/1a/f6/e9/bb/default-avatar-2020-65.jpg?w=100&h=-1&s=1,5.0 of 5 bubbles,Most beautiful,4,"A must visit for those who haven't explored khanqah,history in depth and beautiful structure.one cannot ignore this beautiful peaceful place.i visited khanqah last year eid ul fitr and it was my best day since childhood.",,,,,2024-03-21T18:23:08Z
Shah E Hamdan R.H Mosque,Srinagar Jammu and Kashmir,g297623,d501151,4.5,https://www.tripadvisor.com/ShowUserReviews-g297623-d501151-r211714454-Shah_E_Hamdan_R_H_Mosque-Srinagar_Srinagar_District_Kashmir_Jammu_and_Kashmir.html,https://dynamic-media-cdn.tripadvisor.com/media/photo-o/08/92/e2/bd/indian-rover33.jpg?w=100&h=-1&s=1,4.0 of 5 bubbles,beautiful structure,986,This shrine is beautiful.there were too many pigeons around the shrine.this is one of the oldest Sufi shrines in Srinagar. Tourists are not allowed inside the shrine but can click pictures from outside.it is situated in the old city of Srinagar by the river.,Jul 2013 • Family,,,,2024-03-21T18:23:08Z
Shah E Hamdan R.H Mosque,Srinagar Jammu and Kashmir,g297623,d501151,4.5,https://www.tripadvisor.com/ShowUserReviews-g297623-d501151-r209170894-Shah_E_Hamdan_R_H_Mosque-Srinagar_Srinagar_District_Kashmir_Jammu_and_Kashmir.html,https://dynamic-media-cdn.tripadvisor.com/media/photo-o/07/03/a0/ed/k-yogi.jpg?w=100&h=-1&s=1,5.0 of 5 bubbles,Excellent Architecture,883,Architecture of this place is extraordinary... You need to visit it to see it firsthand.... but non muslims can't go inside and we had to be content with peeping through a window.....,May 2014 • Family,,,,2024-03-21T18:23:08Z
Shah E Hamdan R.H Mosque,Srinagar Jammu and Kashmir,g297623,d501151,4.5,https://www.tripadvisor.com/ShowUserReviews-g297623-d501151-r202261894-Shah_E_Hamdan_R_H_Mosque-Srinagar_Srinagar_District_Kashmir_Jammu_and_Kashmir.html,https://dynamic-media-cdn.tripadvisor.com/media/photo-o/1a/f6/f6/0d/default-avatar-2020-34.jpg?w=100&h=-1&s=1,5.0 of 5 bubbles,Interesting mosque,5,Very old mosque in the old city of Srinagar by the river and old bridges.You cannot go inside but are invited to view through an open window and take pictures by the friendly attendents.,Apr 2014 • Family,,,,2024-03-21T18:23:10Z
Shah E Hamdan R.H Mosque,Srinagar Jammu and Kashmir,g297623,d501151,4.5,https://www.tripadvisor.com/ShowUserReviews-g297623-d501151-r199512013-Shah_E_Hamdan_R_H_Mosque-Srinagar_Srinagar_District_Kashmir_Jammu_and_Kashmir.html,https://dynamic-media-cdn.tripadvisor.com/media/photo-o/1a/f6/e7/fe/default-avatar-2020-58.jpg?w=100&h=-1&s=1,5.0 of 5 bubbles,History,7,An old mosque which was built when Sufism first came to Kashmir. Lovely painted wood and architecture plus a peaceful atmosphere in the Old City,Mar 2014 • Family,,,,2024-03-21T18:23:10Z
Shah E Hamdan R.H Mosque,Srinagar Jammu and Kashmir,g297623,d501151,4.5,https://www.tripadvisor.com/ShowUserReviews-g297623-d501151-r185177914-Shah_E_Hamdan_R_H_Mosque-Srinagar_Srinagar_District_Kashmir_Jammu_and_Kashmir.html,https://dynamic-media-cdn.tripadvisor.com/media/photo-o/03/5a/42/22/ninns-12.jpg?w=100&h=-1&s=1,5.0 of 5 bubbles,Superb Sturctural design.....,132,Located on the main street of one of the market. Passing thru the security at the main gate. few steps down Ladies have to have head covered in decent attire getting access to the small area in the Durgah. Beautiful chandeliers inside.The Shrine from outside is a masterpiece of an architecture. The whole building is made in interlocks of wood and not a single nail used to build it.Amazing hand carving done.,Nov 2013 • Friends,,,,2024-03-21T18:23:10Z
Shah E Hamdan R.H Mosque,Srinagar Jammu and Kashmir,g297623,d501151,4.5,https://www.tripadvisor.com/ShowUserReviews-g297623-d501151-r183396536-Shah_E_Hamdan_R_H_Mosque-Srinagar_Srinagar_District_Kashmir_Jammu_and_Kashmir.html,https://dynamic-media-cdn.tripadvisor.com/media/photo-o/1a/f6/df/2b/default-avatar-2020-39.jpg?w=100&h=-1&s=1,5.0 of 5 bubbles,Place must visit by religious lovers,73,This religious place in situated in Srinagar city .. If u want to visit diff. Dargah in Kashmir .. Plz. Don't miss this place,,,,,2024-03-21T18:23:10Z
Shah E Hamdan R.H Mosque,Srinagar Jammu and Kashmir,g297623,d501151,4.5,https://www.tripadvisor.com/ShowUserReviews-g297623-d501151-r172219818-Shah_E_Hamdan_R_H_Mosque-Srinagar_Srinagar_District_Kashmir_Jammu_and_Kashmir.html,https://dynamic-media-cdn.tripadvisor.com/media/photo-o/06/4f/b7/e0/rexie.jpg?w=100&h=-1&s=1,5.0 of 5 bubbles,Beautiful ancient wooden mosque,270,"This is a must for any visitor to Srinagar: a beautiful 14th century painted wooden mosque of a style unique to the region.  Visitors are not allowed to enter the building but are encouraged to peer in through the open doors.While you are in the area, a short walk will take you to the extraordinary 15th century brick tomb of Zain-ul-Abdin's mother which has more the appearance of a Byzantine church.  It is in a small cemetery on the bank of the river a little north of the Shah-e-Hamdan mosque.Zain-ul-Habdin (or Badshah) himself has a small and insignificant tomb in the cemetery.  He must have loved his mother!",Aug 2013 • Couples,,,,2024-03-21T18:23:10Z
Shah E Hamdan R.H Mosque,Srinagar Jammu and Kashmir,g297623,d501151,4.5,https://www.tripadvisor.com/ShowUserReviews-g297623-d501151-r169825011-Shah_E_Hamdan_R_H_Mosque-Srinagar_Srinagar_District_Kashmir_Jammu_and_Kashmir.html,https://dynamic-media-cdn.tripadvisor.com/media/photo-s/02/57/45/8d/pz-fayaz.jpg?w=100&h=-1&s=1,5.0 of 5 bubbles,A Masterpiece of Architecture,15,"Mir Syed Ali bin Shahab-ud-Din Hamadani (Persian: میر سید علی شهاب‌الدین همدانی‎) (1384-1314) was a Persian Sūfī of the Kubrāwī order, a poet and a prominent Muslim scholar.[1][2] He was born on Monday, 12th Rajab 714 AH (1314 A.C) in Hamadan[3] and died in 786 AH/1384 in Kunar and was buried in Khatlan.[4] He was very influential in spreading Islam in Kashmir and has had a major hand in shaping the culture of the Kashmir valley.[3] He was also known as ""Shāh Hamadhān"" (""King of Hamadhān"", Iran) and as Amīr-i Kabīr (""the Great Commander""). He wrote several short works on spirituality and Sufism. He was immortalised by poets like Allama Iqbal.His name was Ali, and titles were Amir-e-Kabir, Ali Sa'ani, Shah-e-Hamadan and Mir. Besides them, the Chroniclers had mentioned several other titles: Qutub-e-Zaman, Sheikh-e-Salikan-e-Jehan, Qutub-Ul-Aktab, Moih-Ul-Ambiya-o-Ul-Mursaleen, Afzal-Ul-Muhaq-e-qeen-o-Akmal-Ul-Mudaq-e-qeen, Al-Sheiyookh-Ul-Kamil, Akmal-Ul-Muhaqqiq-Ul-Hamadani etc.",May 2013 • Business,,,,2024-03-21T18:23:10Z
Shah E Hamdan R.H Mosque,Srinagar Jammu and Kashmir,g297623,d501151,4.5,https://www.tripadvisor.com/ShowUserReviews-g297623-d501151-r164058331-Shah_E_Hamdan_R_H_Mosque-Srinagar_Srinagar_District_Kashmir_Jammu_and_Kashmir.html,https://dynamic-media-cdn.tripadvisor.com/media/photo-o/1a/f6/f2/11/default-avatar-2020-23.jpg?w=100&h=-1&s=1,5.0 of 5 bubbles,Great persian saint's place,2,Very fascinating  mosque with persain design allover it.Must visit their especially during the sun set time.,May 2013 • Family,,,,2024-03-21T18:23:10Z
Shah E Hamdan R.H Mosque,Srinagar Jammu and Kashmir,g297623,d501151,4.5,https://www.tripadvisor.com/ShowUserReviews-g297623-d501151-r163666061-Shah_E_Hamdan_R_H_Mosque-Srinagar_Srinagar_District_Kashmir_Jammu_and_Kashmir.html,https://dynamic-media-cdn.tripadvisor.com/media/photo-o/04/07/4d/c8/41lolo123.jpg?w=100&h=-1&s=1,5.0 of 5 bubbles,Beautiful,6,"My favourite mosque in Srinagar: its style is so typical of the region, superb papier mâche interior design and  traditional building techniques. Non muslims not allowed inside, a pity for us and a blessing for those who come to pray. Its history is interesting too.",Apr 2013 • Solo,,,,2024-03-21T18:23:10Z
Shah E Hamdan R.H Mosque,Srinagar Jammu and Kashmir,g297623,d501151,4.5,https://www.tripadvisor.com/ShowUserReviews-g297623-d501151-r163341669-Shah_E_Hamdan_R_H_Mosque-Srinagar_Srinagar_District_Kashmir_Jammu_and_Kashmir.html,https://dynamic-media-cdn.tripadvisor.com/media/photo-o/04/04/37/54/rapidtourstravels.jpg?w=100&h=-1&s=1,5.0 of 5 bubbles,The mosque of SHAHI-HAMDAN,11,It stands on the right bank of the river Jehlem just below the third bridge.. One can visit while joy ride down the river. It was originally built in 1395 A.D to commemorate the visit of Mir Sayyid Ali Hammadani. Destroyed by fire in 1479 and 1731 A.D. It was rebuilt by Abdul Barkat Khan in 1732 A.D. and since then stands as a landmark in the city..The interior consists of a large wooden hall 63`X43` with fourteen cells on its northern and southern sides. the walls are entirely covered with wooden panels of geometrical design and ceiling is supported in the cent re by four wooden columns ornamented with wooden pieces in fish-bone pattern.,Oct 2012 • Friends,,,,2024-03-21T18:23:10Z
Shah E Hamdan R.H Mosque,Srinagar Jammu and Kashmir,g297623,d501151,4.5,https://www.tripadvisor.com/ShowUserReviews-g297623-d501151-r158765606-Shah_E_Hamdan_R_H_Mosque-Srinagar_Srinagar_District_Kashmir_Jammu_and_Kashmir.html,https://dynamic-media-cdn.tripadvisor.com/media/photo-o/1a/11/43/11/prapassornnathonglor.jpg?w=100&h=-1&s=1,4.0 of 5 bubbles,Beautiful paper-mache piece of art,65,The shrine is a mix of Nepali (exterior architecture - roof) and local Kashmiri art (green paper mache) on the shrine's wall. The shrine is beautiful but perhaps lack of maintenance. Too many pigeons around the shrine too.,Apr 2013 • Friends,,,,2024-03-21T18:23:10Z
Shah E Hamdan R.H Mosque,Srinagar Jammu and Kashmir,g297623,d501151,4.5,https://www.tripadvisor.com/ShowUserReviews-g297623-d501151-r158705929-Shah_E_Hamdan_R_H_Mosque-Srinagar_Srinagar_District_Kashmir_Jammu_and_Kashmir.html,https://dynamic-media-cdn.tripadvisor.com/media/photo-o/1a/f6/e7/3d/default-avatar-2020-55.jpg?w=100&h=-1&s=1,4.0 of 5 bubbles,Stunning!,57,THE Best and one of the oldest historic buildings in Kashmir.Its sheer beauty the artwork the location everything is perfect.Non muslims cannot go into the prayer area which is unlike all other shrines but dont worry you can see enough of everything else,Jul-12,,,,2024-03-21T18:23:11Z
Shah E Hamdan R.H Mosque,Srinagar Jammu and Kashmir,g297623,d501151,4.5,https://www.tripadvisor.com/ShowUserReviews-g297623-d501151-r150249324-Shah_E_Hamdan_R_H_Mosque-Srinagar_Srinagar_District_Kashmir_Jammu_and_Kashmir.html,https://dynamic-media-cdn.tripadvisor.com/media/photo-o/18/d6/10/d0/sreenandas.jpg?w=100&h=-1&s=1,5.0 of 5 bubbles,Magnificent Sufi shrine !,72,"An old Sufi shrine, green and golden hues, scores of pigeons flying by. River Jhelum flows behind the shrine. You can sit on the porch and peep in to admire the phenomenal architecture inside.  (women not allowed inside). Or you can sit behind the shrine and watch the river flow by as you marvek at the beauty of this striking dargah. Also known as Khanqa-e-molla, do NOT miss out on this marvel when in Srinagar.",Nov 2012 • Family,,,,2024-03-21T18:23:11Z
Shah E Hamdan R.H Mosque,Srinagar Jammu and Kashmir,g297623,d501151,4.5,https://www.tripadvisor.com/ShowUserReviews-g297623-d501151-r143894278-Shah_E_Hamdan_R_H_Mosque-Srinagar_Srinagar_District_Kashmir_Jammu_and_Kashmir.html,https://dynamic-media-cdn.tripadvisor.com/media/photo-o/0b/84/35/5d/kisse.jpg?w=100&h=-1&s=1,3.0 of 5 bubbles,Gone down,505,"This edifice with its almost Russian wooded ,Architecture was a sight to bold seven years ago,today it looks tired and Dirt and the courtyard teeming with Stale food for Pidgeons.There has been no up keep and the Funds seem to be collected in Locked and unlocked bees,who accounts for the unlocked ones. Women not allowed in"", it seems God only wants Men in this place of worship.    We pray that care is afforded and the place which is irreplaceable prevails",Oct 2012 • Friends,,,,2024-03-21T18:23:11Z
Shah E Hamdan R.H Mosque,Srinagar Jammu and Kashmir,g297623,d501151,4.5,https://www.tripadvisor.com/ShowUserReviews-g297623-d501151-r142373965-Shah_E_Hamdan_R_H_Mosque-Srinagar_Srinagar_District_Kashmir_Jammu_and_Kashmir.html,https://dynamic-media-cdn.tripadvisor.com/media/photo-o/06/37/d3/96/kaushiva-aditi.jpg?w=100&h=-1&s=1,4.0 of 5 bubbles,Beautiful Architecture,50,Very pretty and delicate architecture. One of the oldest Sufi shrines in Srinagar. Tourists are not allowed inside the shrine but can view and click pictures from outside.,Oct 2012 • Couples,,,,2024-03-21T18:23:11Z
Shah E Hamdan R.H Mosque,Srinagar Jammu and Kashmir,g297623,d501151,4.5,https://www.tripadvisor.com/ShowUserReviews-g297623-d501151-r141409423-Shah_E_Hamdan_R_H_Mosque-Srinagar_Srinagar_District_Kashmir_Jammu_and_Kashmir.html,https://dynamic-media-cdn.tripadvisor.com/media/photo-o/08/a4/aa/a4/travelnomad-123.jpg?w=100&h=-1&s=1,3.0 of 5 bubbles,Most Revered but Less maintained,563,"Disappointed to see the dilapidated building with scant respect for the surroundings, eco system, and equally scant regard to the structure per se",Sep 2012 • Couples,,,,2024-03-21T18:23:11Z
Shah E Hamdan R.H Mosque,Srinagar Jammu and Kashmir,g297623,d501151,4.5,https://www.tripadvisor.com/ShowUserReviews-g297623-d501151-r134367058-Shah_E_Hamdan_R_H_Mosque-Srinagar_Srinagar_District_Kashmir_Jammu_and_Kashmir.html,https://dynamic-media-cdn.tripadvisor.com/media/photo-s/02/a0/b9/5b/indioespanol.jpg?w=100&h=-1&s=1,3.0 of 5 bubbles,one time visit,27,The place is nice but there is nothing much to see. .......,Jul 2012 • Couples,,,,2024-03-21T18:23:11Z
Shah E Hamdan R.H Mosque,Srinagar Jammu and Kashmir,g297623,d501151,4.5,https://www.tripadvisor.com/ShowUserReviews-g297623-d501151-r133651152-Shah_E_Hamdan_R_H_Mosque-Srinagar_Srinagar_District_Kashmir_Jammu_and_Kashmir.html,https://dynamic-media-cdn.tripadvisor.com/media/photo-s/02/99/11/40/lydieabdulla.jpg?w=100&h=-1&s=1,5.0 of 5 bubbles,A dream in papermachee,15,It was absolutely beautifull and the people there were of the nicest people in Srinagar..very welcoming and very nice and eager to explain the history....the paper machee and lacquer are enchanting and I could not take enough pictures !!,Jul 2012 • Family,,,,2024-03-21T18:23:11Z
Shah E Hamdan R.H Mosque,Srinagar Jammu and Kashmir,g297623,d501151,4.5,https://www.tripadvisor.com/ShowUserReviews-g297623-d501151-r132595812-Shah_E_Hamdan_R_H_Mosque-Srinagar_Srinagar_District_Kashmir_Jammu_and_Kashmir.html,https://dynamic-media-cdn.tripadvisor.com/media/photo-o/17/01/50/a4/maputomike.jpg?w=100&h=-1&s=1,5.0 of 5 bubbles,A beautiful mosque decorated with ornate and stunning painted designs,29,"I was fortunate enough to be shown this old and extremely interesting place of worship. As a non-muslim I was able to cross the threshold but unable to enter properly. That did not prevent me from being extremely impressed and enjoying the truly stunning artwork, artefacts and crystal chandeliers that adorn this historic building. The wooden construction and the painted facades were unlike anything I have seen before and the predominant green colours everywhere are striking. I loved the multipanelled window on the elevation at the entrance. It is definitely worth a visit even though 30 minutes is all it will take to really enjoy the site.",Jun 2012 • Solo,,,,2024-03-21T18:23:11Z
Shah E Hamdan R.H Mosque,Srinagar Jammu and Kashmir,g297623,d501151,4.5,https://www.tripadvisor.com/ShowUserReviews-g297623-d501151-r130319369-Shah_E_Hamdan_R_H_Mosque-Srinagar_Srinagar_District_Kashmir_Jammu_and_Kashmir.html,https://dynamic-media-cdn.tripadvisor.com/media/photo-s/02/76/56/ef/azian68.jpg?w=100&h=-1&s=1,5.0 of 5 bubbles,Beautiful Wooden Architecture,97,"This mosque is situated on the right bank of River Jhelum in Zainakadal, Old City of Srinagar.  It can be approached by the road as well as the river. Also known as Khanqah-e-Moula., Shah-e-Hamdan  is one of the oldest Muslim shrines in Kashmir.It was constructed in 1389-1413 AD in memory of the preacher Mir Syed Ali Hamdani, who had visited Kashmir and stayed there for meditation and preaching. However, it is believed that Shah Hamdan’s son, Mir Mohammad actually built the shrine.This mosque is an excellent example of indigenous wood architecture that draws inspiration from Buddhist, Hindu and Islamic architecture. The shrine bears a wooden structure with marvelously carved roof space and hanging bells. The interior of the mosque is richly carved with ancient religious sermons and historical inscriptions.",Apr 2012 • Solo,,,,2024-03-21T18:23:11Z
Shah E Hamdan R.H Mosque,Srinagar Jammu and Kashmir,g297623,d501151,4.5,https://www.tripadvisor.com/ShowUserReviews-g297623-d501151-r127797003-Shah_E_Hamdan_R_H_Mosque-Srinagar_Srinagar_District_Kashmir_Jammu_and_Kashmir.html,https://dynamic-media-cdn.tripadvisor.com/media/photo-o/01/aa/60/0a/sue1974.jpg?w=100&h=-1&s=1,5.0 of 5 bubbles,This will take your breath away!,155,"The current structure dates back to the 1730s and is a most exquisite sight, with a pagoda-like roof (as is the style of all of the old mosques in Srinagar) and a green entranceway adorned with detailed papier-mâché work. It truly took one’s breath away and, as we said later, could well rank as one of the most amazing man-made structures we have seen in India.",Jun 2011 • Couples,,,,2024-03-21T18:23:11Z
