"names","address","geo_id","hotel_id","rating","url","profile_image","review_score","review_heading","profile_contr","review_body","date_of_stay","company_responder","company_response","company_response_date","timestamp"
"Wular Lake","Srinagar Jammu and Kashmir","g297623","d338342","4.0","https://www.tripadvisor.com/ShowUserReviews-g297623-d338342-r922022244-Wular_Lake-Srinagar_Srinagar_District_Kashmir_Jammu_and_Kashmir.html","https://dynamic-media-cdn.tripadvisor.com/media/photo-o/1a/f6/f1/b8/default-avatar-2020-22.jpg?w=100&h=-1&s=1","5.0 of 5 bubbles","Fantastic- unmissable",614,"There are 2-3 viewpoints along this huge lake which is Asia's largest freshwater lake. We went to the one on the east and then on the west- we missed the one on the south near Sopore. Both are stunning and well recommended. Do not rely on the taxi drivers to take you to the right places. Do your own research on which view points to go. Food options are limited, so plan accordingly. The toilets in the rest stops by JKTDC are clean and good in this area. They are doing a really good job.","Oct 2023 • Family","","","","2024-03-21T18:42:36Z"
"Wular Lake","Srinagar Jammu and Kashmir","g297623","d338342","4.0","https://www.tripadvisor.com/ShowUserReviews-g297623-d338342-r916780164-Wular_Lake-Srinagar_Srinagar_District_Kashmir_Jammu_and_Kashmir.html","https://dynamic-media-cdn.tripadvisor.com/media/photo-o/1c/5f/be/08/caption.jpg?w=100&h=-1&s=1","5.0 of 5 bubbles","Wonderful experience",695,"India’s largest and Asia’s second largest freshwater lake is situated around 65 kms from Srinagar to reach here you have to hire a cab it takes nearly 2 hours to reach nearer to the destination saw apple trees and drove through the hills a lovely site last half km road leading to the boating point is rough rest of the route is goodAt the boating point there is an ice cream vendor who also owns the shikaras and a cold drink and packed snack shop toilets are also available thereShikara here though look like shikara in any lake in Kashmir but here they have a motor attached so speed is greater a small round cost ₹700 while one hour ride cost 1500 ( negotiable i paid 1200)Lake has fish and you can see lot of birds  sharing few pics","Sep 2023 • Solo","","","","2024-03-21T18:42:36Z"
"Wular Lake","Srinagar Jammu and Kashmir","g297623","d338342","4.0","https://www.tripadvisor.com/ShowUserReviews-g297623-d338342-r900345398-Wular_Lake-Srinagar_Srinagar_District_Kashmir_Jammu_and_Kashmir.html","https://dynamic-media-cdn.tripadvisor.com/media/photo-o/1a/f6/f1/06/default-avatar-2020-18.jpg?w=100&h=-1&s=1","3.0 of 5 bubbles","Worth A Visit",209,"About one and half hour drive from Srinagar via Kheer Bhawani temple and Manasbal Lake.Stop at Wular Vintage Park. Free car parking is outside the entry. Entry Rs 20 per person.Very nice terraced park overlooking the lakeLake is huge and full of water chestnuts.Frequented by young couples who occupy various vantage positions in the park. Very few  tourists come here.Toilets on the right of entry gate. Not very clean but not very dirty either.No boating or Shikara ride is available from the park.There is a food truck outside for small eats and two or three other vendors . From here proceed to Watlab side passing through small villages and return to Srinagar via Sopore.Not many good eating places in this route except in the town of Sopore but one doesn't pass through the town as there is a bypass road. It is better to carry food and drinks on this trip.Visit the shrine of Hazarat Baba Shakur-ud-din Wali on a hilltop while travelling towards Sopore. There is a petrol pump and automobile workshop 2-3 kms from Wular vintage park.","Jun 2023 • Couples","","","","2024-03-21T18:42:36Z"
"Wular Lake","Srinagar Jammu and Kashmir","g297623","d338342","4.0","https://www.tripadvisor.com/ShowUserReviews-g297623-d338342-r890998519-Wular_Lake-Srinagar_Srinagar_District_Kashmir_Jammu_and_Kashmir.html","https://dynamic-media-cdn.tripadvisor.com/media/photo-o/29/32/e4/9f/caption.jpg?w=100&h=-1&s=1","4.0 of 5 bubbles","Wular lake, a good attraction near Srinagar ",546,"There are free washrooms in average clean condition. Free parking on road. JKTDC Zaika restaurant in front for lunch or dinner.  A nice park and Wular lake lookout point is developed. More info from Source Wikipedia: Wular Lake, also known as Wolar in Kashmiri, is one of the largest fresh water lakes in South Asia. It is located near Bandipora town in the Bandipora district of Jammu and Kashmir, India. The lake basin was formed as a result of tectonic activity and is fed by the Jhelum River and stream Madhumati and Arin. Area: 189 km²Length: 16 kmSurface elevation: 1,580 mLocation: Bandipora, Jammu & Kashmir, IndiaInflow source: Jhelum RiverOutflow location: Jhelum RiverCities: Bandipore","May 2023 • Family","","","","2024-03-21T18:42:36Z"
"Wular Lake","Srinagar Jammu and Kashmir","g297623","d338342","4.0","https://www.tripadvisor.com/ShowUserReviews-g297623-d338342-r885766564-Wular_Lake-Srinagar_Srinagar_District_Kashmir_Jammu_and_Kashmir.html","https://dynamic-media-cdn.tripadvisor.com/media/photo-o/07/e6/85/a2/ms14-delhi.jpg?w=100&h=-1&s=1","5.0 of 5 bubbles","Spectacular……",167,"Hidden gem. Is nothing like anything I have seen before. Wular vantage park which is very nicely constructed offers a 360 degree view of the lake amidst the valley.","Apr 2023 • Couples","","","","2024-03-21T18:42:36Z"
"Wular Lake","Srinagar Jammu and Kashmir","g297623","d338342","4.0","https://www.tripadvisor.com/ShowUserReviews-g297623-d338342-r864959315-Wular_Lake-Srinagar_Srinagar_District_Kashmir_Jammu_and_Kashmir.html","https://dynamic-media-cdn.tripadvisor.com/media/photo-o/1a/f6/ef/73/default-avatar-2020-13.jpg?w=100&h=-1&s=1","4.0 of 5 bubbles","Nice garden with lake and mountains in the background.",65,"Wular lake can be seen while driving to bandipora and Gurez.There is a nice and well maintained garden,overlooking the lake.This lake is a ramsar site for bird watching.There is a small entry fee to the garden.It has clean toilets too.Good place to spend 30-40 minutes.","Sep 2022 • Family","","","","2024-03-21T18:42:36Z"
"Wular Lake","Srinagar Jammu and Kashmir","g297623","d338342","4.0","https://www.tripadvisor.com/ShowUserReviews-g297623-d338342-r746252285-Wular_Lake-Srinagar_Srinagar_District_Kashmir_Jammu_and_Kashmir.html","https://dynamic-media-cdn.tripadvisor.com/media/photo-o/1a/f6/e2/a7/default-avatar-2020-44.jpg?w=100&h=-1&s=1","1.0 of 5 bubbles","The role of Nature and Human on conversion of Walur Lake.",0,"The Wular r lake is one of the most beautiful lake in the world. But unfortunately, due to anthropogenic activities, the area of lake is reduced. We are doing the research for mitigation the adaptation strategies.","Oct 2019","","","","2024-03-21T18:42:36Z"
"Wular Lake","Srinagar Jammu and Kashmir","g297623","d338342","4.0","https://www.tripadvisor.com/ShowUserReviews-g297623-d338342-r690806367-Wular_Lake-Srinagar_Srinagar_District_Kashmir_Jammu_and_Kashmir.html","https://dynamic-media-cdn.tripadvisor.com/media/photo-o/15/ce/5c/31/avatar.jpg?w=100&h=-1&s=1","5.0 of 5 bubbles","Lake Wular, Bandipora district.",145,"Lake Wular is absolutely beautiful.  In the past six weeks I have visited both sides  of the lake 3 times whilst travelling to other places in Kashmir.  My guide from Travel Srinagar is amazing and nothing has been too much trouble.  On each side of the lake there is a fantastic garden park vantage point high on a hill over looking the lake.  The lake is embraced by majestic mountains.  The best time to visit is late afternoon as the light is beautiful for photos.  During the day you can see the people of the lake in their boats collecting aquatic plants for livestock fodder, fertilizer, lotus roots for the market and fishing.  On the other side of the lake  there is accommodation for tourists.     An overnight stay is recommended as you will have the most amazing photos.  I have met the kindest and most gentle people whilst travelling in the area.  People call out welcome, welcome as you drive through the villages.  As a respect for their culture, I recommend ladies wear the correct cultural attire when travelling in the area.   You can buy ready mades in Srinagar for next to nothing.  Lake Wular is certainly beautiful and worth a visit.  I am told you can hire a Shikara and do an overnight trip on the lake. This is on my list.","Jul 2019 • Solo","","","","2024-03-21T18:42:36Z"
"Wular Lake","Srinagar Jammu and Kashmir","g297623","d338342","4.0","https://www.tripadvisor.com/ShowUserReviews-g297623-d338342-r687403965-Wular_Lake-Srinagar_Srinagar_District_Kashmir_Jammu_and_Kashmir.html","https://dynamic-media-cdn.tripadvisor.com/media/photo-o/1a/f6/e2/a7/default-avatar-2020-44.jpg?w=100&h=-1&s=1","5.0 of 5 bubbles","My Dream Place",30,"The Tour Opertaors Won;t Allowed You To go There . If You insist and you have a Permission Of Indian Army than you go There . many travellers Wouldn't Go Three beacause Its very far From srinagar . It Is near From Srinagar And Gulmarg . I have decided To Go Thre When We departs From Gulmarg Our Cab Driver Mr .Imran Is very Helpful person . He Also Run His His travel Tour I must say That Without Him I Wouldn't Go Three Thank Mr. Imran!!Tha Wular Lake Is Largest Lake in India Not Dal Lake The Wular Lake Is Very Wild And Open IT.s View Is simply Marvelous .Th Whole Lake Is Clean And Calm only Some Small Boats are Passing in It This Is nature's Beaty I must Say That With The help Of Indian Army We are able to ride in Boat otherwise its Not !!!Thanks To Indian Army they Are very cooperative The View, Atmosphereits Road and its Surrrounding Is Simply Superb bootom Line----You must must go there  This the best place i visted in Whole kashmir Trip !!!","Jun 2019 • Couples","","","","2024-03-21T18:42:36Z"
"Wular Lake","Srinagar Jammu and Kashmir","g297623","d338342","4.0","https://www.tripadvisor.com/ShowUserReviews-g297623-d338342-r684472845-Wular_Lake-Srinagar_Srinagar_District_Kashmir_Jammu_and_Kashmir.html","https://dynamic-media-cdn.tripadvisor.com/media/photo-o/1a/f6/e7/fe/default-avatar-2020-58.jpg?w=100&h=-1&s=1","5.0 of 5 bubbles","Beautiful vast lake",28,"I found the lake very beautiful as I saw in from the vintage point. The lake is covered with weeds but to me that also looked beautiful from high above because that is also nature itself and is much better than plastics floating around in the lake. The lake surrounded with mountains and has a great view.","Jun 2019 • Family","","","","2024-03-21T18:42:36Z"
"Wular Lake","Srinagar Jammu and Kashmir","g297623","d338342","4.0","https://www.tripadvisor.com/ShowUserReviews-g297623-d338342-r673847724-Wular_Lake-Srinagar_Srinagar_District_Kashmir_Jammu_and_Kashmir.html","https://dynamic-media-cdn.tripadvisor.com/media/photo-o/11/e9/fb/dc/golakanath.jpg?w=100&h=-1&s=1","4.0 of 5 bubbles","Largest lake but total neglect has rendered this beautiful lake into disarray",515,"We visited this lake while driving from Srinagar to Gurez in May'19, The lake is huge but fully covered with weeds floating and the lake water can not be seen properly. We stopped at the road side park (charges 24 per person - accommodation by JK Tourism is under development inside the park with a fantastic view) on top of the hill to have a beautiful view of the lake and its surrounding areas. Lot of school children were playing as they had come here for a day's picnic with the teachers from the local school. All children were wishing us ""Salam-e-Alekum"". We stopped here for about 30 minutes. We could see some cleaning process has been initiated. The local people said that the lake is totally neglected and the livelihood it used to provide people earlier is now almost missing. Hardly any tourist visit the lake area. The Govt. and local authorities need to put some effort in preserving this beautiful largest lake.","May 2019","","","","2024-03-21T18:42:38Z"
"Wular Lake","Srinagar Jammu and Kashmir","g297623","d338342","4.0","https://www.tripadvisor.com/ShowUserReviews-g297623-d338342-r651171585-Wular_Lake-Srinagar_Srinagar_District_Kashmir_Jammu_and_Kashmir.html","https://dynamic-media-cdn.tripadvisor.com/media/photo-o/1a/f6/eb/43/default-avatar-2020-11.jpg?w=100&h=-1&s=1","5.0 of 5 bubbles","Breathtaking View",987,"I went to Wular Lake. The majestic lake has a breathtaking view and attracts a huge number of visitors around the year. Wular Lake's basin was formed as a result of tectonic activity, due to which the area covered by the lake varies throughout the year, a phenomenon which is unique to this destination. It is great place to go.","Feb 2019 • Friends","","","","2024-03-21T18:42:38Z"
"Wular Lake","Srinagar Jammu and Kashmir","g297623","d338342","4.0","https://www.tripadvisor.com/ShowUserReviews-g297623-d338342-r612179476-Wular_Lake-Srinagar_Srinagar_District_Kashmir_Jammu_and_Kashmir.html","https://dynamic-media-cdn.tripadvisor.com/media/photo-o/14/66/0e/93/dr-ajay-kumar-m.jpg?w=100&h=-1&s=1","5.0 of 5 bubbles","Asia's biggest fresh water lake 'Wular Lake'",12,"This is Asia's biggest fresh water lake. This place is near Gulmarg and Srinagar. Place is not well maintained. .","Aug 2018 • Friends","","","","2024-03-21T18:42:38Z"
"Wular Lake","Srinagar Jammu and Kashmir","g297623","d338342","4.0","https://www.tripadvisor.com/ShowUserReviews-g297623-d338342-r596454854-Wular_Lake-Srinagar_Srinagar_District_Kashmir_Jammu_and_Kashmir.html","https://dynamic-media-cdn.tripadvisor.com/media/photo-o/13/b6/f7/75/navin-s.jpg?w=100&h=-1&s=1","4.0 of 5 bubbles","Freshwater Lake",171,"Wular Lake in Kashmir is counted amongst the largest freshwater bodies present across the Asiatic continent. Formed due to extensive tectonic activities, it is considered as a delta of the Jhelum River.","Jun 2018 • Family","","","","2024-03-21T18:42:38Z"
"Wular Lake","Srinagar Jammu and Kashmir","g297623","d338342","4.0","https://www.tripadvisor.com/ShowUserReviews-g297623-d338342-r587574665-Wular_Lake-Srinagar_Srinagar_District_Kashmir_Jammu_and_Kashmir.html","https://dynamic-media-cdn.tripadvisor.com/media/photo-o/1a/f6/eb/e3/default-avatar-2020-59.jpg?w=100&h=-1&s=1","3.0 of 5 bubbles","Good fresh water lake",200,"This is asia biggest fresh water lake. Area lack maintenance. This place is near Gulmarg. Place lack people.","Apr 2018 • Couples","","","","2024-03-21T18:42:38Z"
"Wular Lake","Srinagar Jammu and Kashmir","g297623","d338342","4.0","https://www.tripadvisor.com/ShowUserReviews-g297623-d338342-r582157580-Wular_Lake-Srinagar_Srinagar_District_Kashmir_Jammu_and_Kashmir.html","https://dynamic-media-cdn.tripadvisor.com/media/photo-o/1a/f6/ea/74/default-avatar-2020-68.jpg?w=100&h=-1&s=1","3.0 of 5 bubbles","Fresh water lake",365,"This is one of the biggest fresh water lake in Asia. This place is near to Srinagar. Place is not well maintained. This place required some renowation for tourist visit.","Apr 2018 • Couples","","","","2024-03-21T18:42:38Z"
"Wular Lake","Srinagar Jammu and Kashmir","g297623","d338342","4.0","https://www.tripadvisor.com/ShowUserReviews-g297623-d338342-r578460890-Wular_Lake-Srinagar_Srinagar_District_Kashmir_Jammu_and_Kashmir.html","https://dynamic-media-cdn.tripadvisor.com/media/photo-o/09/92/eb/7a/manishsarraf.jpg?w=100&h=-1&s=1","4.0 of 5 bubbles","Largest Lake buy slowly vanishing",569,"As read it is the largest fresh water lake of India and most of the fishermen thrive on this but slowly its shrinking but the view of the Lake is good.","Mar 2018 • Family","","","","2024-03-21T18:42:38Z"
"Wular Lake","Srinagar Jammu and Kashmir","g297623","d338342","4.0","https://www.tripadvisor.com/ShowUserReviews-g297623-d338342-r576497989-Wular_Lake-Srinagar_Srinagar_District_Kashmir_Jammu_and_Kashmir.html","https://dynamic-media-cdn.tripadvisor.com/media/photo-o/1a/f6/e5/66/default-avatar-2020-53.jpg?w=100&h=-1&s=1","5.0 of 5 bubbles","Lake of fresh water",419,"Amazing lake with surround of snow capped mountains all around this lake. Water is very clean and clear.","Apr 2018 • Couples","","","","2024-03-21T18:42:38Z"
"Wular Lake","Srinagar Jammu and Kashmir","g297623","d338342","4.0","https://www.tripadvisor.com/ShowUserReviews-g297623-d338342-r564208896-Wular_Lake-Srinagar_Srinagar_District_Kashmir_Jammu_and_Kashmir.html","https://dynamic-media-cdn.tripadvisor.com/media/photo-o/07/0c/4b/d2/ankush-s.jpg?w=100&h=-1&s=1","3.0 of 5 bubbles","Beautiful wide lake, but covered with vegetation on top at some patches",18,"This lake is situated in a particularly sensitive area of Kashmir. You wouldn't find a lot of tourists near this site. Navy's Marine Commandos train here sometimes. We reached there after a good 3-hour drive from Srinagar. It is worth coming here once as it is a huge lake with a very WIDE presence. Although a lot of its beauty is hidden because of the algae covering on the top. It is a beautiful drive to the lake, nonetheless, as you pass through the real, rural Kashmir while reaching Wular.","Apr 2017","","","","2024-03-21T18:42:38Z"
"Wular Lake","Srinagar Jammu and Kashmir","g297623","d338342","4.0","https://www.tripadvisor.com/ShowUserReviews-g297623-d338342-r478199296-Wular_Lake-Srinagar_Srinagar_District_Kashmir_Jammu_and_Kashmir.html","https://dynamic-media-cdn.tripadvisor.com/media/photo-o/0f/10/48/f2/nidhi-k.jpg?w=100&h=-1&s=1","4.0 of 5 bubbles","Walur Lake",14,"Little out the way from srinagar, but very widest lake in Asia, has no   much water, but get to see snakes on the road side.","Jun 2016 • Family","","","","2024-03-21T18:42:38Z"
"Wular Lake","Srinagar Jammu and Kashmir","g297623","d338342","4.0","https://www.tripadvisor.com/ShowUserReviews-g297623-d338342-r457515269-Wular_Lake-Srinagar_Srinagar_District_Kashmir_Jammu_and_Kashmir.html","https://dynamic-media-cdn.tripadvisor.com/media/photo-o/0b/8e/1b/8f/vikas-g.jpg?w=100&h=-1&s=1","4.0 of 5 bubbles","One of the deepest lake in srinagar...",763,"This lake is one of the deepest lake near srinagar in bandipura offering a wide varieties of majestic landscape... This lake is easily approachable with a taxi or public conveyance.... An amazing place to visit for nature enthusiasts..","Jan 2017 • Family","","","","2024-03-21T18:42:41Z"
"Wular Lake","Srinagar Jammu and Kashmir","g297623","d338342","4.0","https://www.tripadvisor.com/ShowUserReviews-g297623-d338342-r413465556-Wular_Lake-Srinagar_Srinagar_District_Kashmir_Jammu_and_Kashmir.html","https://dynamic-media-cdn.tripadvisor.com/media/photo-o/1a/f6/e8/5b/default-avatar-2020-61.jpg?w=100&h=-1&s=1","1.0 of 5 bubbles","No water only green silt",14,"There is nothing here no water games no water only green silt every where so can skip this wular lake.","Jul 2016 • Couples","","","","2024-03-21T18:42:41Z"
"Wular Lake","Srinagar Jammu and Kashmir","g297623","d338342","4.0","https://www.tripadvisor.com/ShowUserReviews-g297623-d338342-r388234936-Wular_Lake-Srinagar_Srinagar_District_Kashmir_Jammu_and_Kashmir.html","https://dynamic-media-cdn.tripadvisor.com/media/photo-o/0d/48/5a/a0/indira-d.jpg?w=100&h=-1&s=1","3.0 of 5 bubbles","Not worthy to see",22,"It is far from Srinagar. Almost 70 km near bandipoora. Road condition was bad and very few travelers was there. Moreover you can not directly access the lake. You have to view it from the Wular lake vintage point. It is a large lake but not so beautiful like other lakes in Srinagar. You can avoid it easily.","May 2016 • Couples","","","","2024-03-21T18:42:41Z"
"Wular Lake","Srinagar Jammu and Kashmir","g297623","d338342","4.0","https://www.tripadvisor.com/ShowUserReviews-g297623-d338342-r385999606-Wular_Lake-Srinagar_Srinagar_District_Kashmir_Jammu_and_Kashmir.html","https://dynamic-media-cdn.tripadvisor.com/media/photo-o/1a/f6/e6/ea/default-avatar-2020-54.jpg?w=100&h=-1&s=1","5.0 of 5 bubbles","Lush and Serene ",262,"A largely uninhabited lake, Wular never ceases to invigorate my senses.  Vantage point on way to Bandipora offers a spellbinding view of the largest fresh water lake in India","Jun 2016 • Friends","","","","2024-03-21T18:42:41Z"
"Wular Lake","Srinagar Jammu and Kashmir","g297623","d338342","4.0","https://www.tripadvisor.com/ShowUserReviews-g297623-d338342-r377054375-Wular_Lake-Srinagar_Srinagar_District_Kashmir_Jammu_and_Kashmir.html","https://dynamic-media-cdn.tripadvisor.com/media/photo-o/0b/8d/a2/8d/sameer-a.jpg?w=100&h=-1&s=1","5.0 of 5 bubbles","Largest fresh water Lake of Asia ",71,"One of the most popular fresh water Lake of Asia just 10 Kms from town Sopore of baramulla district, jammu & Kashmir. This lake is Virgin as only local ppl visit this lake due to political disturbance in the area as compared to Dal Lake. River jehlum passes through this lake.","May 2016 • Friends","","","","2024-03-21T18:42:41Z"
"Wular Lake","Srinagar Jammu and Kashmir","g297623","d338342","4.0","https://www.tripadvisor.com/ShowUserReviews-g297623-d338342-r375861370-Wular_Lake-Srinagar_Srinagar_District_Kashmir_Jammu_and_Kashmir.html","https://dynamic-media-cdn.tripadvisor.com/media/photo-o/1a/f6/ec/3d/default-avatar-2020-1.jpg?w=100&h=-1&s=1","3.0 of 5 bubbles","Largest freshwater lake in Asia",41,"At a distance of just about 3 hours or so from Srinagar , the Wular Lake is located in an area which seems to be high on militancy and hence is not on the regular tourist beat. For the same reason it is not developed and we were the only tourists there . While the drive to the Wular lake is picturesque, it has a terrible approach and we felt our vehicle was just about balanced on that narrow road!! However, we were told there is another approach that one can walk down from. The lake is huge and is surrounded by hills . It has a raw appeal compared to the Dal lake ; however as there wasn't any thing to do , we left almost within half an hour . There is a tourism joint, but we did not stop.Recommended only if u have a taste for off beat terrains and are without children as there is zero entertainment value .","May 2016 • Family","","","","2024-03-21T18:42:41Z"
"Wular Lake","Srinagar Jammu and Kashmir","g297623","d338342","4.0","https://www.tripadvisor.com/ShowUserReviews-g297623-d338342-r363841333-Wular_Lake-Srinagar_Srinagar_District_Kashmir_Jammu_and_Kashmir.html","https://dynamic-media-cdn.tripadvisor.com/media/photo-o/15/24/72/ae/aman-a.jpg?w=100&h=-1&s=1","4.0 of 5 bubbles","Beautiful",183,"This is Asia's largest fresh water lake and covers a vast area of land. This is a must visit point for travelers coming to Srinagar and it also has a vintage point which is beautiful. The view is excellent.","Jan 2016 • Couples","","","","2024-03-21T18:42:41Z"
"Wular Lake","Srinagar Jammu and Kashmir","g297623","d338342","4.0","https://www.tripadvisor.com/ShowUserReviews-g297623-d338342-r358469803-Wular_Lake-Srinagar_Srinagar_District_Kashmir_Jammu_and_Kashmir.html","https://dynamic-media-cdn.tripadvisor.com/media/photo-o/07/63/ea/dc/vipin-k.jpg?w=100&h=-1&s=1","4.0 of 5 bubbles","Newely Constucted Tourist Place",33,"Under Development ,Tourist Place ,Newely Constructed , But Lake View is Good Park is proper maintained","Mar 2016 • Couples","","","","2024-03-21T18:42:41Z"
"Wular Lake","Srinagar Jammu and Kashmir","g297623","d338342","4.0","https://www.tripadvisor.com/ShowUserReviews-g297623-d338342-r354024174-Wular_Lake-Srinagar_Srinagar_District_Kashmir_Jammu_and_Kashmir.html","https://dynamic-media-cdn.tripadvisor.com/media/photo-o/1a/f6/f2/eb/default-avatar-2020-27.jpg?w=100&h=-1&s=1","4.0 of 5 bubbles","One of the largest fresh water lake in Asia",11,"One of the largest fresh water lake in soopore, Kashmir. very clean and you can enjoy some water sports activity also.","Jan 2016","","","","2024-03-21T18:42:41Z"
"Wular Lake","Srinagar Jammu and Kashmir","g297623","d338342","4.0","https://www.tripadvisor.com/ShowUserReviews-g297623-d338342-r344179323-Wular_Lake-Srinagar_Srinagar_District_Kashmir_Jammu_and_Kashmir.html","https://dynamic-media-cdn.tripadvisor.com/media/photo-o/0a/13/15/74/er-deepakbhambri.jpg?w=100&h=-1&s=1","3.0 of 5 bubbles","Nice place",34,"I visited Wular lake and found this place very peaceful and beautiful, close to nature. The scenery was pleasant too","Jan 2016 • Friends","","","","2024-03-21T18:42:41Z"
"Wular Lake","Srinagar Jammu and Kashmir","g297623","d338342","4.0","https://www.tripadvisor.com/ShowUserReviews-g297623-d338342-r340888171-Wular_Lake-Srinagar_Srinagar_District_Kashmir_Jammu_and_Kashmir.html","https://dynamic-media-cdn.tripadvisor.com/media/photo-o/07/fe/51/cc/nunun345.jpg?w=100&h=-1&s=1","5.0 of 5 bubbles","wullar lake",20,"Wullar lake is the largest lake in asia. It is beautiful .The lake basin was formed as a result of tectonic activity and is fed by the Jhelum River. The lake's size varies seasonally from 12 to 100 square miles (30 to 260 square kilometers). Boating, water sports and water ski have recently been launched by the Government of India Tourism in collaboration with Kerala Tourism and J&K Tourism.","Nov 2015","","","","2024-03-21T18:42:42Z"
"Wular Lake","Srinagar Jammu and Kashmir","g297623","d338342","4.0","https://www.tripadvisor.com/ShowUserReviews-g297623-d338342-r333205537-Wular_Lake-Srinagar_Srinagar_District_Kashmir_Jammu_and_Kashmir.html","https://dynamic-media-cdn.tripadvisor.com/media/photo-o/09/be/35/98/wolfpackpune-india.jpg?w=100&h=-1&s=1","5.0 of 5 bubbles","""Jewel in the crown of Kashmir"" or ""Srinagar's Jewel""",356,"We started early in the morning from Srinagar. Journey was very pleasant as we were passing through beautiful landscapes and waterfalls. Roaring Sind River flows along the road enhancing the beauty of highway. After journey of one and half hours we asked the driver to stop the vehicle at one appropriate place near the bank of Sind River. We took bath in chilled water of Sind River at the outskirts of Kangan City (Ganderbal district). After the break of one hour we again started journey and after passing through Kangan and Manigam we reached Ganderbal City. From here there is a diversion on right side which is Ganderbal –Mansabal road and it leads to Wular Lake. As none of us have visited the Lake earlier, we missed this point and came towards Srinagar. 3-4 Km further down, there is a bypass to Srinagar City on right side of the Leh- Srinagar highway. At the crossing there was a signboard showing way to Wular Lake. We took that bypass road. Road condition was very good and traffic was very less. After 15-20 KM, we took the right turn again following the direction from sign boards along the highway to reach Wular Lake.The road passes through many villages and one of them is village of Tula Mula. The village is well known for the Kheer Bhawani temple dedicated to the Goddess Kheer Bhawani  (originally just Bhawani) constructed over a sacred spring. It is the most important temple for the followers of Historical Vedic Religion in Kashmir, known as the Kashmiri Pandits. The temple is managed by the army now days. As our destination was Wular we did not stop here and kept on moving. At last we reached Wular vintage Park which was being developed on the bank of Wular. It is situated on a small hill and we were told that we will get a fantastic view of Wular from here.","Apr 2015","","","","2024-03-21T18:42:42Z"
"Wular Lake","Srinagar Jammu and Kashmir","g297623","d338342","4.0","https://www.tripadvisor.com/ShowUserReviews-g297623-d338342-r332597043-Wular_Lake-Srinagar_Srinagar_District_Kashmir_Jammu_and_Kashmir.html","https://dynamic-media-cdn.tripadvisor.com/media/photo-o/08/0d/90/d9/anshul7.jpg?w=100&h=-1&s=1","5.0 of 5 bubbles","Awesome View",11,"Such a Nice view of the lake, i visited for continuous 2 times one in Summer and another in winter both the time i found a different feel and view. I love the place, i would recommend all the people to visit the place once,","Sep 2015","","","","2024-03-21T18:42:42Z"
"Wular Lake","Srinagar Jammu and Kashmir","g297623","d338342","4.0","https://www.tripadvisor.com/ShowUserReviews-g297623-d338342-r331342374-Wular_Lake-Srinagar_Srinagar_District_Kashmir_Jammu_and_Kashmir.html","https://dynamic-media-cdn.tripadvisor.com/media/photo-o/09/a7/c5/a0/vparmar25.jpg?w=100&h=-1&s=1","3.0 of 5 bubbles","Average Lake",69,"Nothing Special with this lake. One should consider this only if you have covered Dal Lake & Nagin Lake and still have lot of spare time.","Jan 2015","","","","2024-03-21T18:42:42Z"
"Wular Lake","Srinagar Jammu and Kashmir","g297623","d338342","4.0","https://www.tripadvisor.com/ShowUserReviews-g297623-d338342-r327153196-Wular_Lake-Srinagar_Srinagar_District_Kashmir_Jammu_and_Kashmir.html","https://dynamic-media-cdn.tripadvisor.com/media/photo-o/08/b1/f4/0a/inky50.jpg?w=100&h=-1&s=1","5.0 of 5 bubbles","An Amazing  View",65,"Away from the hustle and bustle of many tourists sites.Spent a wonderful couple of hours here.Beautiful, peaceful and has an amazing view","Sep 2015 • Friends","","","","2024-03-21T18:42:42Z"
"Wular Lake","Srinagar Jammu and Kashmir","g297623","d338342","4.0","https://www.tripadvisor.com/ShowUserReviews-g297623-d338342-r326172205-Wular_Lake-Srinagar_Srinagar_District_Kashmir_Jammu_and_Kashmir.html","https://dynamic-media-cdn.tripadvisor.com/media/photo-o/08/d0/4a/c6/rafi-m.jpg?w=100&h=-1&s=1","5.0 of 5 bubbles","Lake Wular",109,"its good place to relax. hope we had better facilities there so that we could be comfortable. must go to this place","Dec 2014 • Solo","","","","2024-03-21T18:42:42Z"
"Wular Lake","Srinagar Jammu and Kashmir","g297623","d338342","4.0","https://www.tripadvisor.com/ShowUserReviews-g297623-d338342-r320273247-Wular_Lake-Srinagar_Srinagar_District_Kashmir_Jammu_and_Kashmir.html","https://dynamic-media-cdn.tripadvisor.com/media/photo-o/09/ca/9b/be/caashishsachdeva.jpg?w=100&h=-1&s=1","3.0 of 5 bubbles","Nice Lake",17,"Wular is a nice lake. Not visited by Many tourists as its far from Srinagar. U can also visit Kheer Bhawani  temple during ur visit to Wular. U can make a one day trip to both. However, it is on the way to Sonmarg.","Apr 2015 • Friends","","","","2024-03-21T18:42:42Z"
"Wular Lake","Srinagar Jammu and Kashmir","g297623","d338342","4.0","https://www.tripadvisor.com/ShowUserReviews-g297623-d338342-r309779855-Wular_Lake-Srinagar_Srinagar_District_Kashmir_Jammu_and_Kashmir.html","https://dynamic-media-cdn.tripadvisor.com/media/photo-o/1a/f6/e7/99/default-avatar-2020-57.jpg?w=100&h=-1&s=1","4.0 of 5 bubbles","Dont Miss the View",63,"The View was Magnificent when I reached the place. I felt it would have been similar to Nishatbhag but once entered the place. We all spent more than 2hrs realxing walking and looking at the breath taking view.Much visit","Mar 2015","","","","2024-03-21T18:42:42Z"
"Wular Lake","Srinagar Jammu and Kashmir","g297623","d338342","4.0","https://www.tripadvisor.com/ShowUserReviews-g297623-d338342-r308607834-Wular_Lake-Srinagar_Srinagar_District_Kashmir_Jammu_and_Kashmir.html","https://dynamic-media-cdn.tripadvisor.com/media/photo-o/1a/f6/e2/a7/default-avatar-2020-44.jpg?w=100&h=-1&s=1","5.0 of 5 bubbles","Majestic and Grand !!",68,"Awesome and majestic.The lake is so vast !!! Very beautiful.It was a little off the route - but definitely worth it.","May 2015 • Family","","","","2024-03-21T18:42:42Z"
"Wular Lake","Srinagar Jammu and Kashmir","g297623","d338342","4.0","https://www.tripadvisor.com/ShowUserReviews-g297623-d338342-r306881612-Wular_Lake-Srinagar_Srinagar_District_Kashmir_Jammu_and_Kashmir.html","https://dynamic-media-cdn.tripadvisor.com/media/photo-o/07/a4/e3/19/chandrashekarshenoy.jpg?w=100&h=-1&s=1","1.0 of 5 bubbles","Rulaw Lake",49,"We travelled for about two and half hours from Srinagar Dal lake.  Surprised that our guide Abdul took us to this place. Although supposedly largest Lake we were informed its encroachment is already on the way. We were shown huge vegetation and trees supposedly a floating garden. It has a park close by were one can witness local people collecting nuts that is famous for snacks. Not worth travelling so Far during August","Aug 2015 • Couples","","","","2024-03-21T18:42:42Z"
"Wular Lake","Srinagar Jammu and Kashmir","g297623","d338342","4.0","https://www.tripadvisor.com/ShowUserReviews-g297623-d338342-r304935081-Wular_Lake-Srinagar_Srinagar_District_Kashmir_Jammu_and_Kashmir.html","https://dynamic-media-cdn.tripadvisor.com/media/photo-l/01/2a/fd/9f/avatar.jpg?w=100&h=-1&s=1","2.0 of 5 bubbles","Not so good",74,"We visited this place during August 2015, it was about 1.5 hours journey from Srinagar. Well, I must say I was pretty disappointed. Lake is dying, looked very dirty from top. Most of the part is covered with a lot of water weeds. Not worth traveling 1.5 hours, half a day was wasted on this!","Aug 2015 • Couples","","","","2024-03-21T18:42:43Z"
"Wular Lake","Srinagar Jammu and Kashmir","g297623","d338342","4.0","https://www.tripadvisor.com/ShowUserReviews-g297623-d338342-r301084584-Wular_Lake-Srinagar_Srinagar_District_Kashmir_Jammu_and_Kashmir.html","https://dynamic-media-cdn.tripadvisor.com/media/photo-o/05/a6/23/b5/p7mir.jpg?w=100&h=-1&s=1","5.0 of 5 bubbles","Big Grand water Body",540,"Visited this world famous water body and biggest lake in Kashmir, two days before. I was  very much dejected to see the present condition of this lake. It is not clean and is being encroached by locals. There is dire need to protect it..........","Aug 2015 • Family","","","","2024-03-21T18:42:43Z"
"Wular Lake","Srinagar Jammu and Kashmir","g297623","d338342","4.0","https://www.tripadvisor.com/ShowUserReviews-g297623-d338342-r291614834-Wular_Lake-Srinagar_Srinagar_District_Kashmir_Jammu_and_Kashmir.html","https://dynamic-media-cdn.tripadvisor.com/media/photo-o/07/32/80/38/asif-sidiqee.jpg?w=100&h=-1&s=1","5.0 of 5 bubbles","Quite and calm",82,"Visited this place a month back and was very delighted and mesmerised of the lake quite and cal away from hustle and bustle","Jul 2015","","","","2024-03-21T18:42:43Z"
"Wular Lake","Srinagar Jammu and Kashmir","g297623","d338342","4.0","https://www.tripadvisor.com/ShowUserReviews-g297623-d338342-r289093709-Wular_Lake-Srinagar_Srinagar_District_Kashmir_Jammu_and_Kashmir.html","https://dynamic-media-cdn.tripadvisor.com/media/photo-o/2b/87/82/e8/arshadmian.jpg?w=100&h=-1&s=1","5.0 of 5 bubbles","Mysterious, expansive, beautiful",822,"I have been here many times, and went there last year as part of a trip to a famous sufi saints shrine in Sopore. It is almost 65 km from Srinagar, and takes a bit to get. At places the road is not the best, but one always feels close to nature. This lake is mysterious in an indescribable way, and is huge. One can consume a whole day, and ideally go for a picnic by the shoreside.","Aug 2014 • Solo","","","","2024-03-21T18:42:43Z"
"Wular Lake","Srinagar Jammu and Kashmir","g297623","d338342","4.0","https://www.tripadvisor.com/ShowUserReviews-g297623-d338342-r281109477-Wular_Lake-Srinagar_Srinagar_District_Kashmir_Jammu_and_Kashmir.html","https://dynamic-media-cdn.tripadvisor.com/media/photo-o/1a/f6/f2/11/default-avatar-2020-23.jpg?w=100&h=-1&s=1","3.0 of 5 bubbles","A quiet place...",12,"One need to hire a vehicle from Srinagar to visit this place. It is advisable to cover Manasbal Lake and Khir Bhawani temple in the return journey. The place is very calm and quite. Its pure natural beauty.The lake is about 60 Kms from Srinagar and if you include Mansbal & Kheer Bhawani, it shall consume almost full day. The road doesn't pass through big towns, so you need to take lunch at Manasbal Lake (only two places were open when I visited in June'15 first week). Only beverages & snacks are available at Wullar Lake.At some places you may have some apprehension about your safety. Our visit was a success, thanks to the Cab driver. The Wullar lake is having sort of permanent Army deployment in an Army truck.","Jun 2015 • Family","","","","2024-03-21T18:42:43Z"
"Wular Lake","Srinagar Jammu and Kashmir","g297623","d338342","4.0","https://www.tripadvisor.com/ShowUserReviews-g297623-d338342-r273507796-Wular_Lake-Srinagar_Srinagar_District_Kashmir_Jammu_and_Kashmir.html","https://dynamic-media-cdn.tripadvisor.com/media/photo-o/1a/f6/e7/fe/default-avatar-2020-58.jpg?w=100&h=-1&s=1","4.0 of 5 bubbles","Nice place",47,"We visited Wular lake on d way Manasbal in April this year.There is a well maintained garden on d top of d lake.it is so big & beautiful lake, one must visit. My advise is to hire vehicle from Srinagar for Manasbal-Wular lake-Baba Sakruddin. It will worth for a day.","Apr 2015 • Family","","","","2024-03-21T18:42:43Z"
"Wular Lake","Srinagar Jammu and Kashmir","g297623","d338342","4.0","https://www.tripadvisor.com/ShowUserReviews-g297623-d338342-r267715078-Wular_Lake-Srinagar_Srinagar_District_Kashmir_Jammu_and_Kashmir.html","https://dynamic-media-cdn.tripadvisor.com/media/photo-o/07/c1/02/13/b-arun12.jpg?w=100&h=-1&s=1","5.0 of 5 bubbles","massive lake",7,"Very massive and at the same very peaceful.. I dont know whether it is popular but suggest every visitor not to miss this.","Apr 2015 • Family","","","","2024-03-21T18:42:43Z"
"Wular Lake","Srinagar Jammu and Kashmir","g297623","d338342","4.0","https://www.tripadvisor.com/ShowUserReviews-g297623-d338342-r258507683-Wular_Lake-Srinagar_Srinagar_District_Kashmir_Jammu_and_Kashmir.html","https://dynamic-media-cdn.tripadvisor.com/media/photo-o/03/db/56/11/nikhil0210.jpg?w=100&h=-1&s=1","5.0 of 5 bubbles","Scary place",499,"Last point after Bandipur and further to this place its POK. The story of Kuka Parray was very haunting. Interesting thing is that Jhelum falls in this lake from North and again continues from south. But this lake is under 24 hrs surveillance and fully covered with trees and is known as the most prone place for insurgency.","May 2014 • Family","","","","2024-03-21T18:42:43Z"
"Wular Lake","Srinagar Jammu and Kashmir","g297623","d338342","4.0","https://www.tripadvisor.com/ShowUserReviews-g297623-d338342-r245278828-Wular_Lake-Srinagar_Srinagar_District_Kashmir_Jammu_and_Kashmir.html","https://dynamic-media-cdn.tripadvisor.com/media/photo-o/04/9a/dd/77/donscotti.jpg?w=100&h=-1&s=1","4.0 of 5 bubbles","A beautiful lake being choked by man.",142,"I visited Wular in late October as part of a relief mission after the recent floods. People here are struggling to salvage ruined crops and find shelter for the coming winter. The beauty of the place shines through in spite of the tragedy and man's encroachment. As a previous review said, this is real Kashmir.","Oct 2014 • Friends","","","","2024-03-21T18:42:43Z"
"Wular Lake","Srinagar Jammu and Kashmir","g297623","d338342","4.0","https://www.tripadvisor.com/ShowUserReviews-g297623-d338342-r244269412-Wular_Lake-Srinagar_Srinagar_District_Kashmir_Jammu_and_Kashmir.html","https://dynamic-media-cdn.tripadvisor.com/media/photo-s/01/e5/51/f1/avinash-h.jpg?w=100&h=-1&s=1","2.0 of 5 bubbles","Supposed to be the largest fresh water lake",309,"It is supposed to be largest fresh water lake but we did not find enough water to judge it even as a lake.  It is fully covered by wild water plants which do not allow water to show up.  At that time, there was not even enough water.There is a park where a nominal charges are levied is not even well maintained.We spend a fortune to go there but it was not worth it.","Aug 2014 • Family","","","","2024-03-21T18:42:43Z"
"Wular Lake","Srinagar Jammu and Kashmir","g297623","d338342","4.0","https://www.tripadvisor.com/ShowUserReviews-g297623-d338342-r216732974-Wular_Lake-Srinagar_Srinagar_District_Kashmir_Jammu_and_Kashmir.html","https://dynamic-media-cdn.tripadvisor.com/media/photo-o/1a/f6/f3/7c/default-avatar-2020-29.jpg?w=100&h=-1&s=1","5.0 of 5 bubbles","Wular Lake Homestay",2,"Hi Candle Tree,I would be visiting Kashmir this October / November '14 and was looking for offbeat experience, can you please let me know the details of your homestay at wular lake, how do i book it, the cost, the food there etc. Also would October /November be too  cold to visit?I had done a homestay in a Gonap village in Uttarakhand and it was lovely, interacting with the locals, eating with them, playing with them, it was an experience never to forget.Regards,Roshan C","Jul 2014 • Solo","","","","2024-03-21T18:42:45Z"
"Wular Lake","Srinagar Jammu and Kashmir","g297623","d338342","4.0","https://www.tripadvisor.com/ShowUserReviews-g297623-d338342-r202686093-Wular_Lake-Srinagar_Srinagar_District_Kashmir_Jammu_and_Kashmir.html","https://dynamic-media-cdn.tripadvisor.com/media/photo-o/0d/dc/ff/9b/candletree.jpg?w=100&h=-1&s=1","5.0 of 5 bubbles","Real Kashmir",191,"This place isn't meant for the regular tourist and a day visit for picnic is not worth making the journey and waste precious time for those who are in Kashmir to enjoy a vacation. This place is meant for those who have a little time on hand and wants to experience the real Kashmir. During my 10 days visit, I had spent 6 days here in a village on the bank of this lake. Holy smoke! It was the best part of the entire visit. The homestay in a local house was a superb, an unforgettable experience. Exploring the fishermen's villages on the banks of the lake is another extraordinary experience. Being able to interact with the local people, stay in their house, eat the local food and getting familiar with the local language and customs as here would have not been possible in Srinagar. After my stay here, was spoilt for almost every other experience in Kashmir. Indeed it's a dying lake but there is a lot of history, culture and anthropology around here. It could take ages but the lake is going to be cleaned up, J&K government has already set up trust, boards and allocated funds for the same purpose.","Apr 2014 • Solo","","","","2024-03-21T18:42:45Z"
"Wular Lake","Srinagar Jammu and Kashmir","g297623","d338342","4.0","https://www.tripadvisor.com/ShowUserReviews-g297623-d338342-r177022462-Wular_Lake-Srinagar_Srinagar_District_Kashmir_Jammu_and_Kashmir.html","https://dynamic-media-cdn.tripadvisor.com/media/photo-o/04/77/32/90/7taz.jpg?w=100&h=-1&s=1","5.0 of 5 bubbles","a beautiful and breathtaking drive and veiw",34,"another peaceful and beautiful part of kashmir,the drivers are not too keen to take us there but do insist as this is the largest lake in asia(hope i have not got this wrong),the veiws are out of this world,do make sure you go on a clear day!","Aug 2013 • Friends","","","","2024-03-21T18:42:45Z"
"Wular Lake","Srinagar Jammu and Kashmir","g297623","d338342","4.0","https://www.tripadvisor.com/ShowUserReviews-g297623-d338342-r121662619-Wular_Lake-Srinagar_Srinagar_District_Kashmir_Jammu_and_Kashmir.html","https://dynamic-media-cdn.tripadvisor.com/media/photo-o/1a/f6/f1/42/default-avatar-2020-20.jpg?w=100&h=-1&s=1","5.0 of 5 bubbles","dying lake",31,"one of the largest fresh water lakes of the world is the wullar..the lake is situated around the Badipora district of the province,,,,the scenario of the lake is a tale of misery .. its quite beautiful .. the lake is dying is dying due to encroachment and weeds.","Mar 2011 • Friends","","","","2024-03-21T18:42:45Z"
"Wular Lake","Srinagar Jammu and Kashmir","g297623","d338342","4.0","https://www.tripadvisor.com/ShowUserReviews-g297623-d338342-r97067293-Wular_Lake-Srinagar_Srinagar_District_Kashmir_Jammu_and_Kashmir.html","https://dynamic-media-cdn.tripadvisor.com/media/photo-s/02/47/6b/46/bijalkadam.jpg?w=100&h=-1&s=1","3.0 of 5 bubbles","WULAR LAKE IS SIMPLY SERENE",387,"I had always been wanting to visit this lake....wular lake is 40 kms from Srinagar and it happens to be the largest fresh water lake in India. It is situated between Bandipora & Sopore. The lake is surrounded by mountains & dense forest accounting for 60% of the total fish production in the state.The drive to Wular lake was simply fantastic as i has gone in Autumn.This lake looked calm and serene...it can be best visited for a day trip along with Manasbal lake.","Nov 2010","","","","2024-03-21T18:42:45Z"
