names,address,geo_id,hotel_id,rating,url,profile_image,review_score,review_heading,profile_contr,review_body,date_of_stay,company_responder,company_response,company_response_date,timestamp
Floating vegetable market,Srinagar Jammu and Kashmir,g297623,d12911328,4.5,https://www.tripadvisor.com/ShowUserReviews-g297623-d12911328-r888036267-Floating_Vegetable_Market-Srinagar_Srinagar_District_Kashmir_Jammu_and_Kashmir.html,https://dynamic-media-cdn.tripadvisor.com/media/photo-o/17/14/f6/43/missmeena.jpg?w=100&h=-1&s=1,5.0 of 5 bubbles,Must see!,19,Such a cool and authentic Srinagar experience! Loved seeing this market. Dawn is so beautiful on the water.,Apr 2023 • Solo,,,,2024-03-21T18:43:53Z
Floating vegetable market,Srinagar Jammu and Kashmir,g297623,d12911328,4.5,https://www.tripadvisor.com/ShowUserReviews-g297623-d12911328-r884347833-Floating_Vegetable_Market-Srinagar_Srinagar_District_Kashmir_Jammu_and_Kashmir.html,https://dynamic-media-cdn.tripadvisor.com/media/photo-o/1a/f6/f4/20/default-avatar-2020-31.jpg?w=100&h=-1&s=1,5.0 of 5 bubbles,Wonderfull exprrience,3,It was a great experience to wake.up early and see vegetable floating market. Totally an amazing thing to do.one can meet local farmers over there with so many fresh vegetables,Mar 2023 • Friends,,,,2024-03-21T18:43:53Z
Floating vegetable market,Srinagar Jammu and Kashmir,g297623,d12911328,4.5,https://www.tripadvisor.com/ShowUserReviews-g297623-d12911328-r842795812-Floating_Vegetable_Market-Srinagar_Srinagar_District_Kashmir_Jammu_and_Kashmir.html,https://dynamic-media-cdn.tripadvisor.com/media/photo-o/07/a5/29/00/ajithsarma.jpg?w=100&h=-1&s=1,4.0 of 5 bubbles,A nice experience,285,"Market which is floating!!. All are in shikaras. You can bargain (though little) and buy. Though many things we will end up buying, which may not be required at all",Jun-22,,,,2024-03-21T18:43:53Z
Floating vegetable market,Srinagar Jammu and Kashmir,g297623,d12911328,4.5,https://www.tripadvisor.com/ShowUserReviews-g297623-d12911328-r841626486-Floating_Vegetable_Market-Srinagar_Srinagar_District_Kashmir_Jammu_and_Kashmir.html,https://dynamic-media-cdn.tripadvisor.com/media/photo-o/1a/f6/f4/5d/default-avatar-2020-32.jpg?w=100&h=-1&s=1,3.0 of 5 bubbles,Can be easily avoided ,15,We got up at 4 am to start our  journey towards the FLOATING MARKET We expected a whole lot of sellers but there were may be around 50 of them selling normal looking vegetables The experience did not live upto the hype,Jun 2022 • Couples,,,,2024-03-21T18:43:53Z
Floating vegetable market,Srinagar Jammu and Kashmir,g297623,d12911328,4.5,https://www.tripadvisor.com/ShowUserReviews-g297623-d12911328-r803490520-Floating_Vegetable_Market-Srinagar_Srinagar_District_Kashmir_Jammu_and_Kashmir.html,https://dynamic-media-cdn.tripadvisor.com/media/photo-o/1a/f6/ea/2e/default-avatar-2020-67.jpg?w=100&h=-1&s=1,5.0 of 5 bubbles,Not to miss experience !,49,"A must visit trip to floating vegetable market where you can buy fresh fruits, vegetables, breads and drink hot Kehwa on Shikara",Aug-21,,,,2024-03-21T18:43:53Z
Floating vegetable market,Srinagar Jammu and Kashmir,g297623,d12911328,4.5,https://www.tripadvisor.com/ShowUserReviews-g297623-d12911328-r783952111-Floating_Vegetable_Market-Srinagar_Srinagar_District_Kashmir_Jammu_and_Kashmir.html,https://dynamic-media-cdn.tripadvisor.com/media/photo-o/1a/f6/f4/20/default-avatar-2020-31.jpg?w=100&h=-1&s=1,3.0 of 5 bubbles,"This can be seen only in the morning,",124,Floating market is something that can be seen only in the morning. During the daytime there is nothing that can be seen.,Feb-21,,,,2024-03-21T18:43:53Z
Floating vegetable market,Srinagar Jammu and Kashmir,g297623,d12911328,4.5,https://www.tripadvisor.com/ShowUserReviews-g297623-d12911328-r768978132-Floating_Vegetable_Market-Srinagar_Srinagar_District_Kashmir_Jammu_and_Kashmir.html,https://dynamic-media-cdn.tripadvisor.com/media/photo-o/1b/f2/40/f8/syedibrahim1000.jpg?w=100&h=-1&s=1,5.0 of 5 bubbles,Floating Super vegetable market,2,This is an amazing experience. Floating vegetable market on the lake is a place where suppliers and vendors conduct their usual business on floating shekara's. This market starts at 4:00 am in morning. Its something one should not miss.,Aug-20,,,,2024-03-21T18:43:53Z
Floating vegetable market,Srinagar Jammu and Kashmir,g297623,d12911328,4.5,https://www.tripadvisor.com/ShowUserReviews-g297623-d12911328-r716592505-Floating_Vegetable_Market-Srinagar_Srinagar_District_Kashmir_Jammu_and_Kashmir.html,https://dynamic-media-cdn.tripadvisor.com/media/photo-f/01/2e/70/65/avatar043.jpg?w=100&h=-1&s=1,5.0 of 5 bubbles,A must see,52,"We came by a small boat from lake Nigeen. The boat go in a narrow waterway thru the floating vegitation on the lake (lotus flowers and similar), some boats pass you in the opposite direction. It took about an hour to get there (need to be there as early in the morning as possible because some marchants leave once they finish selling their vegtables. The views along the pass and the market area are very nice and one should not skip it.",Sep 2019 • Friends,,,,2024-03-21T18:43:53Z
Floating vegetable market,Srinagar Jammu and Kashmir,g297623,d12911328,4.5,https://www.tripadvisor.com/ShowUserReviews-g297623-d12911328-r700298106-Floating_Vegetable_Market-Srinagar_Srinagar_District_Kashmir_Jammu_and_Kashmir.html,https://dynamic-media-cdn.tripadvisor.com/media/photo-o/1a/f6/e7/fe/default-avatar-2020-58.jpg?w=100&h=-1&s=1,5.0 of 5 bubbles,Wake up early to experience this floating vegetable market,454,This floating vegetable market is something very unique thing in dal lake which you should not miss to experience. If you want to experience this then you have to wake up early at 4 o'clock and one day before you have to book you boat for this floating vegetable market. So you will leave from your place at 5 o'clock and it take around half and hour to reach to floating vegetable market. This market organize for 2 or 3 hours only. So if you reach early then you can experience this floating vegetable market.,Sep-18,,,,2024-03-21T18:43:53Z
Floating vegetable market,Srinagar Jammu and Kashmir,g297623,d12911328,4.5,https://www.tripadvisor.com/ShowUserReviews-g297623-d12911328-r682736533-Floating_Vegetable_Market-Srinagar_Srinagar_District_Kashmir_Jammu_and_Kashmir.html,https://dynamic-media-cdn.tripadvisor.com/media/photo-o/07/7e/4c/3b/suprabhatc.jpg?w=100&h=-1&s=1,4.0 of 5 bubbles,Floating 'Mandi',95,"The morning wholesale vegetable market is truly a great experience. Get up early in the morning while it is still dark, take a shikara and your camera and go to this market to see shopkeepers (floating boat-shops) buy vegetables from vegetable growers (in floating boats) to go off to houseboats and other small villages within the lake and sell these to them. Quite an experience to see vegetable growers barter as you enjoy your cup of kahwa.",Jul 2018 • Family,,,,2024-03-21T18:43:53Z
Floating vegetable market,Srinagar Jammu and Kashmir,g297623,d12911328,4.5,https://www.tripadvisor.com/ShowUserReviews-g297623-d12911328-r679034925-Floating_Vegetable_Market-Srinagar_Srinagar_District_Kashmir_Jammu_and_Kashmir.html,https://dynamic-media-cdn.tripadvisor.com/media/photo-o/05/98/9c/cd/nima-anand.jpg?w=100&h=-1&s=1,4.0 of 5 bubbles,Business on boat,616,"Selling and buying vegetables and flowers to yours own people is doing business in home but with clear perspective. That is what one can observe in morning Boat market in Dal lake. You should be in the are by 0530 to observe people manipulating narrow boats and coolly selling the Lotus Stem, Greens and locally grown vegetables and flowers. You can also enjoy Kahwa, a local drink, in chilly morning and spend over an hour.",Apr 2019 • Friends,,,,2024-03-21T18:43:55Z
Floating vegetable market,Srinagar Jammu and Kashmir,g297623,d12911328,4.5,https://www.tripadvisor.com/ShowUserReviews-g297623-d12911328-r677229040-Floating_Vegetable_Market-Srinagar_Srinagar_District_Kashmir_Jammu_and_Kashmir.html,https://dynamic-media-cdn.tripadvisor.com/media/photo-o/1a/f6/f2/59/default-avatar-2020-24.jpg?w=100&h=-1&s=1,5.0 of 5 bubbles,"Beautiful, mesmerizing views in the morning",62,"Make an appointment with your shikara earlier, so they pick you up in the morning. The views are amazing and the whole experience surreal.",Dec 2018 • Solo,,,,2024-03-21T18:43:55Z
Floating vegetable market,Srinagar Jammu and Kashmir,g297623,d12911328,4.5,https://www.tripadvisor.com/ShowUserReviews-g297623-d12911328-r677019772-Floating_Vegetable_Market-Srinagar_Srinagar_District_Kashmir_Jammu_and_Kashmir.html,https://dynamic-media-cdn.tripadvisor.com/media/photo-o/17/bb/c2/02/mnrkrishnan.jpg?w=100&h=-1&s=1,4.0 of 5 bubbles,Mobile Vegetable market sangam at Dal Lake,379,"If it happens, it happens only in Kashmir Lakes.  All fresh vegetables are available in early hours with mobile vendors in a specific location inside Dal Lake.  One has to go there using the services of Shikkara (small exclusively decorated boat with Manual operation by driver) in the Dal Lake.  It is a unique experience - bargain and then only buy.",May 2019 • Family,,,,2024-03-21T18:43:55Z
Floating vegetable market,Srinagar Jammu and Kashmir,g297623,d12911328,4.5,https://www.tripadvisor.com/ShowUserReviews-g297623-d12911328-r675945675-Floating_Vegetable_Market-Srinagar_Srinagar_District_Kashmir_Jammu_and_Kashmir.html,https://dynamic-media-cdn.tripadvisor.com/media/photo-o/16/fb/03/f5/harjeet-k.jpg?w=100&h=-1&s=1,5.0 of 5 bubbles,Floating Market on the Dal Lake,156,"Floating MarketThe floating market was next on my agenda but that was at dawn around 5.30 to 7 am. I had to book a shikara in advance and asked the driver, Latif to pick me up at 5. It seemed an unearthly hour but I was awake before the alarm went off and was ready and waiting for the driver. Dawn was just breaking and the sky was blushing like a rose. I stepped onto the shikara gingerly and settled down imbuing the panoramic view in my heart and capturing it in my shutter lens. I actually wished I was a better photographer. The name of the shikara was New King of Kashmir, wonder who the old was!We passed infinite stretches of pale pink lotus that looked ethereal in the morning light. The lotus flower, with its exquisite Corolla, blooms all over the Dal and is an enthralling vision of delicate shades of pink and white. The lake is dotted with Boathouses and each has a really fancy name.There are all kinds of stores in the lake selling groceries, vegetables, cigarettes and even live poultry. What made me really happy was to see gender equality on the lake; there were women paddling canoes on their own and this was a very uplifting moment for the woman in me.The only one of its kind in India, the floating market where vegetable sellers sell their ware from 5 am to 7 am on the lake and the rest heads to the local market. The produce is fresh and grows alongside the lake. The market is popular and many tourists come especially to take pictures. The shikara took a turn and the sight of the place agog with sellers wooing their buyers in innovative ways was invigorating. The vegetable sellers had local customers while the spice, woollens, imitation jewellery and flower sellers, cosied up to the tourist shikaras and struck up lively conversations and followed them back to the pier. The guy with the spices was speaking in immaculate English and tried to sell me saffron, cinnamon, kahwa, cardamom at exorbitant prices.  Another pulled up along the other side of the shikara and displayed leather bags and woollen scarves. I was pretty amused by their selling skills and succumbed to the flowing tongue of the flower seller. I don’t know if the lotus seeds will ever sprout but the way he entertained me was worth the money I paid him. He gifted me a small bunch of flowers and said that a gift worth a rupee is worth a million; free gyaan! I picked up silver filigree trinkets from a grey-haired gentleman who was sailing alongside my shikara patiently. Only when the others moved away did he try to sell his wares. He took out exquisite pieces from his treasure chest and I had to use all my bargaining skills to buy what I wanted at a price I felt was reasonable.The sun was out now and most of the sellers were rowing out with their almost empty canoes. My shikarawala was a kind old man and offered me Noon chai and Lavasa; my first taste of noon chai or pink chai (noon means salty) I usually don’t take milk but I wanted to taste it and it wasn’t bad at all.  We headed back to the pier while the spectacular sunrise with its golden hues was reflecting on the blue-green waters of the lake radiating a magical aura.",Jan 2019 • Solo,,,,2024-03-21T18:43:55Z
Floating vegetable market,Srinagar Jammu and Kashmir,g297623,d12911328,4.5,https://www.tripadvisor.com/ShowUserReviews-g297623-d12911328-r672013008-Floating_Vegetable_Market-Srinagar_Srinagar_District_Kashmir_Jammu_and_Kashmir.html,https://dynamic-media-cdn.tripadvisor.com/media/photo-o/1a/f6/e5/2b/default-avatar-2020-52.jpg?w=100&h=-1&s=1,5.0 of 5 bubbles,full of fresh vegetable,18,"a must visit market, you have to wake up before 5 am to go to this market bcos this market open at 5 am - 7 am.",Apr 2019 • Friends,,,,2024-03-21T18:43:55Z
Floating vegetable market,Srinagar Jammu and Kashmir,g297623,d12911328,4.5,https://www.tripadvisor.com/ShowUserReviews-g297623-d12911328-r656008463-Floating_Vegetable_Market-Srinagar_Srinagar_District_Kashmir_Jammu_and_Kashmir.html,https://dynamic-media-cdn.tripadvisor.com/media/photo-o/06/22/f5/2b/kathleenlim.jpg?w=100&h=-1&s=1,4.0 of 5 bubbles,Colourful display!,815,"A visit & stay in a houseboat on Dal Lake is incomplete without an early morning visit to the floating vegetable market! We left in a shikara on a cold cold morning and were rewarded by the colours and sounds of many shikaras ladened with all times of vegetables. Other traders selling food, flowers and Knick knacks intermingled with these early morning activity which usually lasts not more than 2-3 hours of bargaining! An interesting insight into the local life of the floating community!",Oct 2018 • Friends,,,,2024-03-21T18:43:55Z
Floating vegetable market,Srinagar Jammu and Kashmir,g297623,d12911328,4.5,https://www.tripadvisor.com/ShowUserReviews-g297623-d12911328-r642542571-Floating_Vegetable_Market-Srinagar_Srinagar_District_Kashmir_Jammu_and_Kashmir.html,https://dynamic-media-cdn.tripadvisor.com/media/photo-o/1a/f6/f2/eb/default-avatar-2020-27.jpg?w=100&h=-1&s=1,4.0 of 5 bubbles,Fresh Vegetables in Floating Market,46,Must see. Fresh vegetables are sold through floating boats. Prices of vegetables are at par with those sold in market.,Dec 2018 • Family,,,,2024-03-21T18:43:55Z
Floating vegetable market,Srinagar Jammu and Kashmir,g297623,d12911328,4.5,https://www.tripadvisor.com/ShowUserReviews-g297623-d12911328-r634353444-Floating_Vegetable_Market-Srinagar_Srinagar_District_Kashmir_Jammu_and_Kashmir.html,https://dynamic-media-cdn.tripadvisor.com/media/photo-o/15/60/00/4c/resort50591135855.jpg?w=100&h=-1&s=1,5.0 of 5 bubbles,"Magnificient ""Veggie"" Market in middle of Water",3,"I have never heard about floating market till I see it.Actually a small village is present admist of the Dal Lake.People used to travel through small boat and everyone owns it, because it was the only possible way for them to connect the city.",Nov 2018 • Couples,,,,2024-03-21T18:43:55Z
Floating vegetable market,Srinagar Jammu and Kashmir,g297623,d12911328,4.5,https://www.tripadvisor.com/ShowUserReviews-g297623-d12911328-r633704261-Floating_Vegetable_Market-Srinagar_Srinagar_District_Kashmir_Jammu_and_Kashmir.html,https://dynamic-media-cdn.tripadvisor.com/media/photo-o/1a/f6/f3/e4/default-avatar-2020-30.jpg?w=100&h=-1&s=1,5.0 of 5 bubbles,Get up early to see the real kashmir,21,"Floating market takes place early in morning around 5:30, make sure you reach before they get their boats there. Buy some vegetables, some flower seeds if you want. Please get some warm cloths on, it gets pretty cold out there. A must visit place for photographers and people looking for unconventional place.",Nov 2018 • Friends,,,,2024-03-21T18:43:55Z
Floating vegetable market,Srinagar Jammu and Kashmir,g297623,d12911328,4.5,https://www.tripadvisor.com/ShowUserReviews-g297623-d12911328-r626713351-Floating_Vegetable_Market-Srinagar_Srinagar_District_Kashmir_Jammu_and_Kashmir.html,https://dynamic-media-cdn.tripadvisor.com/media/photo-o/12/2b/bf/75/buhari-b.jpg?w=100&h=-1&s=1,5.0 of 5 bubbles,One of its kind Floating market-Dal Lake,21,Even in Venice you will not be able to experience this.  try to visit the floating market in the morning.,Aug 2018 • Family,,,,2024-03-21T18:43:55Z
Floating vegetable market,Srinagar Jammu and Kashmir,g297623,d12911328,4.5,https://www.tripadvisor.com/ShowUserReviews-g297623-d12911328-r625859854-Floating_Vegetable_Market-Srinagar_Srinagar_District_Kashmir_Jammu_and_Kashmir.html,https://dynamic-media-cdn.tripadvisor.com/media/photo-o/1a/f6/f4/5d/default-avatar-2020-32.jpg?w=100&h=-1&s=1,4.0 of 5 bubbles,Interesting and unique,149,For people living in bigger cities this is something very unique and interesting. People coming in their boats and buying vegetables is something very nice to watch.,May 2018 • Family,,,,2024-03-21T18:43:57Z
Floating vegetable market,Srinagar Jammu and Kashmir,g297623,d12911328,4.5,https://www.tripadvisor.com/ShowUserReviews-g297623-d12911328-r623080626-Floating_Vegetable_Market-Srinagar_Srinagar_District_Kashmir_Jammu_and_Kashmir.html,https://dynamic-media-cdn.tripadvisor.com/media/photo-o/15/69/7b/5a/dipanwiita.jpg?w=100&h=-1&s=1,4.0 of 5 bubbles,Good for photography enthusiasts,86,"A good way to experience the local life of people living on the Dal Lake. If you are a photography enthusiast, go for the early morning shikara ride.",Oct 2018 • Solo,,,,2024-03-21T18:43:57Z
Floating vegetable market,Srinagar Jammu and Kashmir,g297623,d12911328,4.5,https://www.tripadvisor.com/ShowUserReviews-g297623-d12911328-r618740672-Floating_Vegetable_Market-Srinagar_Srinagar_District_Kashmir_Jammu_and_Kashmir.html,https://dynamic-media-cdn.tripadvisor.com/media/photo-o/1a/f6/eb/a3/default-avatar-2020-38.jpg?w=100&h=-1&s=1,3.0 of 5 bubbles,Serene morning on Dal Lake,38,"Great to be out on a Shikara at dawn and market was interesting although also a bit of a trap with lots of boats aimed at selling to tourists. Avoid the. ""Offers"" to visit carpet dealers on the lake as there are better places in town to buy if you are interested.",Sep 2018 • Couples,,,,2024-03-21T18:43:57Z
Floating vegetable market,Srinagar Jammu and Kashmir,g297623,d12911328,4.5,https://www.tripadvisor.com/ShowUserReviews-g297623-d12911328-r614500200-Floating_Vegetable_Market-Srinagar_Srinagar_District_Kashmir_Jammu_and_Kashmir.html,https://dynamic-media-cdn.tripadvisor.com/media/photo-o/15/24/36/29/postcardchronicles.jpg?w=100&h=-1&s=1,5.0 of 5 bubbles,Very unique experience to understand the local culture - Must do activity,70,"The Floating Vegetable Market of Srinagar, is a place where Kashmiris living within the lake buy their daily fruit and vegetable supplies. Of course, the lake is famous already for it's houseboats, but the floating market is essential for life to function within the lake.This daily floating market is sort of a wholesale market where small and big shopkeepers (floating boat-shops) buy vegetables from vegetable growers and then go off in their boats to houseboats and other small villages within the lake and sell these to them. Apparently most of these are grown within and around Dal itself.Tip: Take the ride from Nigeen lake, it goes via super scenic lotus and lilly garden before you reach the market and it is a soul soothing experience.",Jul 2018 • Friends,,,,2024-03-21T18:43:57Z
Floating vegetable market,Srinagar Jammu and Kashmir,g297623,d12911328,4.5,https://www.tripadvisor.com/ShowUserReviews-g297623-d12911328-r610566212-Floating_Vegetable_Market-Srinagar_Srinagar_District_Kashmir_Jammu_and_Kashmir.html,https://dynamic-media-cdn.tripadvisor.com/media/photo-o/0d/22/6f/b9/jalal-i.jpg?w=100&h=-1&s=1,4.0 of 5 bubbles,unique,474,its a unique market. local ppl come here with boats. and they bring homegrown vegetables here. seats mostly in the morning. u can also see a few int he afternoon too. located just beside the main road on the daal lake.,Aug 2018 • Solo,,,,2024-03-21T18:43:57Z
Floating vegetable market,Srinagar Jammu and Kashmir,g297623,d12911328,4.5,https://www.tripadvisor.com/ShowUserReviews-g297623-d12911328-r607058686-Floating_Vegetable_Market-Srinagar_Srinagar_District_Kashmir_Jammu_and_Kashmir.html,https://dynamic-media-cdn.tripadvisor.com/media/photo-o/14/2b/0d/15/gargi28.jpg?w=100&h=-1&s=1,4.0 of 5 bubbles,Interesting,158,"We left on a shikara to see this unusual market at 4.30 am from Nigeen Lake.It was a wonderful ride, before sunrise to reach the market. Exciting to see the trade going on & on the way we bought some local, freshly baked bread from one of the shikara shops. Had freshly brewed kahwa there. Its become a tourist attraction now so you have other jewellery sellers, knick knack sellers peddling their ware too on their shikaras.",Jul 2018 • Family,,,,2024-03-21T18:43:57Z
Floating vegetable market,Srinagar Jammu and Kashmir,g297623,d12911328,4.5,https://www.tripadvisor.com/ShowUserReviews-g297623-d12911328-r602047006-Floating_Vegetable_Market-Srinagar_Srinagar_District_Kashmir_Jammu_and_Kashmir.html,https://dynamic-media-cdn.tripadvisor.com/media/photo-o/1a/f6/77/ae/default-avatar-2020-2.jpg?w=100&h=-1&s=1,4.0 of 5 bubbles,Unique Market,823,"The Floating Vegetable Market in Dal lake is basically a demarcated area in Dal lake where people on boats sell their vegetables, fruits and flowers. Most of the Shikaras take the tourists to visit this unique market. Its is a different experience as perhaps this is the only place in India where one gets to see such a market.",Jun 2018 • Couples,,,,2024-03-21T18:43:57Z
Floating vegetable market,Srinagar Jammu and Kashmir,g297623,d12911328,4.5,https://www.tripadvisor.com/ShowUserReviews-g297623-d12911328-r600155345-Floating_Vegetable_Market-Srinagar_Srinagar_District_Kashmir_Jammu_and_Kashmir.html,https://dynamic-media-cdn.tripadvisor.com/media/photo-o/29/75/21/67/gurughummakad.jpg?w=100&h=-1&s=1,3.0 of 5 bubbles,Market for residents of Dal Lake,289,"Dal Lake is famous for house boats, where lot of tourists stay for days and this floating market matches their daily needs of fresh fruits and vegetables.  Prices are obviously higher than the regular city shops, however, it is a great experience to buy things on the move!!!",Aug 2017 • Friends,,,,2024-03-21T18:43:57Z
Floating vegetable market,Srinagar Jammu and Kashmir,g297623,d12911328,4.5,https://www.tripadvisor.com/ShowUserReviews-g297623-d12911328-r596452451-Floating_Vegetable_Market-Srinagar_Srinagar_District_Kashmir_Jammu_and_Kashmir.html,https://dynamic-media-cdn.tripadvisor.com/media/photo-o/13/b6/f7/75/navin-s.jpg?w=100&h=-1&s=1,4.0 of 5 bubbles,Awesome market,171,"It's a place to visit if you want to observe how life goes on for an local Kashmiri, and its also a great place for photography.Beautiful captures from the place.What a life they lead! I hope to visit some day.",Jun 2018 • Family,,,,2024-03-21T18:43:57Z
Floating vegetable market,Srinagar Jammu and Kashmir,g297623,d12911328,4.5,https://www.tripadvisor.com/ShowUserReviews-g297623-d12911328-r589174499-Floating_Vegetable_Market-Srinagar_Srinagar_District_Kashmir_Jammu_and_Kashmir.html,https://dynamic-media-cdn.tripadvisor.com/media/photo-o/0f/c2/73/52/sanjay-a.jpg?w=100&h=-1&s=1,4.0 of 5 bubbles,Float Purchasing,71,"The floating sikaras with vegitables, flowers, fruits and ice creams is a common view in Dal Lake. Vegitables are also grown  in Dal Lake which is unique.",May-18,,,,2024-03-21T18:43:57Z
Floating vegetable market,Srinagar Jammu and Kashmir,g297623,d12911328,4.5,https://www.tripadvisor.com/ShowUserReviews-g297623-d12911328-r587710336-Floating_Vegetable_Market-Srinagar_Srinagar_District_Kashmir_Jammu_and_Kashmir.html,https://dynamic-media-cdn.tripadvisor.com/media/photo-o/1a/f6/e9/60/default-avatar-2020-64.jpg?w=100&h=-1&s=1,4.0 of 5 bubbles,Different Experience...,242,"It is located in Dal lake. Through Shikara ride, we can visit floating market. Really it is different experience. Had fun.",Jun 2018 • Family,,,,2024-03-21T18:43:59Z
Floating vegetable market,Srinagar Jammu and Kashmir,g297623,d12911328,4.5,https://www.tripadvisor.com/ShowUserReviews-g297623-d12911328-r577966776-Floating_Vegetable_Market-Srinagar_Srinagar_District_Kashmir_Jammu_and_Kashmir.html,https://dynamic-media-cdn.tripadvisor.com/media/photo-o/09/92/eb/7a/manishsarraf.jpg?w=100&h=-1&s=1,4.0 of 5 bubbles,Wonderful scene and Good View,569,"One should see the beautiful of the boats laden with vegetable and flowers, also one should purchase local items from the vendors.",Mar 2018 • Family,,,,2024-03-21T18:43:59Z
Floating vegetable market,Srinagar Jammu and Kashmir,g297623,d12911328,4.5,https://www.tripadvisor.com/ShowUserReviews-g297623-d12911328-r574574440-Floating_Vegetable_Market-Srinagar_Srinagar_District_Kashmir_Jammu_and_Kashmir.html,https://dynamic-media-cdn.tripadvisor.com/media/photo-o/12/b2/84/ab/caption.jpg?w=100&h=-1&s=1,4.0 of 5 bubbles,funny,125,only male merchant take vegetable  flower seed.It will better if take tea or coffee in Yeti glass for make warmer.,Apr 2018 • Family,,,,2024-03-21T18:43:59Z
Floating vegetable market,Srinagar Jammu and Kashmir,g297623,d12911328,4.5,https://www.tripadvisor.com/ShowUserReviews-g297623-d12911328-r573551980-Floating_Vegetable_Market-Srinagar_Srinagar_District_Kashmir_Jammu_and_Kashmir.html,https://dynamic-media-cdn.tripadvisor.com/media/photo-o/07/29/2d/08/mlc526.jpg?w=100&h=-1&s=1,5.0 of 5 bubbles,fun,23,It is amazing to see how these vendors handle the boats while selling their fresh produce.  A lovely experience.,Apr 2018 • Friends,,,,2024-03-21T18:43:59Z
Floating vegetable market,Srinagar Jammu and Kashmir,g297623,d12911328,4.5,https://www.tripadvisor.com/ShowUserReviews-g297623-d12911328-r552455649-Floating_Vegetable_Market-Srinagar_Srinagar_District_Kashmir_Jammu_and_Kashmir.html,https://dynamic-media-cdn.tripadvisor.com/media/photo-o/1a/f6/f0/9f/default-avatar-2020-16.jpg?w=100&h=-1&s=1,5.0 of 5 bubbles,What an amazing experience,49,What an amazing experience. The floating vegetable market is just one of the most incredible experiences I have had. It’s a must do when visiting Srinagar. The site of the vegetable vendors selling fruits and vegetables on their boats the crisp morning air and the mountains of Kashmir- Heaven on Earth!!,Mar 2017 • Family,,,,2024-03-21T18:43:59Z
Floating vegetable market,Srinagar Jammu and Kashmir,g297623,d12911328,4.5,https://www.tripadvisor.com/ShowUserReviews-g297623-d12911328-r544560875-Floating_Vegetable_Market-Srinagar_Srinagar_District_Kashmir_Jammu_and_Kashmir.html,https://dynamic-media-cdn.tripadvisor.com/media/photo-o/28/b0/d7/06/caption.jpg?w=100&h=-1&s=1,3.0 of 5 bubbles,Eco System of the Lake.,658,"Dal Lake is extensive and wide in the serene Kashmiri highlands .There were restrictions to build houses in the valley during the Dogra dynasty.The British circumvented the rule by building Boat Houses on the lake.Boat Houses created a web of economic activities on Dal Lake.The Hanji people are prominent.They were boat builders ,service providers , traders ,farmers and transporters .They bought ,sold ,lived and travelled on the lake.A floating market flourished.We took a Shakira boat to visit the floating shops. There was a cluster of boats selling fresh farm vegetables and fruits. We rowed by many boat hotels. There was a floating emporium and post office. It is a natural eco system on Dal Lake.",Nov 2017 • Couples,,,,2024-03-21T18:43:59Z
Floating vegetable market,Srinagar Jammu and Kashmir,g297623,d12911328,4.5,https://www.tripadvisor.com/ShowUserReviews-g297623-d12911328-r534062773-Floating_Vegetable_Market-Srinagar_Srinagar_District_Kashmir_Jammu_and_Kashmir.html,https://dynamic-media-cdn.tripadvisor.com/media/photo-o/1a/f6/e3/6a/default-avatar-2020-47.jpg?w=100&h=-1&s=1,5.0 of 5 bubbles,Unforgetable glimpse into the life of Lake Dal,39,"We set off from our house boat on the Neighbouring lake of Nagin before dawn- being paddled across the approximately 1hr trip by Shikara. It was worth every yawn and pre-dawn protest. The market is a true glimpse into ordinary life here and an adventure exploring the many canals filled with birds and wetland plants. Be sure to track down ""Mr Delicious"" with his supply of home-baked biscuits and sweets at the market. An extremely special experience!",Sep 2017 • Friends,,,,2024-03-21T18:43:59Z
Floating vegetable market,Srinagar Jammu and Kashmir,g297623,d12911328,4.5,https://www.tripadvisor.com/ShowUserReviews-g297623-d12911328-r525258097-Floating_Vegetable_Market-Srinagar_Srinagar_District_Kashmir_Jammu_and_Kashmir.html,https://dynamic-media-cdn.tripadvisor.com/media/photo-s/01/92/f7/96/maxidog1.jpg?w=100&h=-1&s=1,5.0 of 5 bubbles,Great expereince for the start of the day,586,The floating vegetable market really needs no more of a description than the title. Local traders pitch up in their boats and haggle over exchanges of vegetables whilst on the water. The event happens very early in the morning on Dal lake and accessing the activities will require the hire of a Shikara. The events start in the dark and progress over day-break until most of the vegetables are sold by around 7am.,Sep 2017 • Couples,,,,2024-03-21T18:43:59Z
