names,address,geo_id,hotel_id,rating,url,profile_image,review_score,review_heading,profile_contr,review_body,date_of_stay,company_responder,company_response,company_response_date,timestamp
Achabal Garden,Srinagar Jammu and Kashmir,g297623,d4435342,4.5,https://www.tripadvisor.com/ShowUserReviews-g297623-d4435342-r900366854-Achabal_Garden-Srinagar_Srinagar_District_Kashmir_Jammu_and_Kashmir.html,https://dynamic-media-cdn.tripadvisor.com/media/photo-o/1a/f6/f1/06/default-avatar-2020-18.jpg?w=100&h=-1&s=1,5.0 of 5 bubbles,Beautiful Garden: A Must See,209,Beautiful laid out Mughal garden.Best among all the Mughal gardens. Drive through beautiful countryside with rice fields and apple orchards on either sideEntry Rs 24 per person. Remember to ask for change.Terraced garden with water flowing in the centreLots of trees and so plenty of shadeBenches available but most occupied by photographers who take pictures in Kashmiri dressGo up to the top to see two water springs coming out from the groundBeautiful surroundings for clicking pictures.Washroom on the left on second terrace but very dirty. Whole floor covered by water and mud. Better to Avoid using it.Very nice garden for picturesMarket outside where snacks and food is availableTime required around one hour.,Jun 2023 • Couples,,,,2024-03-21T18:45:54Z
Achabal Garden,Srinagar Jammu and Kashmir,g297623,d4435342,4.5,https://www.tripadvisor.com/ShowUserReviews-g297623-d4435342-r838830319-Achabal_Garden-Srinagar_Srinagar_District_Kashmir_Jammu_and_Kashmir.html,https://dynamic-media-cdn.tripadvisor.com/media/photo-o/17/2d/2f/8b/caption.jpg?w=100&h=-1&s=1,4.0 of 5 bubbles,Overcrowded but good ,338,We went on Friday and it was very crowded. However it is well maintained except for their horrible toilet. The stream of water is potable at the source as it coming out from underground,May 2022 • Family,,,,2024-03-21T18:45:54Z
Achabal Garden,Srinagar Jammu and Kashmir,g297623,d4435342,4.5,https://www.tripadvisor.com/ShowUserReviews-g297623-d4435342-r747390849-Achabal_Garden-Srinagar_Srinagar_District_Kashmir_Jammu_and_Kashmir.html,https://dynamic-media-cdn.tripadvisor.com/media/photo-o/1a/f6/e3/6a/default-avatar-2020-47.jpg?w=100&h=-1&s=1,4.0 of 5 bubbles,This garden is a secreat gem,448,Achabal Garden which many people do not visit here but this garden is too very much charming than others. Water and flowers.,Dec-19,,,,2024-03-21T18:45:54Z
Achabal Garden,Srinagar Jammu and Kashmir,g297623,d4435342,4.5,https://www.tripadvisor.com/ShowUserReviews-g297623-d4435342-r702789038-Achabal_Garden-Srinagar_Srinagar_District_Kashmir_Jammu_and_Kashmir.html,https://dynamic-media-cdn.tripadvisor.com/media/photo-o/29/69/43/6d/keshavchakraborty.jpg?w=100&h=-1&s=1,4.0 of 5 bubbles,A good weekend gateway,871,"Tourists merely visit this place as this is not much famous among tourists from other parts of the country.But if you visit this garden, you ll feel that you can pass whole day along with your family and enjoy picnic there.",Sep 2018 • Friends,,,,2024-03-21T18:45:54Z
Achabal Garden,Srinagar Jammu and Kashmir,g297623,d4435342,4.5,https://www.tripadvisor.com/ShowUserReviews-g297623-d4435342-r684467538-Achabal_Garden-Srinagar_Srinagar_District_Kashmir_Jammu_and_Kashmir.html,https://dynamic-media-cdn.tripadvisor.com/media/photo-o/1a/f6/e7/fe/default-avatar-2020-58.jpg?w=100&h=-1&s=1,5.0 of 5 bubbles,Best gardens in kashmir,28,"If you are in kashmir and are fond of gardens, you must visit achabal, kokernag and verinag . The gardens at these places are much better than that of srinagar with much less crowd.",Jun 2019 • Family,,,,2024-03-21T18:45:54Z
Achabal Garden,Srinagar Jammu and Kashmir,g297623,d4435342,4.5,https://www.tripadvisor.com/ShowUserReviews-g297623-d4435342-r649474216-Achabal_Garden-Srinagar_Srinagar_District_Kashmir_Jammu_and_Kashmir.html,https://dynamic-media-cdn.tripadvisor.com/media/photo-o/1a/f6/f2/59/default-avatar-2020-24.jpg?w=100&h=-1&s=1,5.0 of 5 bubbles,Nice Garden Full Of Nature,7,If you ever visited kashmir alo visit this place with family friends or children...it is really a beautiful place and is nice for childrens.,Feb 2019 • Family,,,,2024-03-21T18:45:54Z
Achabal Garden,Srinagar Jammu and Kashmir,g297623,d4435342,4.5,https://www.tripadvisor.com/ShowUserReviews-g297623-d4435342-r625847738-Achabal_Garden-Srinagar_Srinagar_District_Kashmir_Jammu_and_Kashmir.html,https://dynamic-media-cdn.tripadvisor.com/media/photo-o/1a/f6/f4/5d/default-avatar-2020-32.jpg?w=100&h=-1&s=1,4.0 of 5 bubbles,Fantastic,149,It is again not in srinagar and you have travel a little towards Anantnag. The roaring sound of water can be heard much before you reach this beautiful place. Any my god what a place.,May 2018 • Family,,,,2024-03-21T18:45:54Z
Achabal Garden,Srinagar Jammu and Kashmir,g297623,d4435342,4.5,https://www.tripadvisor.com/ShowUserReviews-g297623-d4435342-r612508512-Achabal_Garden-Srinagar_Srinagar_District_Kashmir_Jammu_and_Kashmir.html,https://dynamic-media-cdn.tripadvisor.com/media/photo-o/04/67/ee/1b/raja-p.jpg?w=100&h=-1&s=1,4.0 of 5 bubbles,very good,83,it is good place for tourists especially the fresh air and the chilly gusts of wind which originates from the famous alpine forest .,May 2018 • Family,,,,2024-03-21T18:45:54Z
Achabal Garden,Srinagar Jammu and Kashmir,g297623,d4435342,4.5,https://www.tripadvisor.com/ShowUserReviews-g297623-d4435342-r584489264-Achabal_Garden-Srinagar_Srinagar_District_Kashmir_Jammu_and_Kashmir.html,https://dynamic-media-cdn.tripadvisor.com/media/photo-o/1a/f6/7c/01/default-avatar-2020-5.jpg?w=100&h=-1&s=1,3.0 of 5 bubbles,Average Garden,54,"We visited this garden while returning from Sinthan Top. Nothing Great. If you have plans of visiting Gardens in Srinagar, then you can skip this from your list. Neatly maintained.",May 2018 • Family,,,,2024-03-21T18:45:54Z
Achabal Garden,Srinagar Jammu and Kashmir,g297623,d4435342,4.5,https://www.tripadvisor.com/ShowUserReviews-g297623-d4435342-r582157001-Achabal_Garden-Srinagar_Srinagar_District_Kashmir_Jammu_and_Kashmir.html,https://dynamic-media-cdn.tripadvisor.com/media/photo-o/1a/f6/ea/74/default-avatar-2020-68.jpg?w=100&h=-1&s=1,4.0 of 5 bubbles,Good unique garden,365,This is one of the famous garden in Anantnag district. Garden is like mugha garden. Flow of spring water make this place more beautiful.,Apr 2018 • Couples,,,,2024-03-21T18:45:54Z
Achabal Garden,Srinagar Jammu and Kashmir,g297623,d4435342,4.5,https://www.tripadvisor.com/ShowUserReviews-g297623-d4435342-r578459602-Achabal_Garden-Srinagar_Srinagar_District_Kashmir_Jammu_and_Kashmir.html,https://dynamic-media-cdn.tripadvisor.com/media/photo-o/09/92/eb/7a/manishsarraf.jpg?w=100&h=-1&s=1,4.0 of 5 bubbles,Another wonderful Garden in Srinagar,569,The place is amazing during April and May as you can Walnut and Chinar trees with new leaves and flowers blooming all around.,Mar 2018 • Family,,,,2024-03-21T18:45:56Z
Achabal Garden,Srinagar Jammu and Kashmir,g297623,d4435342,4.5,https://www.tripadvisor.com/ShowUserReviews-g297623-d4435342-r576783619-Achabal_Garden-Srinagar_Srinagar_District_Kashmir_Jammu_and_Kashmir.html,https://dynamic-media-cdn.tripadvisor.com/media/photo-o/12/d0/94/77/santosh-g.jpg?w=100&h=-1&s=1,4.0 of 5 bubbles,Nice Garden,238,Beautiful made flower garden.  good place to walk around and have peace.  Had a nice patience walk and sitting for few hours,May 2017 • Couples,,,,2024-03-21T18:45:56Z
Achabal Garden,Srinagar Jammu and Kashmir,g297623,d4435342,4.5,https://www.tripadvisor.com/ShowUserReviews-g297623-d4435342-r576357712-Achabal_Garden-Srinagar_Srinagar_District_Kashmir_Jammu_and_Kashmir.html,https://dynamic-media-cdn.tripadvisor.com/media/photo-o/1a/f6/e5/66/default-avatar-2020-53.jpg?w=100&h=-1&s=1,5.0 of 5 bubbles,Full of flowers and walnuts trees,419,Achabal garden is some far away from the main city Srinagar. This garden is full of trees of walnuts and  there is a river which flows alongside this garden which gives a unforgettable view.,Apr 2018 • Couples,,,,2024-03-21T18:45:56Z
Achabal Garden,Srinagar Jammu and Kashmir,g297623,d4435342,4.5,https://www.tripadvisor.com/ShowUserReviews-g297623-d4435342-r495551488-Achabal_Garden-Srinagar_Srinagar_District_Kashmir_Jammu_and_Kashmir.html,https://dynamic-media-cdn.tripadvisor.com/media/photo-o/1a/f6/ec/3d/default-avatar-2020-1.jpg?w=100&h=-1&s=1,5.0 of 5 bubbles,Trout fishes were seen in the river,175,"From achabal garden, trout fish were seen in the river which was flowing alongside the garden. There were many flowers and one thing is that it was less crowded than other gardens.",Apr 2017 • Couples,,,,2024-03-21T18:45:56Z
Achabal Garden,Srinagar Jammu and Kashmir,g297623,d4435342,4.5,https://www.tripadvisor.com/ShowUserReviews-g297623-d4435342-r487669861-Achabal_Garden-Srinagar_Srinagar_District_Kashmir_Jammu_and_Kashmir.html,https://dynamic-media-cdn.tripadvisor.com/media/photo-o/1c/6d/46/7e/caption.jpg?w=100&h=-1&s=1,4.0 of 5 bubbles,Achbal - The forgotten Mughal Garden,211,"The road to Achbal is flanked by Apple orchards and Walnut trees and the drive is smooth and refreshing. At the rafting point the River Lider widens and there are number of scenic hotels. The place is beautiful for eyes..Achbal can be reached after nearly 90 mins drive from Pahalgam. Enter the Garden to view the trademark of Mughal Architecture.. The stream with Fountains flowing through the middle and Garden on both sides.. Though a spring and garden existed here from a long time ago, Empress Noorjehan personally oversaw this garden from 1620 onwards and roses everywhere bear testimony to her efforts.. The Garden is green but the littering surely needs improvement.",Jun-16,,,,2024-03-21T18:45:56Z
Achabal Garden,Srinagar Jammu and Kashmir,g297623,d4435342,4.5,https://www.tripadvisor.com/ShowUserReviews-g297623-d4435342-r474413114-Achabal_Garden-Srinagar_Srinagar_District_Kashmir_Jammu_and_Kashmir.html,https://dynamic-media-cdn.tripadvisor.com/media/photo-o/0e/df/e3/6f/faumijk.jpg?w=100&h=-1&s=1,4.0 of 5 bubbles,"Beautiful garden, natural streams and trout fishes.",20,Achabal is the town which is located at a distance of 60 km from srinagar city. It is a beautiful tourist place. I visited it many times along with verinag and kokarnag. It is a complete day tour.,Aug 2016 • Family,,,,2024-03-21T18:45:56Z
Achabal Garden,Srinagar Jammu and Kashmir,g297623,d4435342,4.5,https://www.tripadvisor.com/ShowUserReviews-g297623-d4435342-r464954695-Achabal_Garden-Srinagar_Srinagar_District_Kashmir_Jammu_and_Kashmir.html,https://dynamic-media-cdn.tripadvisor.com/media/photo-o/1a/f6/ea/b2/default-avatar-2020-69.jpg?w=100&h=-1&s=1,5.0 of 5 bubbles,Full of fountains,398,This garden is just full of fountains.  One of the oldest gardens and very well maintained.  You really enjoy this.,May 2016 • Family,,,,2024-03-21T18:45:56Z
Achabal Garden,Srinagar Jammu and Kashmir,g297623,d4435342,4.5,https://www.tripadvisor.com/ShowUserReviews-g297623-d4435342-r411507315-Achabal_Garden-Srinagar_Srinagar_District_Kashmir_Jammu_and_Kashmir.html,https://dynamic-media-cdn.tripadvisor.com/media/photo-o/1a/f6/eb/e3/default-avatar-2020-59.jpg?w=100&h=-1&s=1,4.0 of 5 bubbles,garden garden!,185,A great and awesome garden with trees everywhere. Also the garden is very big and huge with greenry all around.,Feb 2016 • Family,,,,2024-03-21T18:45:56Z
Achabal Garden,Srinagar Jammu and Kashmir,g297623,d4435342,4.5,https://www.tripadvisor.com/ShowUserReviews-g297623-d4435342-r391797690-Achabal_Garden-Srinagar_Srinagar_District_Kashmir_Jammu_and_Kashmir.html,https://dynamic-media-cdn.tripadvisor.com/media/photo-o/0b/7b/d2/25/kcdebnath.jpg?w=100&h=-1&s=1,4.0 of 5 bubbles,Achabal Garden  or the places of the Princes,798,"Jammu & Kashmir is blessed with a lot of  diversities- the journey from Jammu , the   Kashmir valley, the mountain ranges, the temples, the mosques, the serene  Dal lake, the Tulip garden, the rivers, Ladakh, Jay Mata Di, the glaciers, the sacred Amarnath Cave, the houseboats, & above all the six Mughal gardens. We become spell bound to observe the colours in different seasons, the apple orchard & the saffron ( kesar ) plants, the poplars, the chinars & what not.  There is no other state in India than J&k state enriched with the above awesome resources. There are six Mughal gardens in Kashmir out of which four are in Srinagar and other two in Anantanag district, viz, Verinag & Achabal garden. The main road from Srinagar turns south while a branch road stretches towards east. From Anantanag town on this eastward road  only 10km ahead a village/ a small town called Achabal. Achabal is situated at a height of 1677mt from SL.Islam came to Kashmir in 14th century  with a dynasty influenced by Persian  art, culture,  dress , customs and also with the art of gardening. The Mughals set foot in 16th century. The natural beauty of the place seized  with them  an idea of exploiting it by setting up pleasure garden. Beginning with Akbar who paid 3 visits here, made Kashmir his summer resrot , followed by Jahangir, Shah Jahan,  &  Aurangzeb. To Jahangir it was the paradise on earth. He was very innovative in selection of the site which invariably is at the foot hills, abundant water supply, terraced garden layouts. Thus six gardens were built by exploiting the natural landscape  &  water resources, never dried so far,  More over the array of Chinar trees so old & the poplar trees added the beauty. In Srinagar the gardens are in between the Lake and the lower hills. The traits in these garden are more or less same.Achabal is rather smaller compared to others. History says that there was an orchard garden here in the very early period. Empress Nur Jahan, wife of Jahangir, rebuilt this garden in 1620 AD & was named as Begum- bad. The garden is at the Sosanwar  foot hills where from water is gushing out forcefully  with  a row of chinar trees ,& the spring at the centre fitted with canal, branch canal, and the platform & pavilion built over the water channel. A hamam was built by Jahanara, eldest daughter of Emperor Shah Jahan. The features like the spring, the cascade, the fountain, the terrace, raised walkways  are skillfully used .  More particularly the plantation of  chinar trees exhibits change of colors with the season changes, , pale green in Spring to rich green in Summer, orange in the autumn  which turns  grey in winter.It is now a public garden, rebuilt and well managed by the horticulture dept.  How to visit- You can visit this garden from Srinagar , preferably by a car which is 58 km from Anantanag and another 10 km to reach here. If you want to visit Verinag which is 87 km from Srinagar, you will have to come again at Ananta nag.",Apr 2016 • Couples,,,,2024-03-21T18:45:56Z
Achabal Garden,Srinagar Jammu and Kashmir,g297623,d4435342,4.5,https://www.tripadvisor.com/ShowUserReviews-g297623-d4435342-r389330512-Achabal_Garden-Srinagar_Srinagar_District_Kashmir_Jammu_and_Kashmir.html,https://dynamic-media-cdn.tripadvisor.com/media/photo-o/0a/bc/dc/39/deepakchaku.jpg?w=100&h=-1&s=1,3.0 of 5 bubbles,ok kinds,39,All mughal gardens r nice & well maintained.They all start looking the same after some timeGood picture spots.Entry fee 20,Jun 2016 • Family,,,,2024-03-21T18:45:56Z
Achabal Garden,Srinagar Jammu and Kashmir,g297623,d4435342,4.5,https://www.tripadvisor.com/ShowUserReviews-g297623-d4435342-r388727081-Achabal_Garden-Srinagar_Srinagar_District_Kashmir_Jammu_and_Kashmir.html,https://dynamic-media-cdn.tripadvisor.com/media/photo-o/1a/f6/e5/2b/default-avatar-2020-52.jpg?w=100&h=-1&s=1,5.0 of 5 bubbles,Very serene place,8,"The garden is historic and has very calm environment. Very beautiful flowers. You can spend a good day here for a picnic, provided you carry your food. The entry fee is INR 20/person.",Jul-16,,,,2024-03-21T18:45:57Z
Achabal Garden,Srinagar Jammu and Kashmir,g297623,d4435342,4.5,https://www.tripadvisor.com/ShowUserReviews-g297623-d4435342-r382109807-Achabal_Garden-Srinagar_Srinagar_District_Kashmir_Jammu_and_Kashmir.html,https://dynamic-media-cdn.tripadvisor.com/media/photo-o/1a/f6/e5/2b/default-avatar-2020-52.jpg?w=100&h=-1&s=1,5.0 of 5 bubbles,Beautiful,61,"Beautiful garden...All gardens in Srinagar look similar but this is the best among them, as this garden is located a bit out of the usual way, people do not prefer visiting it but mark my words, you should not leave Anantnaag without visiting this garden...",May 2016 • Solo,,,,2024-03-21T18:45:57Z
Achabal Garden,Srinagar Jammu and Kashmir,g297623,d4435342,4.5,https://www.tripadvisor.com/ShowUserReviews-g297623-d4435342-r377478683-Achabal_Garden-Srinagar_Srinagar_District_Kashmir_Jammu_and_Kashmir.html,https://dynamic-media-cdn.tripadvisor.com/media/photo-o/1a/f6/e7/fe/default-avatar-2020-58.jpg?w=100&h=-1&s=1,5.0 of 5 bubbles,"Ashok, Mumbai, India ",81,"Gorgeous garden reflecting great history n nature's charisma of lush green exoticness, well maintained, worth visiting. .",May 2016 • Friends,,,,2024-03-21T18:45:57Z
Achabal Garden,Srinagar Jammu and Kashmir,g297623,d4435342,4.5,https://www.tripadvisor.com/ShowUserReviews-g297623-d4435342-r376043333-Achabal_Garden-Srinagar_Srinagar_District_Kashmir_Jammu_and_Kashmir.html,https://dynamic-media-cdn.tripadvisor.com/media/photo-o/1a/f6/e5/66/default-avatar-2020-53.jpg?w=100&h=-1&s=1,5.0 of 5 bubbles,Amazing Mughal garden with natural waterbody,8,Beautiful mughal garden with natural waterfall uch better than the popular ones in srinagar city.  Very well maintained and mughal architecture is also very good.,Apr 2016 • Family,,,,2024-03-21T18:45:57Z
Achabal Garden,Srinagar Jammu and Kashmir,g297623,d4435342,4.5,https://www.tripadvisor.com/ShowUserReviews-g297623-d4435342-r366342297-Achabal_Garden-Srinagar_Srinagar_District_Kashmir_Jammu_and_Kashmir.html,https://dynamic-media-cdn.tripadvisor.com/media/photo-o/0a/49/c0/21/pravin1981.jpg?w=100&h=-1&s=1,4.0 of 5 bubbles,one of the BEST,48,it is one of the best mughal gardens of kashmir. beautiful well maintained and full of greenery.Must visit in Kashmir.,Mar-16,,,,2024-03-21T18:45:57Z
Achabal Garden,Srinagar Jammu and Kashmir,g297623,d4435342,4.5,https://www.tripadvisor.com/ShowUserReviews-g297623-d4435342-r362066634-Achabal_Garden-Srinagar_Srinagar_District_Kashmir_Jammu_and_Kashmir.html,https://dynamic-media-cdn.tripadvisor.com/media/photo-o/0a/c3/c4/df/anita-d.jpg?w=100&h=-1&s=1,3.0 of 5 bubbles,Ok place,12,We went to achabal for a day trip. The place is similar to the mughla gardens.we found it an average place....,Mar 2016 • Friends,,,,2024-03-21T18:45:57Z
Achabal Garden,Srinagar Jammu and Kashmir,g297623,d4435342,4.5,https://www.tripadvisor.com/ShowUserReviews-g297623-d4435342-r359402848-Achabal_Garden-Srinagar_Srinagar_District_Kashmir_Jammu_and_Kashmir.html,https://dynamic-media-cdn.tripadvisor.com/media/photo-o/17/40/6e/96/offbeat-explorers.jpg?w=100&h=-1&s=1,5.0 of 5 bubbles,"Beautiful, Serene and Peaceful Mughal Gardens",161,"Achabal’s Mughal Garden are splendid and certainly worth a walk if you are passing through Achabal. Achabal is a small laid back town in Kashmir located around 10 KMs from Anantnag .There is a beautiful water spring that passes right through the center of the garden and then on both sides, there are big trees and green grass garden where you can enjoy your time. At the end , you can find the source of water stream originating right through the center under the big mountain.Mughal Gardens are spectacular but you will not find much in Achabal except beautiful Mughal Gardens. So, you do not have to plan a stay at Achabal to visit Mughal Gardens . You can plan half a day visit and that would be good enough time to enjoy the beauty of these gardens.There is a nominal entry fee of Rs 20 per person and gardens open at 9 AM.",Nov 2015 • Couples,,,,2024-03-21T18:45:57Z
Achabal Garden,Srinagar Jammu and Kashmir,g297623,d4435342,4.5,https://www.tripadvisor.com/ShowUserReviews-g297623-d4435342-r351005929-Achabal_Garden-Srinagar_Srinagar_District_Kashmir_Jammu_and_Kashmir.html,https://dynamic-media-cdn.tripadvisor.com/media/photo-o/1a/f6/ea/b2/default-avatar-2020-69.jpg?w=100&h=-1&s=1,5.0 of 5 bubbles,lovely fountains,398,you will find lovely fountains all over.  such a beautiful place to visit.  donot miss as you will not find such lovely views.,May 2015 • Family,,,,2024-03-21T18:45:57Z
Achabal Garden,Srinagar Jammu and Kashmir,g297623,d4435342,4.5,https://www.tripadvisor.com/ShowUserReviews-g297623-d4435342-r338664941-Achabal_Garden-Srinagar_Srinagar_District_Kashmir_Jammu_and_Kashmir.html,https://dynamic-media-cdn.tripadvisor.com/media/photo-o/1c/79/ba/12/shekhar67.jpg?w=100&h=-1&s=1,4.0 of 5 bubbles,Must Visit,786,"Place not well know, but once you reach there its great place to be around. Must compliment the JKTDC for well maintaining the gardens in the valley.",Dec 2015 • Family,,,,2024-03-21T18:45:57Z
Achabal Garden,Srinagar Jammu and Kashmir,g297623,d4435342,4.5,https://www.tripadvisor.com/ShowUserReviews-g297623-d4435342-r336547435-Achabal_Garden-Srinagar_Srinagar_District_Kashmir_Jammu_and_Kashmir.html,https://dynamic-media-cdn.tripadvisor.com/media/photo-o/1d/d1/95/4e/basab-r.jpg?w=100&h=-1&s=1,4.0 of 5 bubbles,Mughal Style Garden outside Srinagar ,788,"Mughal Empress Nur Jahan built this splendid garden in Achabal near Anantanag in 1620 AD .Terrace Garden has been nicely developed centering strong natural spring which flows from top of the garden to the base. The typical Mughal architectural marvels could  still be seen, though there appears to be lack of mentanence. There are very old Chinar trees in the garden. The guide claimed that these are more than 300 years old. I will suggest that travelers should visit Achabal along with Kokernag and Anantanag from Pahalgam at the time of return journey to Srinagar. It will take 4/ 5 additional hours.",Apr 2015 • Friends,,,,2024-03-21T18:45:57Z
Achabal Garden,Srinagar Jammu and Kashmir,g297623,d4435342,4.5,https://www.tripadvisor.com/ShowUserReviews-g297623-d4435342-r331610264-Achabal_Garden-Srinagar_Srinagar_District_Kashmir_Jammu_and_Kashmir.html,https://dynamic-media-cdn.tripadvisor.com/media/photo-o/1a/f6/f4/20/default-avatar-2020-31.jpg?w=100&h=-1&s=1,5.0 of 5 bubbles,great,34,"being stationed near to the place, we had a lot of time to visit the place.the architectural designs of the kashmiri gardens differ from the rest of the country.the place is sere and beautiful however gets crowded on weekends specially after friday prayers.its a great hangout for the photographers.",Nov 2015 • Family,,,,2024-03-21T18:45:59Z
Achabal Garden,Srinagar Jammu and Kashmir,g297623,d4435342,4.5,https://www.tripadvisor.com/ShowUserReviews-g297623-d4435342-r324419610-Achabal_Garden-Srinagar_Srinagar_District_Kashmir_Jammu_and_Kashmir.html,https://dynamic-media-cdn.tripadvisor.com/media/photo-o/05/a6/23/b5/p7mir.jpg?w=100&h=-1&s=1,5.0 of 5 bubbles,Splendid tourist place,540,"Achabal Garden, developed by Mughals, is one of the most  splendid tourist place  in  Anantnag Distt.  Kashmir (J&K). Easily accessible by road is about 60 km from Srinagar and about 10 km from Anantnag. This is good place to visit during summer time, also known as the places of the princes. For tourists, is ""must visit place""",Jul 2015 • Family,,,,2024-03-21T18:45:59Z
Achabal Garden,Srinagar Jammu and Kashmir,g297623,d4435342,4.5,https://www.tripadvisor.com/ShowUserReviews-g297623-d4435342-r323350620-Achabal_Garden-Srinagar_Srinagar_District_Kashmir_Jammu_and_Kashmir.html,https://dynamic-media-cdn.tripadvisor.com/media/photo-o/1a/f6/e8/ea/default-avatar-2020-63.jpg?w=100&h=-1&s=1,4.0 of 5 bubbles,in midway to pahalgam,90,It's very much talked about.. on the midway to pahalgam our taxi driver stopped by.. It has a short waterfall.. beautiful looking.. a big garden to rest by,Aug 2015 • Couples,,,,2024-03-21T18:45:59Z
Achabal Garden,Srinagar Jammu and Kashmir,g297623,d4435342,4.5,https://www.tripadvisor.com/ShowUserReviews-g297623-d4435342-r323179943-Achabal_Garden-Srinagar_Srinagar_District_Kashmir_Jammu_and_Kashmir.html,https://dynamic-media-cdn.tripadvisor.com/media/photo-o/1a/f6/f6/0d/default-avatar-2020-34.jpg?w=100&h=-1&s=1,3.0 of 5 bubbles,Quiet Mughal garden not far from Anantnag.,557,This is a quiet and peaceful Mughal garden in the midst of a busy road. Not a very large garden as some reviews have said.  It has two very large trees interestingly poised.  There is water running down the centre with fountains and waterfalls.  this also have few lwvels.,Oct 2015 • Couples,,,,2024-03-21T18:45:59Z
Achabal Garden,Srinagar Jammu and Kashmir,g297623,d4435342,4.5,https://www.tripadvisor.com/ShowUserReviews-g297623-d4435342-r320045086-Achabal_Garden-Srinagar_Srinagar_District_Kashmir_Jammu_and_Kashmir.html,https://dynamic-media-cdn.tripadvisor.com/media/photo-o/1a/f6/e2/81/default-avatar-2020-43.jpg?w=100&h=-1&s=1,4.0 of 5 bubbles,Typical Mughal garden,650,Visited Achabal garden on the way back from Sinthan top and Kokernag garden in the evening.  Entry fee was around rs 20.  Garden is on few levels with waterfall down the centre and fountains.  Nice garden to walk around.  Not as big as Kokernag garden.,Oct 2015 • Couples,,,,2024-03-21T18:45:59Z
Achabal Garden,Srinagar Jammu and Kashmir,g297623,d4435342,4.5,https://www.tripadvisor.com/ShowUserReviews-g297623-d4435342-r313900651-Achabal_Garden-Srinagar_Srinagar_District_Kashmir_Jammu_and_Kashmir.html,https://dynamic-media-cdn.tripadvisor.com/media/photo-o/09/0d/31/ed/smbegaraaj.jpg?w=100&h=-1&s=1,4.0 of 5 bubbles,Lovely Garden !!!,629,"We went there in April 2015 from Phalgam, The stream running in the central part of the garden and the structures built above the stream where we can stand and the Views are absolutely Stunning !!!Please Experience this Experience for the Experience sake.Thanks a lot for everything,Loving you so much,Peacefully yours.S M Bega Raaj.Happy Travelling...",Apr 2015 • Family,,,,2024-03-21T18:45:59Z
Achabal Garden,Srinagar Jammu and Kashmir,g297623,d4435342,4.5,https://www.tripadvisor.com/ShowUserReviews-g297623-d4435342-r312248585-Achabal_Garden-Srinagar_Srinagar_District_Kashmir_Jammu_and_Kashmir.html,https://dynamic-media-cdn.tripadvisor.com/media/photo-o/1a/e3/9d/d1/dalbir-s-virdi.jpg?w=100&h=-1&s=1,4.0 of 5 bubbles,Pride of Anantnag District,28,This Garden is located far off from Srinagar in Anantnag District. It can be reached from Srinagar via Anantnag or from Pahalgam via Mattan. Road is good and a Private / Hired Tourist vehicle with local Driver is best option. Sheep and Shepherds have Right of Way. Its a beautiful garden and well maintained. There are vast lush green areas and water bodies and one can easily spend couple of hours here.,Oct 2014 • Family,,,,2024-03-21T18:45:59Z
Achabal Garden,Srinagar Jammu and Kashmir,g297623,d4435342,4.5,https://www.tripadvisor.com/ShowUserReviews-g297623-d4435342-r304113374-Achabal_Garden-Srinagar_Srinagar_District_Kashmir_Jammu_and_Kashmir.html,https://dynamic-media-cdn.tripadvisor.com/media/photo-o/1a/f6/e2/a7/default-avatar-2020-44.jpg?w=100&h=-1&s=1,4.0 of 5 bubbles,"Beautiful garden - however nothing outstanding. Just like others. Can be given a miss, if short of time",68,"Beautiful, well maintained garden.However there are only gardens and more gardens in Kashmir. This one is not any different from others. So if short of time - can be given a miss.",May 2015 • Family,,,,2024-03-21T18:45:59Z
Achabal Garden,Srinagar Jammu and Kashmir,g297623,d4435342,4.5,https://www.tripadvisor.com/ShowUserReviews-g297623-d4435342-r280343978-Achabal_Garden-Srinagar_Srinagar_District_Kashmir_Jammu_and_Kashmir.html,https://dynamic-media-cdn.tripadvisor.com/media/photo-o/1a/f6/f2/59/default-avatar-2020-24.jpg?w=100&h=-1&s=1,4.0 of 5 bubbles,heaven,17,splendid tourist place in the state of Kashmir and is about 8 kilometers away from Anantnag. it was a wonderful visit.,Oct 2014 • Friends,,,,2024-03-21T18:45:59Z
Achabal Garden,Srinagar Jammu and Kashmir,g297623,d4435342,4.5,https://www.tripadvisor.com/ShowUserReviews-g297623-d4435342-r258514304-Achabal_Garden-Srinagar_Srinagar_District_Kashmir_Jammu_and_Kashmir.html,https://dynamic-media-cdn.tripadvisor.com/media/photo-o/03/db/56/11/nikhil0210.jpg?w=100&h=-1&s=1,5.0 of 5 bubbles,nice and soothing,499,"Around 80 kms away from Srinagar, towards south or you can say Jammu, just under the Jawahar Tunnels is this place called Verinag in Anantnag Dist. where this top of the world place lies where the beautiful blue spring is the major source for river Jhelum and the mughal gardens and architecture perfect construction of the time of Jehangir will mesmerizing  and very peaceful.",May 2014 • Family,,,,2024-03-21T18:45:59Z
Achabal Garden,Srinagar Jammu and Kashmir,g297623,d4435342,4.5,https://www.tripadvisor.com/ShowUserReviews-g297623-d4435342-r257085717-Achabal_Garden-Srinagar_Srinagar_District_Kashmir_Jammu_and_Kashmir.html,https://dynamic-media-cdn.tripadvisor.com/media/photo-o/07/2c/13/8d/psd2408.jpg?w=100&h=-1&s=1,5.0 of 5 bubbles,Mughal Delight,195,Another reminder of the days past. The Mughal Garden at Achabal are a delight. The massive maple trees were a source of delight for me as it is rare to find trees that are so old now. We loved the gardens. We were guided to it by a friend while we were making our way towards Himanchal From Kashmir. It was a short detour for us to get there but we enjoyed every bit of our time there. Must visit if you are in the vicinity.,Jul 2014 • Family,,,,2024-03-21T18:46:00Z
Achabal Garden,Srinagar Jammu and Kashmir,g297623,d4435342,4.5,https://www.tripadvisor.com/ShowUserReviews-g297623-d4435342-r255772101-Achabal_Garden-Srinagar_Srinagar_District_Kashmir_Jammu_and_Kashmir.html,https://dynamic-media-cdn.tripadvisor.com/media/photo-s/02/ef/af/a9/anilaggarwal.jpg?w=100&h=-1&s=1,4.0 of 5 bubbles,Visual Treat of Architectural Heritage,815,"It is 58 km from Srinagar at height of 1677 meters. Visited in Jan 2015. Although no flowers but it is looking beautiful in winter also. Achabal was a pleasure retreat of Mughal Empress Nur Jehan.Garden was developed around a natural spring named Achabal Nag. Lay out is similar to all Mughal gardens. Beautiful baradaris were built over water channels. there are rows of towering chinar trees. Stepped terraces,fountains,waterfalls add to beauty of this gardenIt can be visited as day trip to Achabal,Kokernag,Daksum,Sinthan Top from Srinagar or from Pahalgam alsoEntry ticket is Rs10/= each",Jan 2015 • Couples,,,,2024-03-21T18:46:00Z
Achabal Garden,Srinagar Jammu and Kashmir,g297623,d4435342,4.5,https://www.tripadvisor.com/ShowUserReviews-g297623-d4435342-r244151138-Achabal_Garden-Srinagar_Srinagar_District_Kashmir_Jammu_and_Kashmir.html,https://dynamic-media-cdn.tripadvisor.com/media/photo-o/1a/f6/e7/99/default-avatar-2020-57.jpg?w=100&h=-1&s=1,5.0 of 5 bubbles,Best Mughal Garden among all...,0,Achabal Mughal garden is one of the best mughal garden among all mughal gardens of the valley....i got really impressed by itz natural beauty...24 hour working natural foutains ....beautiful chinars on all the sides...natural spring of fresh water and evergreen forest in its background attracts everybody....,,,,,2024-03-21T18:46:00Z
Achabal Garden,Srinagar Jammu and Kashmir,g297623,d4435342,4.5,https://www.tripadvisor.com/ShowUserReviews-g297623-d4435342-r224375534-Achabal_Garden-Srinagar_Srinagar_District_Kashmir_Jammu_and_Kashmir.html,https://dynamic-media-cdn.tripadvisor.com/media/photo-o/1a/f6/ea/b2/default-avatar-2020-69.jpg?w=100&h=-1&s=1,4.0 of 5 bubbles,"Achabal, Kokernag, Verinag - Garden Circuit",19,"Achabal, Kokernag, Verinag - GARDEN CIRCUIT KASHMIRHi! We visited Kashmir from 1st to 10th July. It was the period of holy Amarnath yatra & Ramzan. On the 5th day of our trip, we had night halt at Pahalgam, in the morning we enjoyed stormy & roaring Lidder river at Peace Resort, a picture perfect location at the bank of Lidder river, nr Aabshar park, 3 km before Pahalgam where we had night halt. We had breakfast at the garden just adjoining Lidder and started for GARDEN CIRCUIT- Achabal, Kokernag and Verinag - forgotten & neglected beauty, each garden is unique having its own special charm. Achabal is mugal garden, has natural spring with Vertical multi layer canal garden. Kokernag offers numerous natural springs canalized in the garden and curved wooden bridges add into unique landscape. Verinag amplify Mugal architecture, circular water body with blue water and fishes extending in to canal and garden ahead. It is protected site of cultural heritage & archaeological dept.We enjoyed mesmerizing landscape of Kashmir valley, beauty of gardens, well canalized natural springs and soothing breeze of grand Chinar trees all the day. Passing through Apple orchards, the typical sweet n sour fragrance of raw apples filled our nose on return journey to Srinagar was memorable experience.If you wish to extend the trip, Daksum & Sinthan Top are fine destinations ahead of Kokernag on Kishwat highway. JKTDC accommodations are available at above destinations for night halt.Most of the tourists miss these beautiful destinations, may be due to time constrain or perhaps they are not much famous, but they are worth a day trip, they give real feel / essence of Kashmir.(Pahalgam to Achabal 50 km 1 ½ hr, Achabal to Kokernag 20 km, Kokernag to Verinag, 15 km, Verinag to Srinagar 70 km 2 hr)Contributed by Rita Dave, Gujarat",Jul 2014 • Family,,,,2024-03-21T18:46:00Z
Achabal Garden,Srinagar Jammu and Kashmir,g297623,d4435342,4.5,https://www.tripadvisor.com/ShowUserReviews-g297623-d4435342-r223753965-Achabal_Garden-Srinagar_Srinagar_District_Kashmir_Jammu_and_Kashmir.html,https://dynamic-media-cdn.tripadvisor.com/media/photo-o/06/cc/f0/ea/kdr-80.jpg?w=100&h=-1&s=1,3.0 of 5 bubbles,One of the forgotten Mughal Gardens in the Kashmir Valley,22,"About 10Kms from the the town of Anantnag and Off the Achabal-Kokernaag Road, are the Now Not-so-famous Achabal Gardens. Like other Mughal Gardens in Srinagar, this also has a stepped architecture with the spring at the top level and water channelling through the middle of the garden, falling at each level to create small water falls. The place is rarely visited by tourists from outside. Several bollywood films of 60s, 70s and 80s were shot here. The Garden seems to have lost its glory in the last 25 years. If you are travelling from Pahalgam to Kokernar, Duksum or Sinthan top, a detour of a few Kms for these Gardens is still worthwhile. Nice place to click some pictures in the local attire.",Apr 2014 • Family,,,,2024-03-21T18:46:00Z
Achabal Garden,Srinagar Jammu and Kashmir,g297623,d4435342,4.5,https://www.tripadvisor.com/ShowUserReviews-g297623-d4435342-r200735086-Achabal_Garden-Srinagar_Srinagar_District_Kashmir_Jammu_and_Kashmir.html,https://dynamic-media-cdn.tripadvisor.com/media/photo-o/06/ed/97/bb/sirshendu-bikas-p.jpg?w=100&h=-1&s=1,4.0 of 5 bubbles,Neglected Beauty,11,"Among all other Mughal Gardens of Kashmir it one of the most beautiful Mughal Gardens in the entire valley, though it is not much popular like others.Few huge Chinar Trees which were planted by several Mughal emperors are  still spoke about the glory,royal patronage of the garden though they are in decay. Architectural patterns are very nice. Many famous films were shooted here.Visiting this garden is a worth.",Oct 2013 • Family,,,,2024-03-21T18:46:00Z
Achabal Garden,Srinagar Jammu and Kashmir,g297623,d4435342,4.5,https://www.tripadvisor.com/ShowUserReviews-g297623-d4435342-r192547353-Achabal_Garden-Srinagar_Srinagar_District_Kashmir_Jammu_and_Kashmir.html,https://dynamic-media-cdn.tripadvisor.com/media/photo-o/09/ae/da/50/onmyfootsteps.jpg?w=100&h=-1&s=1,4.0 of 5 bubbles,Relieving Mughal era in the quiet,114,"This Mughal Garden is not very popular in the general tourist population, which also means one can enjoy the beauty in the quietness. The Garden is not as gorgeous as its more popular counterparts in he heart of the Srinagar city. Being a little out of the way (and after the fill of Shalimar-Nishat circuit), this one is now being slowly promoted by the tourism department. The garden is unique in its layout of the Mughal era buildings. Hundreds of fountain (which our guide said that it flows naturally, 24 hrs. a day, without any electricity) greet you to this beautiful place. We traveled in end-September and there were roses all around in full bloom. Take the help of a guide who would make things interesting for you. Ours also took great couple snaps, identical in placements to old bolly hits. We did the trip as a detour while travelling from Srinagar to Pahalgam.  Also include nearby Kokernag Mughal gardens in the trip and Verinag if you have time to spare.",Sep 2013 • Family,,,,2024-03-21T18:46:00Z
Achabal Garden,Srinagar Jammu and Kashmir,g297623,d4435342,4.5,https://www.tripadvisor.com/ShowUserReviews-g297623-d4435342-r186652080-Achabal_Garden-Srinagar_Srinagar_District_Kashmir_Jammu_and_Kashmir.html,https://dynamic-media-cdn.tripadvisor.com/media/photo-o/07/dd/d7/a9/sandeepachetan.jpg?w=100&h=-1&s=1,4.0 of 5 bubbles,"Achabal Mughal Garden, beautiful and much lesser crowds than its Srinagar counterparts",57,"Achabal is a small town, at a distance of around 10km from Anantnag. The main attraction in Achabal is the beautiful Mughal Garden which houses a wide variety of flowers, natural fountains, streams and several wide spanned Chinar trees.The J&K tourism department has excellent and reasonable lodging and boarding facilities just next to the garden.",Jun 2013 • Couples,,,,2024-03-21T18:46:00Z
