names,address,geo_id,hotel_id,rating,url,profile_image,review_score,review_heading,profile_contr,review_body,date_of_stay,company_responder,company_response,company_response_date,timestamp
Nasim Bagh,Srinagar Jammu and Kashmir,g297623,d3912910,4.5,https://www.tripadvisor.com/ShowUserReviews-g297623-d3912910-r776873108-Nasim_Bagh-Srinagar_Srinagar_District_Kashmir_Jammu_and_Kashmir.html,https://dynamic-media-cdn.tripadvisor.com/media/photo-o/1c/4c/95/46/avatar.jpg?w=100&h=-1&s=1,5.0 of 5 bubbles,Golden Meadow !,34,"Situated along the banks of dal lake and nestled in hundreds of mighty chinar trees, nasim bagh is a must visit spot for autumn lovers. Nasim Bagh which means the ‘mornning breeze’ stands up to its name as cool breeze from the Dal lake adds pleasantness to the wide expanse of chinar trees. The Chinar trees are laid out in ‘Char Chinar’ pattern, four chinars in four corners of a rectangular piece of land, so that a person in centre would be under shade at all hours of the day. No place can match the beauty of this place in autumn. during autumn, Warm crimson red leaves falling from the chinar trees fill the campus and truly make it a unique place for visitors.",Nov 2020 • Family,,,,2024-03-21T18:47:00Z
Nasim Bagh,Srinagar Jammu and Kashmir,g297623,d3912910,4.5,https://www.tripadvisor.com/ShowUserReviews-g297623-d3912910-r747390449-Nasim_Bagh-Srinagar_Srinagar_District_Kashmir_Jammu_and_Kashmir.html,https://dynamic-media-cdn.tripadvisor.com/media/photo-o/1a/f6/e3/6a/default-avatar-2020-47.jpg?w=100&h=-1&s=1,4.0 of 5 bubbles,A garden with big and tall trees,448,As it was very big garden and the tall trees made this place like a paradise. Eye watching lovely place.,Dec-19,,,,2024-03-21T18:47:00Z
Nasim Bagh,Srinagar Jammu and Kashmir,g297623,d3912910,4.5,https://www.tripadvisor.com/ShowUserReviews-g297623-d3912910-r735027570-Nasim_Bagh-Srinagar_Srinagar_District_Kashmir_Jammu_and_Kashmir.html,https://dynamic-media-cdn.tripadvisor.com/media/photo-o/1a/f6/f1/42/default-avatar-2020-20.jpg?w=100&h=-1&s=1,4.0 of 5 bubbles,Must visit place,2,Naseem Bagh is a must vist place if you are travelling to Hazratbal. The chinars turn into gold in the autumn presenting fabulous falling of leaves.,Sep 2019 • Couples,,,,2024-03-21T18:47:00Z
Nasim Bagh,Srinagar Jammu and Kashmir,g297623,d3912910,4.5,https://www.tripadvisor.com/ShowUserReviews-g297623-d3912910-r692227118-Nasim_Bagh-Srinagar_Srinagar_District_Kashmir_Jammu_and_Kashmir.html,https://dynamic-media-cdn.tripadvisor.com/media/photo-o/1a/f6/f6/0d/default-avatar-2020-34.jpg?w=100&h=-1&s=1,2.0 of 5 bubbles,Poor Management and ill mannered staff. ,5,"Ill mannered and rude staff. Screamed at the guests and members of our family. This place doesn’t have a functional spa, even air conditioning facilities are poor. Nonetheless, rooms and washrooms were clean and the food was good.",Jul 2019 • Family,,,,2024-03-21T18:47:00Z
Nasim Bagh,Srinagar Jammu and Kashmir,g297623,d3912910,4.5,https://www.tripadvisor.com/ShowUserReviews-g297623-d3912910-r635996007-Nasim_Bagh-Srinagar_Srinagar_District_Kashmir_Jammu_and_Kashmir.html,https://dynamic-media-cdn.tripadvisor.com/media/photo-o/1d/a3/28/52/chandrali2014.jpg?w=100&h=-1&s=1,5.0 of 5 bubbles,Naseem Bagh in Autumn is just WOW,106,"If you are travelling to Srinagar in Autumn (Oct end- Nov mid), never to miss the beauty of Naseem Bagh situated in University of Kashmir campus.Just take an auto and ride to the university and visit the Naseem Bagh. The huge garden of Chinar trees with their changing colours is just mesmerizing. From Dal gate it is 20-25 min ride.",Nov 2018 • Couples,,,,2024-03-21T18:47:00Z
Nasim Bagh,Srinagar Jammu and Kashmir,g297623,d3912910,4.5,https://www.tripadvisor.com/ShowUserReviews-g297623-d3912910-r612524126-Nasim_Bagh-Srinagar_Srinagar_District_Kashmir_Jammu_and_Kashmir.html,https://dynamic-media-cdn.tripadvisor.com/media/photo-o/04/67/ee/1b/raja-p.jpg?w=100&h=-1&s=1,4.0 of 5 bubbles,beautiful chinar trees,83,this garden is almost chinar trees.The best part about Nasim Bagh is its changing colors with the change in seasons.during my visit this is lush green garden.,May 2018 • Family,,,,2024-03-21T18:47:00Z
Nasim Bagh,Srinagar Jammu and Kashmir,g297623,d3912910,4.5,https://www.tripadvisor.com/ShowUserReviews-g297623-d3912910-r605896515-Nasim_Bagh-Srinagar_Srinagar_District_Kashmir_Jammu_and_Kashmir.html,https://dynamic-media-cdn.tripadvisor.com/media/photo-o/1a/f6/77/ae/default-avatar-2020-2.jpg?w=100&h=-1&s=1,4.0 of 5 bubbles,Beautiful Garden,823,Nasim Bagh is located very close to the Dal lake. One can combine their visit to the Dal Lake along with the visit to Nasim Bagh. The highlight of this beautiful garden are the tall Chinar trees which are supposed to planted from the Mughal times. The reddish hue given by these trees to the garden is unique and this garden is probably one of the few places where one can get to experience this wonderful sight.,Jun 2018 • Couples,,,,2024-03-21T18:47:00Z
Nasim Bagh,Srinagar Jammu and Kashmir,g297623,d3912910,4.5,https://www.tripadvisor.com/ShowUserReviews-g297623-d3912910-r591532515-Nasim_Bagh-Srinagar_Srinagar_District_Kashmir_Jammu_and_Kashmir.html,https://dynamic-media-cdn.tripadvisor.com/media/photo-o/1a/f6/e5/66/default-avatar-2020-53.jpg?w=100&h=-1&s=1,4.0 of 5 bubbles,Good beautiful bagh with old chinar trees,419,It was looking beautiful during our beautiful. There were many old and tall chinar trees which gave beautiful views.,May 2018 • Couples,,,,2024-03-21T18:47:00Z
Nasim Bagh,Srinagar Jammu and Kashmir,g297623,d3912910,4.5,https://www.tripadvisor.com/ShowUserReviews-g297623-d3912910-r578462822-Nasim_Bagh-Srinagar_Srinagar_District_Kashmir_Jammu_and_Kashmir.html,https://dynamic-media-cdn.tripadvisor.com/media/photo-o/09/92/eb/7a/manishsarraf.jpg?w=100&h=-1&s=1,4.0 of 5 bubbles,Another beautiful garden full of Chinar trees,569,The garden looks beautiful during May-June when Chinar trees gives its cool breeze and the leaves looks beautiful too.,Mar 2018 • Family,,,,2024-03-21T18:47:00Z
Nasim Bagh,Srinagar Jammu and Kashmir,g297623,d3912910,4.5,https://www.tripadvisor.com/ShowUserReviews-g297623-d3912910-r557496523-Nasim_Bagh-Srinagar_Srinagar_District_Kashmir_Jammu_and_Kashmir.html,https://dynamic-media-cdn.tripadvisor.com/media/photo-o/11/13/43/94/avatar.jpg?w=100&h=-1&s=1,4.0 of 5 bubbles,very good,39,nasim bagh is near from dal lake .it is full of palm tree which gives very beautiful view.very peaceful and relaxing place,May 2017 • Family,,,,2024-03-21T18:47:00Z
Nasim Bagh,Srinagar Jammu and Kashmir,g297623,d3912910,4.5,https://www.tripadvisor.com/ShowUserReviews-g297623-d3912910-r541107132-Nasim_Bagh-Srinagar_Srinagar_District_Kashmir_Jammu_and_Kashmir.html,https://dynamic-media-cdn.tripadvisor.com/media/photo-o/03/af/a3/5d/divya79.jpg?w=100&h=-1&s=1,5.0 of 5 bubbles,Autumn Experience,31,I have always wanted to experience the splendour of Autumn and theres no place better to see the riot of colours than Naseem Bagh.,Nov 2017 • Solo,,,,2024-03-21T18:47:02Z
Nasim Bagh,Srinagar Jammu and Kashmir,g297623,d3912910,4.5,https://www.tripadvisor.com/ShowUserReviews-g297623-d3912910-r536419679-Nasim_Bagh-Srinagar_Srinagar_District_Kashmir_Jammu_and_Kashmir.html,https://dynamic-media-cdn.tripadvisor.com/media/photo-o/0c/fc/f5/16/sundeepgupta.jpg?w=100&h=-1&s=1,4.0 of 5 bubbles,Peaceful place,729,The garden is beautiful and peaceful as well. It is always full of tourist as well as local people. Hence it gives opportunity to interact with locals.,Sep 2017 • Family,,,,2024-03-21T18:47:02Z
Nasim Bagh,Srinagar Jammu and Kashmir,g297623,d3912910,4.5,https://www.tripadvisor.com/ShowUserReviews-g297623-d3912910-r536093131-Nasim_Bagh-Srinagar_Srinagar_District_Kashmir_Jammu_and_Kashmir.html,https://dynamic-media-cdn.tripadvisor.com/media/photo-o/1a/f6/ed/7b/default-avatar-2020-6.jpg?w=100&h=-1&s=1,4.0 of 5 bubbles,palm trees,213,nasim bagh is near from dal lake and i recommend to visit this bagh.it is full of palm tree which gives very beautiful view.,Apr 2017 • Family,,,,2024-03-21T18:47:02Z
Nasim Bagh,Srinagar Jammu and Kashmir,g297623,d3912910,4.5,https://www.tripadvisor.com/ShowUserReviews-g297623-d3912910-r529544168-Nasim_Bagh-Srinagar_Srinagar_District_Kashmir_Jammu_and_Kashmir.html,https://dynamic-media-cdn.tripadvisor.com/media/photo-o/1a/f6/e4/2d/default-avatar-2020-48.jpg?w=100&h=-1&s=1,4.0 of 5 bubbles,Full of palm trees.,559,"This bagh is full of Palm trees. As we visited this place in September , the palm trees just begun turning from green into Red. it was a nice experience.",Sep 2017 • Family,,,,2024-03-21T18:47:02Z
Nasim Bagh,Srinagar Jammu and Kashmir,g297623,d3912910,4.5,https://www.tripadvisor.com/ShowUserReviews-g297623-d3912910-r495735563-Nasim_Bagh-Srinagar_Srinagar_District_Kashmir_Jammu_and_Kashmir.html,https://dynamic-media-cdn.tripadvisor.com/media/photo-o/1a/f6/ec/3d/default-avatar-2020-1.jpg?w=100&h=-1&s=1,5.0 of 5 bubbles,Full of chinar trees,175,Nasim bagh is just one of most beautiful garden of Srinagar. The view was amazing and unwritable. I can only say do not miss this garden to visit.,Apr 2017 • Couples,,,,2024-03-21T18:47:02Z
Nasim Bagh,Srinagar Jammu and Kashmir,g297623,d3912910,4.5,https://www.tripadvisor.com/ShowUserReviews-g297623-d3912910-r400231244-Nasim_Bagh-Srinagar_Srinagar_District_Kashmir_Jammu_and_Kashmir.html,https://dynamic-media-cdn.tripadvisor.com/media/photo-o/0b/c7/0e/80/shashika-a.jpg?w=100&h=-1&s=1,5.0 of 5 bubbles,Superb view,5,The view there was awesome..very beautiful..eye soothing..really loved being there..the trees and garden are very beautiful..!!,Apr 2016 • Family,,,,2024-03-21T18:47:02Z
Nasim Bagh,Srinagar Jammu and Kashmir,g297623,d3912910,4.5,https://www.tripadvisor.com/ShowUserReviews-g297623-d3912910-r380774958-Nasim_Bagh-Srinagar_Srinagar_District_Kashmir_Jammu_and_Kashmir.html,https://dynamic-media-cdn.tripadvisor.com/media/photo-f/01/2e/70/8d/avatar014.jpg?w=100&h=-1&s=1,4.0 of 5 bubbles,Beautiful Chinar Trees,6,Best place if you love the chinar trees.....Lots of huge trees with beautiful leaves.... Nasim bagh is located near the Kashmir university We had a nice time!,May 2016 • Friends,,,,2024-03-21T18:47:02Z
Nasim Bagh,Srinagar Jammu and Kashmir,g297623,d3912910,4.5,https://www.tripadvisor.com/ShowUserReviews-g297623-d3912910-r375059674-Nasim_Bagh-Srinagar_Srinagar_District_Kashmir_Jammu_and_Kashmir.html,https://dynamic-media-cdn.tripadvisor.com/media/photo-o/10/cd/9b/cb/nbbhagodiya.jpg?w=100&h=-1&s=1,4.0 of 5 bubbles,Hystorical Garden,367,this garden is built by mughal emperior akabar by planting 5200 chinar trees.some trees are more than 300 to 400 old.there is nursery and camping ground also in the garden,May 2016 • Solo,,,,2024-03-21T18:47:02Z
Nasim Bagh,Srinagar Jammu and Kashmir,g297623,d3912910,4.5,https://www.tripadvisor.com/ShowUserReviews-g297623-d3912910-r363626124-Nasim_Bagh-Srinagar_Srinagar_District_Kashmir_Jammu_and_Kashmir.html,https://dynamic-media-cdn.tripadvisor.com/media/photo-o/1a/f6/7c/01/default-avatar-2020-5.jpg?w=100&h=-1&s=1,4.0 of 5 bubbles,great,573,"Located along the  eastern banks of Dal lake, Nishant bagh is a terraced Mughal garden constructed in the seventeenth century . When loosely translated from urdu,  nishant bagh literally  means ""the garden of joy"" . With the zabarwan mountains in the backdrop , this ""garden of bliss"" exhibits a panoramic view of the Dal lake in the midst of the lofty Pir Panjal mountain range . Laid out as a broad cascade of terraces lined with Chinar and Cypress , the alluring vista of nishant bagh attracts several travellers  in the search of beauty in its purest forms.",Sep 2015 • Couples,,,,2024-03-21T18:47:02Z
Nasim Bagh,Srinagar Jammu and Kashmir,g297623,d3912910,4.5,https://www.tripadvisor.com/ShowUserReviews-g297623-d3912910-r344024588-Nasim_Bagh-Srinagar_Srinagar_District_Kashmir_Jammu_and_Kashmir.html,https://dynamic-media-cdn.tripadvisor.com/media/photo-o/1a/f6/f3/e4/default-avatar-2020-30.jpg?w=100&h=-1&s=1,5.0 of 5 bubbles,Heaven,0,"A mesmerizing experience of nature, with a reaches attractions like lake, trees, birds and many other things, it's a total pakage of happiness. Do visit this place once atleast👍👍",Jan 2016 • Solo,,,,2024-03-21T18:47:02Z
Nasim Bagh,Srinagar Jammu and Kashmir,g297623,d3912910,4.5,https://www.tripadvisor.com/ShowUserReviews-g297623-d3912910-r343788679-Nasim_Bagh-Srinagar_Srinagar_District_Kashmir_Jammu_and_Kashmir.html,https://dynamic-media-cdn.tripadvisor.com/media/photo-f/01/2e/70/88/avatar009.jpg?w=100&h=-1&s=1,4.0 of 5 bubbles,"Nasim Bagh, located on western shore of Dal Lake",85,"Nasim Bagh was laid out in 1586 by Mughal Emperor Akbar the Great. In 1635, his grandson Emperor Shah Jahan planted 12,000 more Chinar trees in this garden. It is said that, when those trees were in sapling stage they were fed with milk and honey. We do not know how far it is true, but today the garden with its stately Chinar trees, has become one of the most beautiful and relaxing spots in the city.",Jul 2015 • Family,,,,2024-03-21T18:47:03Z
Nasim Bagh,Srinagar Jammu and Kashmir,g297623,d3912910,4.5,https://www.tripadvisor.com/ShowUserReviews-g297623-d3912910-r335341908-Nasim_Bagh-Srinagar_Srinagar_District_Kashmir_Jammu_and_Kashmir.html,https://dynamic-media-cdn.tripadvisor.com/media/photo-o/1a/f6/f6/0d/default-avatar-2020-34.jpg?w=100&h=-1&s=1,5.0 of 5 bubbles,Beauty at its best,24,This is the among the other  best places you should see. Beung located on the west side of Dal Lake it has beautiful view to grab you inside this garden. The amazing tree which adds a more to its look aee the famous Chinar Trees. The leaves which fall frim the tree with reddish color gives the best look to the veiwer and soothes the eyes of visitors.,Oct 2015 • Friends,,,,2024-03-21T18:47:03Z
Nasim Bagh,Srinagar Jammu and Kashmir,g297623,d3912910,4.5,https://www.tripadvisor.com/ShowUserReviews-g297623-d3912910-r334532491-Nasim_Bagh-Srinagar_Srinagar_District_Kashmir_Jammu_and_Kashmir.html,https://dynamic-media-cdn.tripadvisor.com/media/photo-o/1a/f6/e2/e6/default-avatar-2020-45.jpg?w=100&h=-1&s=1,4.0 of 5 bubbles,Beautiful Garden,10,Nasim bag is situated just on the back side of kashmir university. It is one of the beautiful places in srinagar. The oldest and tallest chinar trees are planted here. The famous Dal Lake and Hazratbal Shrine is near bye.,Nov 2015 • Friends,,,,2024-03-21T18:47:03Z
Nasim Bagh,Srinagar Jammu and Kashmir,g297623,d3912910,4.5,https://www.tripadvisor.com/ShowUserReviews-g297623-d3912910-r332592456-Nasim_Bagh-Srinagar_Srinagar_District_Kashmir_Jammu_and_Kashmir.html,https://dynamic-media-cdn.tripadvisor.com/media/photo-o/09/a3/43/d3/paradiseproductions.jpg?w=100&h=-1&s=1,4.0 of 5 bubbles,GOLDEN MEADOW,12,the Golden Theme of Chinar Leaves in the Autumn season is a breathtaking view that everyone should witness once in life..,Oct 2015 • Business,,,,2024-03-21T18:47:03Z
Nasim Bagh,Srinagar Jammu and Kashmir,g297623,d3912910,4.5,https://www.tripadvisor.com/ShowUserReviews-g297623-d3912910-r329499727-Nasim_Bagh-Srinagar_Srinagar_District_Kashmir_Jammu_and_Kashmir.html,https://dynamic-media-cdn.tripadvisor.com/media/photo-o/09/a0/0e/59/dhirenthadesar.jpg?w=100&h=-1&s=1,4.0 of 5 bubbles,best season autumn,89,this place looks awesome in autumn that is ocober november as the leaves of chinar  trees start to fall best pictures can be clickked in this time,Sep 2015 • Family,,,,2024-03-21T18:47:03Z
Nasim Bagh,Srinagar Jammu and Kashmir,g297623,d3912910,4.5,https://www.tripadvisor.com/ShowUserReviews-g297623-d3912910-r323565171-Nasim_Bagh-Srinagar_Srinagar_District_Kashmir_Jammu_and_Kashmir.html,https://dynamic-media-cdn.tripadvisor.com/media/photo-f/01/2e/70/8b/avatar012.jpg?w=100&h=-1&s=1,5.0 of 5 bubbles,a ver charming place to vist in auttum,3,a ver beatiful place to visit inside the university campus in srinagar as there are a hundrends of chinars trees as in thier shade all the modern air conditions are of no worth,Oct 2015 • Family,,,,2024-03-21T18:47:03Z
Nasim Bagh,Srinagar Jammu and Kashmir,g297623,d3912910,4.5,https://www.tripadvisor.com/ShowUserReviews-g297623-d3912910-r321285544-Nasim_Bagh-Srinagar_Srinagar_District_Kashmir_Jammu_and_Kashmir.html,https://dynamic-media-cdn.tripadvisor.com/media/photo-o/07/d0/14/82/singhgaurav.jpg?w=100&h=-1&s=1,4.0 of 5 bubbles,December,772,"This is like a small garden. I have visited it twice in the past 3 years. This time around it was off season and there was nothing charming about it except the peace and the quietude. To really enjoy or see it colourful as u can in the pictures, you will have to come here in December. That's when the magic happens.",Oct 2015 • Family,,,,2024-03-21T18:47:03Z
Nasim Bagh,Srinagar Jammu and Kashmir,g297623,d3912910,4.5,https://www.tripadvisor.com/ShowUserReviews-g297623-d3912910-r315841102-Nasim_Bagh-Srinagar_Srinagar_District_Kashmir_Jammu_and_Kashmir.html,https://dynamic-media-cdn.tripadvisor.com/media/photo-o/1a/f6/f1/79/default-avatar-2020-21.jpg?w=100&h=-1&s=1,4.0 of 5 bubbles,beautiful garden,221,"Colorful garden.For photography beautiful place.It seems in september,october the colors of the leaves change and it appears beautiful though we didnt witness that.",May 2015 • Family,,,,2024-03-21T18:47:03Z
Nasim Bagh,Srinagar Jammu and Kashmir,g297623,d3912910,4.5,https://www.tripadvisor.com/ShowUserReviews-g297623-d3912910-r315545324-Nasim_Bagh-Srinagar_Srinagar_District_Kashmir_Jammu_and_Kashmir.html,https://dynamic-media-cdn.tripadvisor.com/media/photo-o/13/f7/f1/de/sahil0202.jpg?w=100&h=-1&s=1,5.0 of 5 bubbles,nice place - wrong time,9,we visited nasim bagh is the off season [september 2015] it was quite empty and were told to enjoy the colors of the leaves changing and blossoming of the trees one must come around december time.,Sep-15,,,,2024-03-21T18:47:03Z
Nasim Bagh,Srinagar Jammu and Kashmir,g297623,d3912910,4.5,https://www.tripadvisor.com/ShowUserReviews-g297623-d3912910-r314941773-Nasim_Bagh-Srinagar_Srinagar_District_Kashmir_Jammu_and_Kashmir.html,https://dynamic-media-cdn.tripadvisor.com/media/photo-o/0e/d4/c2/b6/frommytraveldays.jpg?w=100&h=-1&s=1,5.0 of 5 bubbles,The beautiful garden!!!,38,"Another favorite place of mine :) Not on the tourist sight list though....yet this is one of the beautiful place I have come across in Srinagar. It is on the backside of the Srinagar University (Hazaratbal). Best time to visit is September/October/November (early morning or evening). It is exactly the same as shown in the picture, during these months. Your tourist guide or the cab driver may not take you....but do pay a little extra and drag him there, its worth visiting. Photographers would love the sight.",Sep-15,,,,2024-03-21T18:47:03Z
Nasim Bagh,Srinagar Jammu and Kashmir,g297623,d3912910,4.5,https://www.tripadvisor.com/ShowUserReviews-g297623-d3912910-r309452999-Nasim_Bagh-Srinagar_Srinagar_District_Kashmir_Jammu_and_Kashmir.html,https://dynamic-media-cdn.tripadvisor.com/media/photo-o/06/40/41/0e/swamiji-drupad.jpg?w=100&h=-1&s=1,5.0 of 5 bubbles,Aatish-e-Chinar,514,"Little farther from rest of the gardens,this is famed for Chinars. Especially towards Sept end when trees sport yellow to light-brown to red leaves and autumn sets in to prompt trees to shed their leaves.",Sep 2015 • Friends,,,,2024-03-21T18:47:05Z
Nasim Bagh,Srinagar Jammu and Kashmir,g297623,d3912910,4.5,https://www.tripadvisor.com/ShowUserReviews-g297623-d3912910-r300954944-Nasim_Bagh-Srinagar_Srinagar_District_Kashmir_Jammu_and_Kashmir.html,https://dynamic-media-cdn.tripadvisor.com/media/photo-o/09/bc/10/79/vishwang.jpg?w=100&h=-1&s=1,5.0 of 5 bubbles,Beauty at its Best.,81,This garden is near Dal Lake. Tourists can go here to enjoy the cool breeze and the blooming flowers. Visit it when tourist rush is at its lowest. There are many chinnar trees growing around the garden.,Jun 2015 • Family,,,,2024-03-21T18:47:05Z
Nasim Bagh,Srinagar Jammu and Kashmir,g297623,d3912910,4.5,https://www.tripadvisor.com/ShowUserReviews-g297623-d3912910-r299730020-Nasim_Bagh-Srinagar_Srinagar_District_Kashmir_Jammu_and_Kashmir.html,https://dynamic-media-cdn.tripadvisor.com/media/photo-o/18/63/91/2d/abhijit-s.jpg?w=100&h=-1&s=1,5.0 of 5 bubbles,Visit to Kashmir,130,Nice experience. Very calm place. Excellent location to take pictures. Best time is afternoon and also even morning when very less people are there.,Aug-15,,,,2024-03-21T18:47:05Z
Nasim Bagh,Srinagar Jammu and Kashmir,g297623,d3912910,4.5,https://www.tripadvisor.com/ShowUserReviews-g297623-d3912910-r294046971-Nasim_Bagh-Srinagar_Srinagar_District_Kashmir_Jammu_and_Kashmir.html,https://dynamic-media-cdn.tripadvisor.com/media/photo-o/07/e9/ef/03/19syed.jpg?w=100&h=-1&s=1,5.0 of 5 bubbles,Naseem bagh,74,"Its situated on the bank of dal lake with tall chimar trees ,the air is so cool and fresh that you would like to walk miles on green grass .the kashmir is really paradise on earth.",Jul 2015 • Couples,,,,2024-03-21T18:47:05Z
Nasim Bagh,Srinagar Jammu and Kashmir,g297623,d3912910,4.5,https://www.tripadvisor.com/ShowUserReviews-g297623-d3912910-r292040371-Nasim_Bagh-Srinagar_Srinagar_District_Kashmir_Jammu_and_Kashmir.html,https://dynamic-media-cdn.tripadvisor.com/media/photo-o/07/32/80/38/asif-sidiqee.jpg?w=100&h=-1&s=1,5.0 of 5 bubbles,Blissful,82,It's a very lovely garden there are very huge Chinna trees and one can relax and take a lap in the nature The towering trees provide shade during sunshine a person can have a good sleep,Jul 2015 • Friends,,,,2024-03-21T18:47:05Z
Nasim Bagh,Srinagar Jammu and Kashmir,g297623,d3912910,4.5,https://www.tripadvisor.com/ShowUserReviews-g297623-d3912910-r289092800-Nasim_Bagh-Srinagar_Srinagar_District_Kashmir_Jammu_and_Kashmir.html,https://dynamic-media-cdn.tripadvisor.com/media/photo-o/2b/87/82/e8/arshadmian.jpg?w=100&h=-1&s=1,5.0 of 5 bubbles,heavenly,822,"beautiful views with slighlty different character in different seasons (autumn and winter, my two favorite seasons to enjoy th emajestic trees and surroundings)",Aug 2014 • Solo,,,,2024-03-21T18:47:05Z
Nasim Bagh,Srinagar Jammu and Kashmir,g297623,d3912910,4.5,https://www.tripadvisor.com/ShowUserReviews-g297623-d3912910-r279082552-Nasim_Bagh-Srinagar_Srinagar_District_Kashmir_Jammu_and_Kashmir.html,https://dynamic-media-cdn.tripadvisor.com/media/photo-o/03/63/2f/0f/avatar.jpg?w=100&h=-1&s=1,4.0 of 5 bubbles,The Bliss Among The Maple Trees,76,"On the banks Of Dal Lake, this is a blissful Maple Garden.The Maple trees will take your senses on for natural treat. Visiting time; 2-3 hours. You can also visit the Dargah Hazratbal Shrine from here as it is in its vicinity and can have a look at the serene Kashmir University Campus.",Jul 2014 • Friends,,,,2024-03-21T18:47:05Z
Nasim Bagh,Srinagar Jammu and Kashmir,g297623,d3912910,4.5,https://www.tripadvisor.com/ShowUserReviews-g297623-d3912910-r259699701-Nasim_Bagh-Srinagar_Srinagar_District_Kashmir_Jammu_and_Kashmir.html,https://dynamic-media-cdn.tripadvisor.com/media/photo-o/05/a6/23/b5/p7mir.jpg?w=100&h=-1&s=1,5.0 of 5 bubbles,Popular Tree:Snow tunnel,540,This garden very near to Hazratbal Shrine housing old NIT campus (now under Univ of Kashmir). This garden has very very big popular trees which were covered under white snow blanket forming just like a snow tunnel. It was very fascinating look during snow fall with sudden snow fall from tree branches.,Feb 2015 • Family,,,,2024-03-21T18:47:05Z
Nasim Bagh,Srinagar Jammu and Kashmir,g297623,d3912910,4.5,https://www.tripadvisor.com/ShowUserReviews-g297623-d3912910-r238007458-Nasim_Bagh-Srinagar_Srinagar_District_Kashmir_Jammu_and_Kashmir.html,https://dynamic-media-cdn.tripadvisor.com/media/photo-o/1a/f6/e2/11/default-avatar-2020-41.jpg?w=100&h=-1&s=1,5.0 of 5 bubbles,heaven on earth,16,"The place is a magic in itself,, the tall mountains snow clad  refreshing springs and the famous DAL lake are only a few to mention about the countless beauties you can experience in the place,the place is in close proximity to Kashmir universirty and the world famous DARGAH hazratbal shrineif you go there once you would come here at least a dozen timesthe Shikara ride was just mind blowingi could not have enough of it in 3 days i stayed in the HOUSE boat near nasim baghits economical and very attractive.,",Jul 2014 • Family,,,,2024-03-21T18:47:05Z
Nasim Bagh,Srinagar Jammu and Kashmir,g297623,d3912910,4.5,https://www.tripadvisor.com/ShowUserReviews-g297623-d3912910-r218669893-Nasim_Bagh-Srinagar_Srinagar_District_Kashmir_Jammu_and_Kashmir.html,https://dynamic-media-cdn.tripadvisor.com/media/photo-o/09/34/70/c0/peerzadafaiyazahmed.jpg?w=100&h=-1&s=1,5.0 of 5 bubbles,A lovely place in the university campus,52,The shades of Majestic Chinars keeps this place cooler by 2 degrees. A worth visiting place within the Kashmir University.,Jun 2014 • Family,,,,2024-03-21T18:47:05Z
