"names","address","geo_id","hotel_id","rating","url","profile_image","review_score","review_heading","profile_contr","review_body","date_of_stay","company_responder","company_response","company_response_date","timestamp"
"Hari Parbat","Srinagar Jammu and Kashmir","g297623","d338347","4.0","https://www.tripadvisor.com/ShowUserReviews-g297623-d338347-r899728158-Hari_Parbat-Srinagar_Srinagar_District_Kashmir_Jammu_and_Kashmir.html","https://dynamic-media-cdn.tripadvisor.com/media/photo-o/0d/49/49/f3/ks-hc.jpg?w=100&h=-1&s=1","3.0 of 5 bubbles","The fort",253,"The Fort looks an impressive structure from a distance, very imposing on the skline. Unfortunately close up it doesn't live up to expectations. Quite a long winding drive up. Security check, FOREIGNERS PASSPORTS, then walk a few hundred metres uphill over slightly unkempt grounds. Nothing in the castle itself on the history of the place and it's uncared for appearance is evident. Renovation work is going on but at the moment it's a sad sight.","Jun 2023 • Couples","","","","2024-03-21T18:44:55Z"
"Hari Parbat","Srinagar Jammu and Kashmir","g297623","d338347","4.0","https://www.tripadvisor.com/ShowUserReviews-g297623-d338347-r863632565-Hari_Parbat-Srinagar_Srinagar_District_Kashmir_Jammu_and_Kashmir.html","https://dynamic-media-cdn.tripadvisor.com/media/photo-o/13/99/b6/90/samyukta-g.jpg?w=100&h=-1&s=1","4.0 of 5 bubbles","Well kept fort with amazing views of srinagar",47,"Hariparbhat is a wonderful fort. It has sarika ma temple at the base. Srichakra is engraved on a huge rock. On top of the fort, there is sikh dargah, durga temple & masjid. It has amazing views on the way & from the top. Worth the visit","Oct 2022 • Family","","","","2024-03-21T18:44:55Z"
"Hari Parbat","Srinagar Jammu and Kashmir","g297623","d338347","4.0","https://www.tripadvisor.com/ShowUserReviews-g297623-d338347-r836888931-Hari_Parbat-Srinagar_Srinagar_District_Kashmir_Jammu_and_Kashmir.html","https://dynamic-media-cdn.tripadvisor.com/media/photo-o/15/e6/59/78/himadri-r.jpg?w=100&h=-1&s=1","4.0 of 5 bubbles","Hari Parbat - Must visit place in Srinagar",261,"The first fortifications on the site were constructed by the Mughal emperor Akbar in 1950. He built an outer wall for the fort, and planned a new capital called Nager Nagor to be built within the wall. That project was never completed. The present fort was built by Afgan governor Atta Mohammad Khan in 1808 during the reign of Shuja Shah Durrani. It has the famous Muslim Shrines of Khwaja Makhdoom Sahib and Akhund Mullah Shah on the southern slope and a Shakti Temple on the western slope. On the southern side of the outer wall is a Gurudwara, which commemorates the visit of Guru Hargobind. The gods invoked Shakti who assumed the form of a hari (myna) and flew to Sumer, picked up a pebble in her beak and threw it on Chand. The pebble grew into a mountain, crushed the demon and was later named Hari Parbat (""The Myna Mountain"").Hari Parbat, also called Koh-i-Maran, is a hill overlooking Srinagar, the largest city and the capital of the Jammu and Kashmir, India. It is 17 km from Srinagar railway station and 6.5 km from Lalchowk if you come by car. Please carry your Identification as this is guarded by army and they would ask for Aadhar or any form of identification at the foot hill and when you enter the main gate. There is a beautiful restaurant right outside the fort ""MileStone"" but it was closed when i visited. The drive from foothill to top of fort is serene and filled with natural beauty. You do need to take a stroll and walk from gate to fort entrance so better wear sports shoes for comfort. This site is maintained by Archeological Survey of India and in my personal opinion it can be maintained better.","Apr 2022","","","","2024-03-21T18:44:55Z"
"Hari Parbat","Srinagar Jammu and Kashmir","g297623","d338347","4.0","https://www.tripadvisor.com/ShowUserReviews-g297623-d338347-r828497905-Hari_Parbat-Srinagar_Srinagar_District_Kashmir_Jammu_and_Kashmir.html","https://dynamic-media-cdn.tripadvisor.com/media/photo-s/01/8a/5a/40/surajit-kol.jpg?w=100&h=-1&s=1","5.0 of 5 bubbles","A great view from top",56,"The place is managed by defence personnels. Please be careful in taking pictures as this place has army installations. the upper section of the hill houses the fort which will surely take your breath away, once you climb to the last step.The view from here is great and gives a panoramic look. Srinagar city & dal lake looks great from the top. this place has a huge National flag that was recently (2021 August) installed. A good place to venture out and seen and feel 300+ year old heavy wooden doors.","Feb 2022","","","","2024-03-21T18:44:55Z"
"Hari Parbat","Srinagar Jammu and Kashmir","g297623","d338347","4.0","https://www.tripadvisor.com/ShowUserReviews-g297623-d338347-r748122721-Hari_Parbat-Srinagar_Srinagar_District_Kashmir_Jammu_and_Kashmir.html","https://dynamic-media-cdn.tripadvisor.com/media/photo-o/1a/f6/e3/6a/default-avatar-2020-47.jpg?w=100&h=-1&s=1","4.0 of 5 bubbles","Between mountain and lake",448,"This place covered with mountains and lake.  Its good. Many things to enjoy here. The best was the view which it gave in the evvening time.","Dec 2019","","","","2024-03-21T18:44:55Z"
"Hari Parbat","Srinagar Jammu and Kashmir","g297623","d338347","4.0","https://www.tripadvisor.com/ShowUserReviews-g297623-d338347-r735375770-Hari_Parbat-Srinagar_Srinagar_District_Kashmir_Jammu_and_Kashmir.html","https://dynamic-media-cdn.tripadvisor.com/media/photo-o/1a/f6/7c/01/default-avatar-2020-5.jpg?w=100&h=-1&s=1","3.0 of 5 bubbles","Good place to enjoy Srinagar from above",15,"Located at top of the hill in downtown Srinagar, this fort is a good place to enjoy the whole city from above. No ticket booth on the spot. We bought it at Makhdoom Sahib Ropeway, and the ticket man went along with us to the fort to open the main gate.","Dec 2019 • Friends","","","","2024-03-21T18:44:55Z"
"Hari Parbat","Srinagar Jammu and Kashmir","g297623","d338347","4.0","https://www.tripadvisor.com/ShowUserReviews-g297623-d338347-r677030350-Hari_Parbat-Srinagar_Srinagar_District_Kashmir_Jammu_and_Kashmir.html","https://dynamic-media-cdn.tripadvisor.com/media/photo-o/17/bb/c2/02/mnrkrishnan.jpg?w=100&h=-1&s=1","4.0 of 5 bubbles","Excellent  view of srinagar",379,"The big mountain near Nigeen lake in Srinagar is called Hari Parbat.  There is an old Fort built by Mughals is in the hill top.  One has to walk upto the top Fort.  The entrance of the Fort is a big Gate structure called Kathi Darvaza.  You could also find a Gurudwrara and Mathaji temple (the wooden windows of the temple is beautiful)","May 2019 • Family","","","","2024-03-21T18:44:55Z"
"Hari Parbat","Srinagar Jammu and Kashmir","g297623","d338347","4.0","https://www.tripadvisor.com/ShowUserReviews-g297623-d338347-r654434224-Hari_Parbat-Srinagar_Srinagar_District_Kashmir_Jammu_and_Kashmir.html","https://dynamic-media-cdn.tripadvisor.com/media/photo-o/1a/f6/eb/43/default-avatar-2020-11.jpg?w=100&h=-1&s=1","5.0 of 5 bubbles","Majestic",987,"I went to Hari Parbat. The majestic mountain overlooking the city of Srinagar is called Hari Parbat. Besides the famous Hari Parbat fort, the mountain also has various shrines dedicated to several deities, the most prominent of which is Sharika Devi Temple enshrined by Goddess Jagadamba Sharika Bhagwati. It is great place to go.","Feb 2019 • Friends","","","","2024-03-21T18:44:55Z"
"Hari Parbat","Srinagar Jammu and Kashmir","g297623","d338347","4.0","https://www.tripadvisor.com/ShowUserReviews-g297623-d338347-r649434332-Hari_Parbat-Srinagar_Srinagar_District_Kashmir_Jammu_and_Kashmir.html","https://dynamic-media-cdn.tripadvisor.com/media/photo-o/16/4e/b8/65/shanthi2017.jpg?w=100&h=-1&s=1","4.0 of 5 bubbles","winter n srinagar",36,"one of the local attractions n srinagar and great views from top and great place to take pics and had a great time walking around","Jan 2019 • Friends","","","","2024-03-21T18:44:55Z"
"Hari Parbat","Srinagar Jammu and Kashmir","g297623","d338347","4.0","https://www.tripadvisor.com/ShowUserReviews-g297623-d338347-r616371057-Hari_Parbat-Srinagar_Srinagar_District_Kashmir_Jammu_and_Kashmir.html","https://dynamic-media-cdn.tripadvisor.com/media/photo-o/04/67/ee/1b/raja-p.jpg?w=100&h=-1&s=1","4.0 of 5 bubbles","nice location",83,"this is fort we can see any where from srinagar.this is on the mountain.this is under defence now.from this fort we can see entire srinagar.","May 2018 • Family","","","","2024-03-21T18:44:55Z"
"Hari Parbat","Srinagar Jammu and Kashmir","g297623","d338347","4.0","https://www.tripadvisor.com/ShowUserReviews-g297623-d338347-r615850944-Hari_Parbat-Srinagar_Srinagar_District_Kashmir_Jammu_and_Kashmir.html","https://dynamic-media-cdn.tripadvisor.com/media/photo-o/09/80/e2/28/angad-s.jpg?w=100&h=-1&s=1","5.0 of 5 bubbles","Nice ruins to explore",388,"This is the only fort in Kashmir, and is a very cool place toe explore. You can get good views from here.","Jun 2018 • Family","","","","2024-03-21T18:44:57Z"
"Hari Parbat","Srinagar Jammu and Kashmir","g297623","d338347","4.0","https://www.tripadvisor.com/ShowUserReviews-g297623-d338347-r589428701-Hari_Parbat-Srinagar_Srinagar_District_Kashmir_Jammu_and_Kashmir.html","https://dynamic-media-cdn.tripadvisor.com/media/photo-o/21/bb/41/05/ibnbatuta-traveller.jpg?w=100&h=-1&s=1","3.0 of 5 bubbles","Vantage point view ",262,"It's an old fort that you can see from lots of place. Except having a great view of valley it does not offer much to visitors. Except an old temple and a gurudwara.Presently being used by CRPF as base it does not have any other attractions. Needs an athletic person as it requires walking stairs.","Jun 2018 • Family","","","","2024-03-21T18:44:57Z"
"Hari Parbat","Srinagar Jammu and Kashmir","g297623","d338347","4.0","https://www.tripadvisor.com/ShowUserReviews-g297623-d338347-r582157327-Hari_Parbat-Srinagar_Srinagar_District_Kashmir_Jammu_and_Kashmir.html","https://dynamic-media-cdn.tripadvisor.com/media/photo-o/1a/f6/ea/74/default-avatar-2020-68.jpg?w=100&h=-1&s=1","4.0 of 5 bubbles","Old place",365,"This is on the top of mountain. You can see complete dal lake area from this place. This area is under defence .","Apr 2018 • Couples","","","","2024-03-21T18:44:57Z"
"Hari Parbat","Srinagar Jammu and Kashmir","g297623","d338347","4.0","https://www.tripadvisor.com/ShowUserReviews-g297623-d338347-r578457956-Hari_Parbat-Srinagar_Srinagar_District_Kashmir_Jammu_and_Kashmir.html","https://dynamic-media-cdn.tripadvisor.com/media/photo-o/09/92/eb/7a/manishsarraf.jpg?w=100&h=-1&s=1","4.0 of 5 bubbles","Too much walk to the hill",569,"We quit going to the hill after too much walk. The view of the Palace can be seen from anywhere in Srinagar. Its very close to Nageen Lake.","Mar 2018 • Family","","","","2024-03-21T18:44:57Z"
"Hari Parbat","Srinagar Jammu and Kashmir","g297623","d338347","4.0","https://www.tripadvisor.com/ShowUserReviews-g297623-d338347-r569836128-Hari_Parbat-Srinagar_Srinagar_District_Kashmir_Jammu_and_Kashmir.html","https://dynamic-media-cdn.tripadvisor.com/media/photo-o/1a/f6/e4/2d/default-avatar-2020-48.jpg?w=100&h=-1&s=1","4.0 of 5 bubbles","Scenic",559,"It was always nice to be here. the beauty is infinite and amazing. The place has its charm in valley and cant be beaten.","Jan 2018","","","","2024-03-21T18:44:57Z"
"Hari Parbat","Srinagar Jammu and Kashmir","g297623","d338347","4.0","https://www.tripadvisor.com/ShowUserReviews-g297623-d338347-r544243453-Hari_Parbat-Srinagar_Srinagar_District_Kashmir_Jammu_and_Kashmir.html","https://dynamic-media-cdn.tripadvisor.com/media/photo-o/1a/f6/e5/2b/default-avatar-2020-52.jpg?w=100&h=-1&s=1","4.0 of 5 bubbles","Majestic",99,"We did not go to the fort but could see the fort on the hill top en-route several places. It looks majestic in the day as well as in the night when the lights are put on.","Oct 2017 • Friends","","","","2024-03-21T18:44:57Z"
"Hari Parbat","Srinagar Jammu and Kashmir","g297623","d338347","4.0","https://www.tripadvisor.com/ShowUserReviews-g297623-d338347-r541340388-Hari_Parbat-Srinagar_Srinagar_District_Kashmir_Jammu_and_Kashmir.html","https://dynamic-media-cdn.tripadvisor.com/media/photo-o/1a/f6/e3/1f/default-avatar-2020-46.jpg?w=100&h=-1&s=1","5.0 of 5 bubbles","Garden on Hill",5,"We recently visited Srinagar and visited Hari Parbat Garden was amongst one of the best garden in Srinagar and would recommend to visit once.","Nov 2017","","","","2024-03-21T18:44:57Z"
"Hari Parbat","Srinagar Jammu and Kashmir","g297623","d338347","4.0","https://www.tripadvisor.com/ShowUserReviews-g297623-d338347-r536527904-Hari_Parbat-Srinagar_Srinagar_District_Kashmir_Jammu_and_Kashmir.html","https://dynamic-media-cdn.tripadvisor.com/media/photo-o/11/1a/12/f7/nilesh-pp.jpg?w=100&h=-1&s=1","3.0 of 5 bubbles","Fort offering an areil view",240,"With all the lighting for the fort Hari Parbat is certain to draw your attention at night and its location makes it quite a view to see.To reach Hari Parbat you will need to drive to the top, there is an entrance ticket at the base and it costed us about 120 Rs for a family of four.The fort has presence of police personals and you will have to make security entries before getting in. The staff is very good and helpful.You can carry cameras, would also suggest you carry water bottles as there is a climb involved, there are approx 180 steps that you have to climb, as you reach the fort and enter, you will realize there is nothing much that the fort itself can offer, but for the wonderful view from the top.","Oct 2017 • Family","","","","2024-03-21T18:44:57Z"
"Hari Parbat","Srinagar Jammu and Kashmir","g297623","d338347","4.0","https://www.tripadvisor.com/ShowUserReviews-g297623-d338347-r495927029-Hari_Parbat-Srinagar_Srinagar_District_Kashmir_Jammu_and_Kashmir.html","https://dynamic-media-cdn.tripadvisor.com/media/photo-o/1a/c6/c7/0d/gajarajan1947.jpg?w=100&h=-1&s=1","3.0 of 5 bubbles","Sharika Devi temple in kashmir",714,"The hari parvat is a hill in front of the dal lake and there is a  fort on top which is presently controlled by the army and is not permitted for visitors unless you have a special permission. But you can go to the Sharika devi temple which is half way through either by steps or cable car.","May 2017 • Couples","","","","2024-03-21T18:44:57Z"
"Hari Parbat","Srinagar Jammu and Kashmir","g297623","d338347","4.0","https://www.tripadvisor.com/ShowUserReviews-g297623-d338347-r495735858-Hari_Parbat-Srinagar_Srinagar_District_Kashmir_Jammu_and_Kashmir.html","https://dynamic-media-cdn.tripadvisor.com/media/photo-o/1a/f6/ec/3d/default-avatar-2020-1.jpg?w=100&h=-1&s=1","5.0 of 5 bubbles","Nice top view",175,"From the Hari parbat a good view of the some tall temple and Gurudwara was seen. To reach the top of the hari parbat one had to climb as much as 150 stairs.","Apr 2017 • Couples","","","","2024-03-21T18:44:57Z"
"Hari Parbat","Srinagar Jammu and Kashmir","g297623","d338347","4.0","https://www.tripadvisor.com/ShowUserReviews-g297623-d338347-r477349006-Hari_Parbat-Srinagar_Srinagar_District_Kashmir_Jammu_and_Kashmir.html","https://dynamic-media-cdn.tripadvisor.com/media/photo-o/0f/09/1b/5b/amen-e.jpg?w=100&h=-1&s=1","5.0 of 5 bubbles","Most visit in Srinagar",10,"Nice place to visit whole the city from the top. Also you can see temples of Hindu and Sikh temple and Muslim shrine.","Apr 2017 • Family","","","","2024-03-21T18:44:59Z"
"Hari Parbat","Srinagar Jammu and Kashmir","g297623","d338347","4.0","https://www.tripadvisor.com/ShowUserReviews-g297623-d338347-r447361758-Hari_Parbat-Srinagar_Srinagar_District_Kashmir_Jammu_and_Kashmir.html","https://dynamic-media-cdn.tripadvisor.com/media/photo-o/1a/f6/f2/59/default-avatar-2020-24.jpg?w=100&h=-1&s=1","3.0 of 5 bubbles","Can visit if you have time to spare",40,"This is a fort which not too many tourists visit.There are around 250 steps that take you to the top of the fort.Not much to see in the fort but the climb gives a good view of the city","May 2016 • Family","","","","2024-03-21T18:44:59Z"
"Hari Parbat","Srinagar Jammu and Kashmir","g297623","d338347","4.0","https://www.tripadvisor.com/ShowUserReviews-g297623-d338347-r423875688-Hari_Parbat-Srinagar_Srinagar_District_Kashmir_Jammu_and_Kashmir.html","https://dynamic-media-cdn.tripadvisor.com/media/photo-o/1a/f6/e6/ea/default-avatar-2020-54.jpg?w=100&h=-1&s=1","4.0 of 5 bubbles","Great view of th city",262,"Hari Parbat  has a temple atop it.. the fort has a beautiful garden which is open for tourist s .. The fort offers a nice view","Sep 2016 • Friends","","","","2024-03-21T18:44:59Z"
"Hari Parbat","Srinagar Jammu and Kashmir","g297623","d338347","4.0","https://www.tripadvisor.com/ShowUserReviews-g297623-d338347-r404548277-Hari_Parbat-Srinagar_Srinagar_District_Kashmir_Jammu_and_Kashmir.html","https://dynamic-media-cdn.tripadvisor.com/media/photo-o/0b/7b/d2/25/kcdebnath.jpg?w=100&h=-1&s=1","3.0 of 5 bubbles","Sharika Devi Temple , Hari Parbat in Srinagar.",798,"Today 30th April, 2016, our last day in Srinagar but we are to cover many worth seeing places, marketing etc still then. So, after lunch we decided to pay our homage to Sharika Mata temple on Hari Parbat on the western part of Dal Lake & at the fringe of Srinagar city .In my other review on Kashmir, I wrote that you should take at least 3 nights to discover all the vistas. There are so many things only in Srinagar city that you need sufficient time to explore them. Srinagar (1730mt), the lake city, the summer capital of the state, is mingled with the vibrant modern city as well as with the tradition. The city is prospered on the river Jhelum; you can distinguish yourself the old structure of the buildings in old city with the modern architecture. The style of the buildings reckons you to the Persian construction style. Apart from panoramic nature, Kashmir’s spirituality has a deep root in its so many shrines of Buddhist era, Hindu era & Islam era which brought a new dimension to the culture & heritage of Kashmir.The city’s hawk-eye view can be taken from the Koe-e-Maram or the Hari Parbat fort, in the center of the city. Hari Parbat, the most sacred hillock that can be visible from about 25 miles away from the western side of the Srinagar city. Why holy? It is believed that the hill is the abode of Jagat Amba Sharika Bhagwati , also known as Maha Tripurasundari or Rajrajeswari. The 18 armed goddess Sharika  is worshiped as presiding  deity ( “isht devi) of Srinagar city. Sharika Devi is believed as the incarnation Devi Durga. The goddess is represented by a Swyambhu Srichakra ( Mahamaha Shrichakra) , also called  Mahashriyantra which is comprised of  mystic impressions  & triangular patterns with a dot  ( bindu) at the center. There are 108 stone steps to reach the shrine of Devi Sharika . Before entry one has to take permission from the security . The deity is also called Chakreswari. From the devi angan the view of Srinagar city / Dal Lake is amazing.Temple timing-From 6.00am to 10pm.  Tues day is called a special day for all the devotees. With a view to fulfillment of one’s desire pilgrims offer sari &gifts to Mata & there is a rush on .Ashad Navami ( Har Navum) is said to be the birth day of  Sharika Bhagwati.","Apr 2016 • Couples","","","","2024-03-21T18:44:59Z"
"Hari Parbat","Srinagar Jammu and Kashmir","g297623","d338347","4.0","https://www.tripadvisor.com/ShowUserReviews-g297623-d338347-r395350149-Hari_Parbat-Srinagar_Srinagar_District_Kashmir_Jammu_and_Kashmir.html","https://dynamic-media-cdn.tripadvisor.com/media/photo-f/01/2e/70/a6/avatar077.jpg?w=100&h=-1&s=1","4.0 of 5 bubbles","Hill with a fort",56,"Hari parbat is a hill visible from Dal lake. It looks very beautiful with a Fort on top of it. We went up the hill to see the fort but were not allowed, as it is occupied by the security forces at present.","Jul 2016","","","","2024-03-21T18:44:59Z"
"Hari Parbat","Srinagar Jammu and Kashmir","g297623","d338347","4.0","https://www.tripadvisor.com/ShowUserReviews-g297623-d338347-r376044970-Hari_Parbat-Srinagar_Srinagar_District_Kashmir_Jammu_and_Kashmir.html","https://dynamic-media-cdn.tripadvisor.com/media/photo-o/1a/f6/e5/66/default-avatar-2020-53.jpg?w=100&h=-1&s=1","5.0 of 5 bubbles","National importance fort right in the center of the city",8,"Very beautiful fort right in the center offf the city. Need prior permission and tickets to reach the top.about 1 km uphill trek is there to reach the top from the car drop point. Enjoyed the view of srinagar from the top, nice architecture.","Apr 2016 • Family","","","","2024-03-21T18:44:59Z"
"Hari Parbat","Srinagar Jammu and Kashmir","g297623","d338347","4.0","https://www.tripadvisor.com/ShowUserReviews-g297623-d338347-r372000851-Hari_Parbat-Srinagar_Srinagar_District_Kashmir_Jammu_and_Kashmir.html","https://dynamic-media-cdn.tripadvisor.com/media/photo-o/11/3d/96/ff/nirav-d.jpg?w=100&h=-1&s=1","3.0 of 5 bubbles","Great view from the top",281,"Buy tickets for this at Nageen club, by car one can go nearly half way up and from there it's about 20 mins walk up. There is a temple, mosque and a gurdwara besides army presence and a great view","Apr 2016 • Friends","","","","2024-03-21T18:44:59Z"
"Hari Parbat","Srinagar Jammu and Kashmir","g297623","d338347","4.0","https://www.tripadvisor.com/ShowUserReviews-g297623-d338347-r363629966-Hari_Parbat-Srinagar_Srinagar_District_Kashmir_Jammu_and_Kashmir.html","https://dynamic-media-cdn.tripadvisor.com/media/photo-o/1a/f6/7c/01/default-avatar-2020-5.jpg?w=100&h=-1&s=1","5.0 of 5 bubbles","great",573,"Provincially known as Koh -e Maranis , Hari parbat is a hill overlooking the commanding view of Srinagar . It is the site of the Durrani Fort and has a notable religious dimension for the Hindus, Muslim and Sikhs alike ; hosting a famous Hindu temple, two shrines of locally venerated Muslim saints and a Sikh gurudwara .  Being a kind religious site that's one of a kind , this unique place is a major tourist attraction.","Nov 2015 • Couples","","","","2024-03-21T18:44:59Z"
"Hari Parbat","Srinagar Jammu and Kashmir","g297623","d338347","4.0","https://www.tripadvisor.com/ShowUserReviews-g297623-d338347-r348795466-Hari_Parbat-Srinagar_Srinagar_District_Kashmir_Jammu_and_Kashmir.html","https://dynamic-media-cdn.tripadvisor.com/media/photo-o/0a/5b/01/42/sushil19632015.jpg?w=100&h=-1&s=1","5.0 of 5 bubbles","Palace of  maharaja,hari singh",190,"On top of hari parvat fort of king hari singh, thats watch tower of valley, this is summer capital of jammu n kashmir.","Sep 2015 • Family","","","","2024-03-21T18:44:59Z"
"Hari Parbat","Srinagar Jammu and Kashmir","g297623","d338347","4.0","https://www.tripadvisor.com/ShowUserReviews-g297623-d338347-r339879461-Hari_Parbat-Srinagar_Srinagar_District_Kashmir_Jammu_and_Kashmir.html","https://dynamic-media-cdn.tripadvisor.com/media/photo-o/05/dc/d0/ee/vg333.jpg?w=100&h=-1&s=1","3.0 of 5 bubbles","Hari Parbat a.k.a Akbar fort",942,"Our group of 12 traveled nearly 40 minutes to see the fort. You will have to climb about 100 steps where you reach a Y junction. Left goes to the fort and right goes to a temple. Bunch of Army guys guard the attraction. We were disappointed to learn that access to fort is allowed only with a permission letter issued at the Nigeen club or PS (about 8 kms away). We did not have time to go and get the letter. We visited the temple and returned.","Jan 2016 • Family","","","","2024-03-21T18:44:59Z"
"Hari Parbat","Srinagar Jammu and Kashmir","g297623","d338347","4.0","https://www.tripadvisor.com/ShowUserReviews-g297623-d338347-r330357701-Hari_Parbat-Srinagar_Srinagar_District_Kashmir_Jammu_and_Kashmir.html","https://dynamic-media-cdn.tripadvisor.com/media/photo-o/1a/f6/eb/6d/default-avatar-2020-19.jpg?w=100&h=-1&s=1","4.0 of 5 bubbles","Hari Parbat  the temple not the fort",13,"Through the old city is exciting in its own right.  A lot of steep steps to an ancient temple where a rock is the centrepiece. The views over the city are awesome. Can get tickets from Nigeen club to see fort - we didn't. No time.","Nov 2015 • Family","","","","2024-03-21T18:45:01Z"
"Hari Parbat","Srinagar Jammu and Kashmir","g297623","d338347","4.0","https://www.tripadvisor.com/ShowUserReviews-g297623-d338347-r329498133-Hari_Parbat-Srinagar_Srinagar_District_Kashmir_Jammu_and_Kashmir.html","https://dynamic-media-cdn.tripadvisor.com/media/photo-o/09/a0/0e/59/dhirenthadesar.jpg?w=100&h=-1&s=1","5.0 of 5 bubbles","nice",89,"this place is located in downtown area it over looks whol srinagar city, the fort can be visited only after taking proper permissions from nagin club which is about 9 kms from city centre lalchowk. you have to be cautious only about snakes. no food stalls are there take your own canteen,","Sep 2015 • Family","","","","2024-03-21T18:45:01Z"
"Hari Parbat","Srinagar Jammu and Kashmir","g297623","d338347","4.0","https://www.tripadvisor.com/ShowUserReviews-g297623-d338347-r327290662-Hari_Parbat-Srinagar_Srinagar_District_Kashmir_Jammu_and_Kashmir.html","https://dynamic-media-cdn.tripadvisor.com/media/photo-o/08/3d/82/96/kall-ramanathan.jpg?w=100&h=-1&s=1","4.0 of 5 bubbles","Wonderful place",171,"This is an interesting tourist spot, especially if you know the history of the Hari Parbat, of the pebble (hari) dropped by Sharika in the form of a starling.","Oct 2015 • Family","","","","2024-03-21T18:45:01Z"
"Hari Parbat","Srinagar Jammu and Kashmir","g297623","d338347","4.0","https://www.tripadvisor.com/ShowUserReviews-g297623-d338347-r321068776-Hari_Parbat-Srinagar_Srinagar_District_Kashmir_Jammu_and_Kashmir.html","https://dynamic-media-cdn.tripadvisor.com/media/photo-o/0d/60/f2/a0/srinivasa-b.jpg?w=100&h=-1&s=1","5.0 of 5 bubbles","Limited access and Sharika mata temple is an ancient place on top",183,"Visit the temple of Sharika mata on top of the hill. There are two access roads to reach the temple. As such, inside the fort, there is nothing much.","Oct 2015 • Friends","","","","2024-03-21T18:45:01Z"
"Hari Parbat","Srinagar Jammu and Kashmir","g297623","d338347","4.0","https://www.tripadvisor.com/ShowUserReviews-g297623-d338347-r310044441-Hari_Parbat-Srinagar_Srinagar_District_Kashmir_Jammu_and_Kashmir.html","https://dynamic-media-cdn.tripadvisor.com/media/photo-o/1a/f6/e2/11/default-avatar-2020-41.jpg?w=100&h=-1&s=1","4.0 of 5 bubbles","nyc place",19,"The famous akbar fort is located there making it adorable place to visit, one can experience its view from nigen lake","Aug 2015 • Family","","","","2024-03-21T18:45:01Z"
"Hari Parbat","Srinagar Jammu and Kashmir","g297623","d338347","4.0","https://www.tripadvisor.com/ShowUserReviews-g297623-d338347-r309781672-Hari_Parbat-Srinagar_Srinagar_District_Kashmir_Jammu_and_Kashmir.html","https://dynamic-media-cdn.tripadvisor.com/media/photo-o/1a/f6/e7/99/default-avatar-2020-57.jpg?w=100&h=-1&s=1","4.0 of 5 bubbles","A Scenic View",63,"I would recommend a special time to make a sure shot visit to the place since no one would like to miss the scenic view. Although inputs form Guide would be useful to manage the time for visit.","Apr 2015","","","","2024-03-21T18:45:01Z"
"Hari Parbat","Srinagar Jammu and Kashmir","g297623","d338347","4.0","https://www.tripadvisor.com/ShowUserReviews-g297623-d338347-r306571539-Hari_Parbat-Srinagar_Srinagar_District_Kashmir_Jammu_and_Kashmir.html","https://dynamic-media-cdn.tripadvisor.com/media/photo-o/06/40/41/0e/swamiji-drupad.jpg?w=100&h=-1&s=1","5.0 of 5 bubbles","Forsight Fortress",514,"Near Badambari,this hillock is famous for Fort of Akbar. Akbar started it and it completed later. Unique masterpiece of Mughal Stratagic acumen,it is built such that any invasion coming either fromeast--Ladakh,or west--Baramula, could be sighted well in advance for preparation of defence. At evening hours, Light and Sound programme is stunningly beautiful and educative. Motorable till near the main gate.","Sep 2015 • Friends","","","","2024-03-21T18:45:01Z"
"Hari Parbat","Srinagar Jammu and Kashmir","g297623","d338347","4.0","https://www.tripadvisor.com/ShowUserReviews-g297623-d338347-r303955077-Hari_Parbat-Srinagar_Srinagar_District_Kashmir_Jammu_and_Kashmir.html","https://dynamic-media-cdn.tripadvisor.com/media/photo-o/1a/f6/77/ae/default-avatar-2020-2.jpg?w=100&h=-1&s=1","5.0 of 5 bubbles","Excellent view over Srinagar",16,"If you want to have a complete view over Srinagar, don't miss to visit this fort. It's just impressive. However, you will need a permission first from the Archeological Department of J&K (a copy of your passport is compulsory). Ask your hotel receptionist or the houseboat owner where this office is located to get the permission. The latter cannot be obtained at the entrance of the fort. The fort closes at 3 pm (August 2015).","Aug 2015 • Friends","","","","2024-03-21T18:45:01Z"
"Hari Parbat","Srinagar Jammu and Kashmir","g297623","d338347","4.0","https://www.tripadvisor.com/ShowUserReviews-g297623-d338347-r290469696-Hari_Parbat-Srinagar_Srinagar_District_Kashmir_Jammu_and_Kashmir.html","https://dynamic-media-cdn.tripadvisor.com/media/photo-o/1a/f6/e3/1f/default-avatar-2020-46.jpg?w=100&h=-1&s=1","4.0 of 5 bubbles","You need to know what you're doing to go around this place.",97,"1. Take adequate permissions before you visit.2. Permissions can be availed from the Nigin club, which is on the way to the fort.3. Better to coordinate with the club official a day prior to the day of visit to make sure you save time.4. They will require a photocopy of your ID.5. Entry is only allowed till 2 - 02:30 p.m. and they prefer you to leave by 3 p.m.6. Also, when u reach the fort's 1st gate, you may not find an attendant to unlock it. Therefore it is best to take the contact number of the club official and keep in contact in case required.7. Once you reach, all vehicles are parked outside the barricade and approx 100-200 steps are required to be climbed up to the fort. (not recommended for senior citizens)8. The fort, as already stated is a CRPF base camp.9. It is full of forest growths within the chambers, only a few areas like the approach way, and a small central area with CRPF tents is maintained and tended to. It has a small Namaz room, A temple and a Guru Nanak dev ji shrine inside built by the soldiers.10. The view is simply breathtaking!11. Though not much to see in the fort.12. The main Burj and even the path to it has been blocked because of belligerents trying to mast Pakistani flags a top the fort. (I was lucky to be able to get permission to view the same, though it is not open to civillians)13. The climb takes more time, as the fort is not very big. But yes you will be required to walked along thin turrets lined with thorned weeds at places. 14. Be careful of snakes.15. Would provide photographs, but as it is a base camp, I would not like to post them on public. Those who wish to visit may drop me a message.16. No Food etc available, carry your own and please do not liter.17. Surrounding attractions Temple, Makhdoom Shah Shrine (there is a gondola like ropeway available to visit it), and a Gurudwara (all 3 on the slopes surrounding the fort)18. Other Nearby attractions you may visit on the way  :- Hazratbal, Nigin Lake and Old town.*Hope you find this review helpful, message if more info required*P.S. I haven't uploaded any over the top or bird's eye view images as that may compromise the safety of the camp. Just 3 close ups and a window view. P.P.S. Wizcraft seems to have leased the place and is now building a light and sound show, so it may open to public soon. (around next year)","Jul 2015 • Friends","","","","2024-03-21T18:45:01Z"
"Hari Parbat","Srinagar Jammu and Kashmir","g297623","d338347","4.0","https://www.tripadvisor.com/ShowUserReviews-g297623-d338347-r284647251-Hari_Parbat-Srinagar_Srinagar_District_Kashmir_Jammu_and_Kashmir.html","https://dynamic-media-cdn.tripadvisor.com/media/photo-o/15/d3/bd/4c/drhasant.jpg?w=100&h=-1&s=1","4.0 of 5 bubbles","Take Permissions from Nigin Club to see Crown of Srinagar",224,"Go after all permissions are taken .Climb steps to see Shakari devi temple enroute and then the only true FORT of kashmir since millenniums.It was last renovated before Archaeology department and the State Govt tourism dept took over was by a Afghan General.But since ages it was HARI Parbat the Mount of the Lord hari on whose blessings The Dogra Raja Hari singh ,father of karan Singh ji was named not vice versa!! it offers all around views of Srinagar and finds you at centre when five times loud speakers come alive with prayers from all over .","Apr 2015 • Family","","","","2024-03-21T18:45:01Z"
