names,address,geo_id,hotel_id,rating,url,profile_image,review_score,review_heading,profile_contr,review_body,date_of_stay,company_responder,company_response,company_response_date,timestamp
Durga Nag Temple,Srinagar Jammu and Kashmir,g297623,d8059496,4.5,https://www.tripadvisor.com/ShowUserReviews-g297623-d8059496-r747794972-Durga_Nag_Temple-Srinagar_Srinagar_District_Kashmir_Jammu_and_Kashmir.html,https://dynamic-media-cdn.tripadvisor.com/media/photo-o/1a/f6/e3/6a/default-avatar-2020-47.jpg?w=100&h=-1&s=1,4.0 of 5 bubbles,Temple in Rainwari,448,This small temple was between the water. There was a small stutue of Naag and beside it there was a Durga mata temple. Temple was old and small.,Dec-19,,,,2024-03-21T18:50:37Z
Durga Nag Temple,Srinagar Jammu and Kashmir,g297623,d8059496,4.5,https://www.tripadvisor.com/ShowUserReviews-g297623-d8059496-r694119909-Durga_Nag_Temple-Srinagar_Srinagar_District_Kashmir_Jammu_and_Kashmir.html,https://dynamic-media-cdn.tripadvisor.com/media/photo-o/1a/f6/e2/81/default-avatar-2020-43.jpg?w=100&h=-1&s=1,5.0 of 5 bubbles,Durga Nag Temple,213,Durga Nag Temple so bueatiful temple holy place so good feeling it was after visiting here i just loved it,Jul 2019 • Family,,,,2024-03-21T18:50:37Z
Durga Nag Temple,Srinagar Jammu and Kashmir,g297623,d8059496,4.5,https://www.tripadvisor.com/ShowUserReviews-g297623-d8059496-r610373534-Durga_Nag_Temple-Srinagar_Srinagar_District_Kashmir_Jammu_and_Kashmir.html,https://dynamic-media-cdn.tripadvisor.com/media/photo-o/05/2c/1a/1d/bharathimani.jpg?w=100&h=-1&s=1,5.0 of 5 bubbles,Great vibrations,160,"This temple has great vibrations. A must visit for devotees. There is Durga maa, Shiva, Siddha peeta and a wish well.",Aug 2018 • Friends,,,,2024-03-21T18:50:37Z
Durga Nag Temple,Srinagar Jammu and Kashmir,g297623,d8059496,4.5,https://www.tripadvisor.com/ShowUserReviews-g297623-d8059496-r576643025-Durga_Nag_Temple-Srinagar_Srinagar_District_Kashmir_Jammu_and_Kashmir.html,https://dynamic-media-cdn.tripadvisor.com/media/photo-o/1a/f6/f2/7a/default-avatar-2020-25.jpg?w=100&h=-1&s=1,5.0 of 5 bubbles,Temple of maa durgeswari,111,I visit there with my wife. location is very good. enjoyed al lot. we take lots of picture. this is very near to lots of visited place. nice one must visit,Feb 2018 • Couples,,,,2024-03-21T18:50:37Z
Durga Nag Temple,Srinagar Jammu and Kashmir,g297623,d8059496,4.5,https://www.tripadvisor.com/ShowUserReviews-g297623-d8059496-r569209706-Durga_Nag_Temple-Srinagar_Srinagar_District_Kashmir_Jammu_and_Kashmir.html,https://dynamic-media-cdn.tripadvisor.com/media/photo-o/1a/f6/f6/0d/default-avatar-2020-34.jpg?w=100&h=-1&s=1,5.0 of 5 bubbles,religious place,168,Durga Nag Temple is a very nice temple in Srinagar. Durga Nag temple location is very good as this is just near the many visited place.,Apr 2017 • Couples,,,,2024-03-21T18:50:37Z
Durga Nag Temple,Srinagar Jammu and Kashmir,g297623,d8059496,4.5,https://www.tripadvisor.com/ShowUserReviews-g297623-d8059496-r529544734-Durga_Nag_Temple-Srinagar_Srinagar_District_Kashmir_Jammu_and_Kashmir.html,https://dynamic-media-cdn.tripadvisor.com/media/photo-o/1a/f6/e4/2d/default-avatar-2020-48.jpg?w=100&h=-1&s=1,4.0 of 5 bubbles,Old temple,559,"As the city has only few temples, this is one of the most famous temples in the city. We loved this place.",Sep 2017 • Family,,,,2024-03-21T18:50:37Z
Durga Nag Temple,Srinagar Jammu and Kashmir,g297623,d8059496,4.5,https://www.tripadvisor.com/ShowUserReviews-g297623-d8059496-r477840326-Durga_Nag_Temple-Srinagar_Srinagar_District_Kashmir_Jammu_and_Kashmir.html,https://dynamic-media-cdn.tripadvisor.com/media/photo-o/0c/3e/08/a8/anamika-k.jpg?w=100&h=-1&s=1,5.0 of 5 bubbles,Very old temple of maa durgeswari,559,Durga Nag temple location is very good as this is just near the many visited place. Totally must viaited place.,Apr 2017 • Couples,,,,2024-03-21T18:50:37Z
Durga Nag Temple,Srinagar Jammu and Kashmir,g297623,d8059496,4.5,https://www.tripadvisor.com/ShowUserReviews-g297623-d8059496-r458252180-Durga_Nag_Temple-Srinagar_Srinagar_District_Kashmir_Jammu_and_Kashmir.html,https://dynamic-media-cdn.tripadvisor.com/media/photo-o/0b/8e/1b/8f/vikas-g.jpg?w=100&h=-1&s=1,4.0 of 5 bubbles,A must visit temple...,763,"Located prominently in Rainawari, this temple is very old and is dedicated to Guru Shankaracharya... Easily accessible via a car or taxi, this place is a must visit for eternal peace and tranquility....",Jan 2017 • Family,,,,2024-03-21T18:50:37Z
Durga Nag Temple,Srinagar Jammu and Kashmir,g297623,d8059496,4.5,https://www.tripadvisor.com/ShowUserReviews-g297623-d8059496-r343787160-Durga_Nag_Temple-Srinagar_Srinagar_District_Kashmir_Jammu_and_Kashmir.html,https://dynamic-media-cdn.tripadvisor.com/media/photo-f/01/2e/70/88/avatar009.jpg?w=100&h=-1&s=1,5.0 of 5 bubbles,A divine Temple,85,Temple complex  at the foot of Shankarcharya Hill. Holly place a divine place of worship. Quiet a soulful and peaceful atmosphere.,Jul 2015 • Family,,,,2024-03-21T18:50:37Z
Durga Nag Temple,Srinagar Jammu and Kashmir,g297623,d8059496,4.5,https://www.tripadvisor.com/ShowUserReviews-g297623-d8059496-r342249675-Durga_Nag_Temple-Srinagar_Srinagar_District_Kashmir_Jammu_and_Kashmir.html,https://dynamic-media-cdn.tripadvisor.com/media/photo-o/1a/f6/f2/59/default-avatar-2020-24.jpg?w=100&h=-1&s=1,5.0 of 5 bubbles,quiet temple near in Srinagar which remained Quietly functional and active all through in the past 3 decades,100,"With not too many Hindu temples operational post militancy, the historical Durga Nag Mandir mandir offered a soothing experience all through the worst times to visiting sales personnel as well as tourists",Jan 2016 • Business,,,,2024-03-21T18:50:37Z
