names,address,geo_id,hotel_id,rating,url,profile_image,review_score,review_heading,profile_contr,review_body,date_of_stay,company_responder,company_response,company_response_date,timestamp
Doodhpathri,Srinagar Jammu and Kashmir,g297623,d10496373,4.5,https://www.tripadvisor.com/ShowUserReviews-g297623-d10496373-r929701445-Doodhpathri-Srinagar_Srinagar_District_Kashmir_Jammu_and_Kashmir.html,https://dynamic-media-cdn.tripadvisor.com/media/photo-o/1a/f6/e8/91/default-avatar-2020-62.jpg?w=100&h=-1&s=1,5.0 of 5 bubbles,Skip Sonmarg for Doodhpatri ,3,"The overall experience was mesmerising, the photos are truly natural, the Shalimar Ganga view attracts the eyes, the pony service was too homelike, the ganga is around 5-6 km from parking spot, 3 modes are available- Pony Service, ATV rides and Walking though there are several reviews although the major spot is Ganga and its MUST VISIT PLACE, less crowded and full of nature, Plan your day here instead of Sonmarg.",Dec 2023 • Friends,,,,2024-03-21T16:56:31Z
Doodhpathri,Srinagar Jammu and Kashmir,g297623,d10496373,4.5,https://www.tripadvisor.com/ShowUserReviews-g297623-d10496373-r922100101-Doodhpathri-Srinagar_Srinagar_District_Kashmir_Jammu_and_Kashmir.html,https://dynamic-media-cdn.tripadvisor.com/media/photo-o/1a/f6/f1/06/default-avatar-2020-18.jpg?w=100&h=-1&s=1,5.0 of 5 bubbles,Beautiful and serene.,3,"Doodhpathri is an amazingly beautiful place. It is miles of verdant meadows and the Shaliganga river on one side flanked by mountains. The Rocky river turns the flowing water white white as milk, hence the name. It is a place to walk and wander and absorb the splendour of nature. But of course, it is full of ponies and ATVs. If you choose one of these, then they take you on a fixed path down to the river. There are also cabs that take you to the river and back. It is a good option is walking is not for you. But if you are luckily enough to be there when the crowds are away, then just wander in the meadow s and by the river, drink in the beauty and marvel at the wonder that is our earth.",Sep 2023 • Family,,,,2024-03-21T16:56:31Z
Doodhpathri,Srinagar Jammu and Kashmir,g297623,d10496373,4.5,https://www.tripadvisor.com/ShowUserReviews-g297623-d10496373-r921761993-Doodhpathri-Srinagar_Srinagar_District_Kashmir_Jammu_and_Kashmir.html,https://dynamic-media-cdn.tripadvisor.com/media/photo-o/1a/f6/ef/9c/default-avatar-2020-14.jpg?w=100&h=-1&s=1,5.0 of 5 bubbles,Offbeat location in Kashmir ,87,"Beautiful meadows, trekking points, river make this place an awesome place. Trek to Yusmarg is 6 hours from here.",Sep 2023 • Couples,,,,2024-03-21T16:56:31Z
Doodhpathri,Srinagar Jammu and Kashmir,g297623,d10496373,4.5,https://www.tripadvisor.com/ShowUserReviews-g297623-d10496373-r919709972-Doodhpathri-Srinagar_Srinagar_District_Kashmir_Jammu_and_Kashmir.html,https://dynamic-media-cdn.tripadvisor.com/media/photo-o/1a/f6/ee/db/default-avatar-2020-10.jpg?w=100&h=-1&s=1,5.0 of 5 bubbles,Memorable Experience for Lifetime,6,"Visited Doodhpathri on 21st September 2023 and the views were exquisite. We hired two ponies and they were charging 3000 at first however we brought it down to 2500/- total for 2 people.The people of the union in the parking were arguing that they cannot lower the charges and further its nit possible.But somehow for 2 ponies we brought it down to 2500 both Two way journey.The pony driver showed us 6 view points and the while meadow felt like we reached Switzerland.The views were exquisite and just like any European country. When we reached the waterfall, hailstorm started suddenly along with thundershower.It was a memorable experience for both me and my Mom for lifetime 😊",Sep 2023 • Family,,,,2024-03-21T16:56:31Z
Doodhpathri,Srinagar Jammu and Kashmir,g297623,d10496373,4.5,https://www.tripadvisor.com/ShowUserReviews-g297623-d10496373-r917510140-Doodhpathri-Srinagar_Srinagar_District_Kashmir_Jammu_and_Kashmir.html,https://dynamic-media-cdn.tripadvisor.com/media/photo-o/1a/f6/ee/68/default-avatar-2020-9.jpg?w=100&h=-1&s=1,5.0 of 5 bubbles,"Slightly offbeat, great views!",9,"Cars aren't allowed beyond the main gate which leads to the meadow. Beyond this you can walk/ take a pony ride/ ride an ATV. We chose to walk and that was the best decision we took. It only takes 29 mins, and the views from the meadow to the river are mesmerizing. The weather was pleasant with a slight chill and the river was also a sight to behold, with some hot kahva from a stall along the banks being the cherry on top. Make sure you wear comfortable footwear though.",Sep 2023 • Friends,,,,2024-03-21T16:56:31Z
Doodhpathri,Srinagar Jammu and Kashmir,g297623,d10496373,4.5,https://www.tripadvisor.com/ShowUserReviews-g297623-d10496373-r916781268-Doodhpathri-Srinagar_Srinagar_District_Kashmir_Jammu_and_Kashmir.html,https://dynamic-media-cdn.tripadvisor.com/media/photo-o/1c/5f/be/08/caption.jpg?w=100&h=-1&s=1,5.0 of 5 bubbles,Memorable,695,Around 70 kms from Srinagar and a 2 hour journey brings you to this beautiful destination from parking to go upto the river you can either walk hire a pony or be a pillion rider on an electric vehicle charges are negotiable they start with 4000 and settle for 12 to 15 hundred depending upon demand and supply and your negotiation skills I choose to be the pillion rider and thoroughly enjoyed the journey the view and experience by the side of the river was memorable There is a Hi Speed resort on the way from parking to the river where one can get tea coffee snacks and meals it also has a wifi accommodation is also available at a reasonable price it has parking one can only bring your vehicle to the resort if you show booking to the horse owner goons otherwise they can damage the vehicle Sharing pics of the place,Sep 2023 • Solo,,,,2024-03-21T16:56:31Z
Doodhpathri,Srinagar Jammu and Kashmir,g297623,d10496373,4.5,https://www.tripadvisor.com/ShowUserReviews-g297623-d10496373-r911604012-Doodhpathri-Srinagar_Srinagar_District_Kashmir_Jammu_and_Kashmir.html,https://dynamic-media-cdn.tripadvisor.com/media/photo-o/1a/f6/e4/a9/default-avatar-2020-50.jpg?w=100&h=-1&s=1,2.0 of 5 bubbles,Beautiful scenery spoilt,45,This is undoubtedly a hidden gem and the scenery is breathtaking. We made the mistake of hiring horses and guides for the three of us. We ordered and agreed the horses and price for one hour because our Kashmiri friends were waiting in the car park.The guides ignored this and made us dismount and wait on our own without explanation on two occasions. Just before the tour ended the guides stopped us to demand a tip and the whole experience was upsetting and a bit scary. We finally ended up paying double what was agreed and the guides were still demanding a tip as we left.We love Kashmir and it’s people and always support local businesses where we can.This was the low point of our trip to India and something that should be addressed because it could be a highlight.,Aug 2023 • Family,,,,2024-03-21T16:56:31Z
Doodhpathri,Srinagar Jammu and Kashmir,g297623,d10496373,4.5,https://www.tripadvisor.com/ShowUserReviews-g297623-d10496373-r910225128-Doodhpathri-Srinagar_Srinagar_District_Kashmir_Jammu_and_Kashmir.html,https://dynamic-media-cdn.tripadvisor.com/media/photo-o/1a/f6/e2/4a/default-avatar-2020-42.jpg?w=100&h=-1&s=1,5.0 of 5 bubbles,I'm very pleased and amazed. In Sha Allah will visit in future as an when opportunity comes.,2,It's a awesome place to visit. Totally Worthing. Less crowded touristic spots. In a single word really amazing 😍🤩,Aug 2023 • Friends,,,,2024-03-21T16:56:31Z
Doodhpathri,Srinagar Jammu and Kashmir,g297623,d10496373,4.5,https://www.tripadvisor.com/ShowUserReviews-g297623-d10496373-r900578674-Doodhpathri-Srinagar_Srinagar_District_Kashmir_Jammu_and_Kashmir.html,https://dynamic-media-cdn.tripadvisor.com/media/photo-o/1a/f6/f0/d5/default-avatar-2020-17.jpg?w=100&h=-1&s=1,5.0 of 5 bubbles,Doodhpathri - The valley of milk,12,"Doodhpathri is a picturesque hidden gem of Kashmir which is only 44 km from airport. It's a surreal place at 8,957 ft with lush green meadow surrounded by Pir Panzal range & Shaliganga river is flowing through it.",Sep 2022 • Family,,,,2024-03-21T16:56:31Z
Doodhpathri,Srinagar Jammu and Kashmir,g297623,d10496373,4.5,https://www.tripadvisor.com/ShowUserReviews-g297623-d10496373-r900495950-Doodhpathri-Srinagar_Srinagar_District_Kashmir_Jammu_and_Kashmir.html,https://dynamic-media-cdn.tripadvisor.com/media/photo-o/1a/f6/e5/2b/default-avatar-2020-52.jpg?w=100&h=-1&s=1,4.0 of 5 bubbles,Must Visit.,9,I had visited with my family at Doodhpathri on dated 29th of June. It was a very pleasant experience. The valleys were worth seeing. The river point sight seeing was a very excellent experience. Must visit this place if going to Srinagar.,Jun 2023 • Family,,,,2024-03-21T16:56:31Z
Doodhpathri,Srinagar Jammu and Kashmir,g297623,d10496373,4.5,https://www.tripadvisor.com/ShowUserReviews-g297623-d10496373-r899742943-Doodhpathri-Srinagar_Srinagar_District_Kashmir_Jammu_and_Kashmir.html,https://dynamic-media-cdn.tripadvisor.com/media/photo-l/01/2a/fd/9b/avatar.jpg?w=100&h=-1&s=1,3.0 of 5 bubbles,Nice view but not great,89,"Good experience with open meadows and river areas with clean water.  However, the very poor experience of Pony, unions, and taxi people who stop much before, and then Pony people charge anything and hard to bargain. Although, you can walk if you prefer and tablet to track 2-3 km. It's harassment of tourists and not only at this place but the whole of Kashmir.",Jun-23,,,,2024-03-21T16:56:32Z
Doodhpathri,Srinagar Jammu and Kashmir,g297623,d10496373,4.5,https://www.tripadvisor.com/ShowUserReviews-g297623-d10496373-r894831199-Doodhpathri-Srinagar_Srinagar_District_Kashmir_Jammu_and_Kashmir.html,https://dynamic-media-cdn.tripadvisor.com/media/photo-o/29/77/3e/7c/caption.jpg?w=100&h=-1&s=1,4.0 of 5 bubbles,Shaliganga river in Doodhpathri,4,The Place is really is nice. Pony walles will ask you to go to shaliganga river by pony but you will have to convince ur driver to take you directly to the parking. While crossing the river dont jump and go safely. The water is really clean and looks as white as milk. As per me its a must visit,Jun 2023 • Family,,,,2024-03-21T16:56:32Z
Doodhpathri,Srinagar Jammu and Kashmir,g297623,d10496373,4.5,https://www.tripadvisor.com/ShowUserReviews-g297623-d10496373-r892577264-Doodhpathri-Srinagar_Srinagar_District_Kashmir_Jammu_and_Kashmir.html,https://dynamic-media-cdn.tripadvisor.com/media/photo-o/1a/f6/df/99/default-avatar-2020-40.jpg?w=100&h=-1&s=1,5.0 of 5 bubbles,"Enjoy this piece of nature with meadows, treks and river",8,"We really enjoyed the experience of doodhpathri.. When we went there it was really foggy due to the rains.. Our taxi driver went inside till Shaliganga river, so we didnt ride any pony here..We crossed the river bridge and trekked for around 40 minutes amongst the rocks and pine trees.. While coming back, the fog had cleared and we enjoyed the meadows with such a beautiful view and also took photos with the sheep that were grazing around. Also do not miss the chance to have makki ki roti and saag while coming back.",May-23,,,,2024-03-21T16:56:32Z
Doodhpathri,Srinagar Jammu and Kashmir,g297623,d10496373,4.5,https://www.tripadvisor.com/ShowUserReviews-g297623-d10496373-r892248269-Doodhpathri-Srinagar_Srinagar_District_Kashmir_Jammu_and_Kashmir.html,https://dynamic-media-cdn.tripadvisor.com/media/photo-o/1a/f6/e3/6a/default-avatar-2020-47.jpg?w=100&h=-1&s=1,1.0 of 5 bubbles,"Worst experience, I blame authorites first, ponnywalas second",3,"First of all the place is nice if not the best. The problem is reaching there because of certain self made laws of ponnywala/govt of not allowing own car/taxi till the final river point First of all the ponnywalas (sledge walas at thajiwas) are by far the most notorious and harrasing people on this earth. They gather in crowd in front of your car and don't let cross saying no further entry and then they want to charge us to walk 3-4  km that's left. Such people spoil the entire experience and you have to negotiate and plan your further trip while some people brine govt officers and take the car till last point. Road is very much ok for car to go but it's the nexus of govt and these ponnywalas that wants to rob the tourists. I am sure govt is not blind and if they wish they can remove ponnywalas from all tourist  spots by making roads till the last stop but may be the local unions and bribery is not letting that happen. Till that point I would rate kashmir as the worst tourist destination unless you want to shell out and can keep on negotiating with these notorious guys.I ask govt, why can't they make roads and allow cars till the last spot. Doodhpathri is beautiful buy such things don't let you enjoy the spot.",May 2023 • Family,,,,2024-03-21T16:56:32Z
Doodhpathri,Srinagar Jammu and Kashmir,g297623,d10496373,4.5,https://www.tripadvisor.com/ShowUserReviews-g297623-d10496373-r889237308-Doodhpathri-Srinagar_Srinagar_District_Kashmir_Jammu_and_Kashmir.html,https://dynamic-media-cdn.tripadvisor.com/media/photo-o/0c/1f/75/60/crg-p.jpg?w=100&h=-1&s=1,5.0 of 5 bubbles,Doodhpartri really awesome place to visit,17,It's very good valley and not much disturbance from people for pony rides compared to gulmarg and pahalgam,May-23,,,,2024-03-21T16:56:32Z
Doodhpathri,Srinagar Jammu and Kashmir,g297623,d10496373,4.5,https://www.tripadvisor.com/ShowUserReviews-g297623-d10496373-r886034598-Doodhpathri-Srinagar_Srinagar_District_Kashmir_Jammu_and_Kashmir.html,https://dynamic-media-cdn.tripadvisor.com/media/photo-o/1a/f6/f4/5d/default-avatar-2020-32.jpg?w=100&h=-1&s=1,3.0 of 5 bubbles,Doodhpatri - No fun without the snow,54,"The snow has gone away, but the meadow is scenic. Hiring horses was a waste as the best part is a stream . Bargain started from 2500/- per horse to 1500/- per horse....Even that was not worth it...Valley of flowers does not have a single flower. Also do not hire gumboots . Rather take a walk , but on the whole can be avoided altogether, as going to other places would be a better idea. Avoid the makke ki roti and sarso da saag as it is overhyped and immensly oily. Sticking to good old Maggi wud be a better idea.",Apr 2023 • Couples,,,,2024-03-21T16:56:32Z
Doodhpathri,Srinagar Jammu and Kashmir,g297623,d10496373,4.5,https://www.tripadvisor.com/ShowUserReviews-g297623-d10496373-r884846893-Doodhpathri-Srinagar_Srinagar_District_Kashmir_Jammu_and_Kashmir.html,https://dynamic-media-cdn.tripadvisor.com/media/photo-o/04/0c/b7/28/taotzu.jpg?w=100&h=-1&s=1,4.0 of 5 bubbles,Trek rather than taxi,438,"It's a lovely place to visit at 2500 metres asl. There are at least 2 meadows and a vast expanse of conifer trees and a good amount of snow if you are there in April. In May - Aug, the snow melts and the grass in the meadows turn vibrant green. That's a good time too. There is at 3kms Trek to Shilaganga at 2700 metres. You should be protected against cold wind. No need to buy gum boots, no need to take ponies (₹1600-2000) if you can Trek. It's a lovely road Trek. Taxis also go. There are two hutment resorts which can also be booked in advance. Forest department manages one of them. You get tea coffee maggi on way and at Shilaganga too. Recommended.",Apr 2023 • Friends,,,,2024-03-21T16:56:32Z
Doodhpathri,Srinagar Jammu and Kashmir,g297623,d10496373,4.5,https://www.tripadvisor.com/ShowUserReviews-g297623-d10496373-r869661106-Doodhpathri-Srinagar_Srinagar_District_Kashmir_Jammu_and_Kashmir.html,https://dynamic-media-cdn.tripadvisor.com/media/photo-o/29/18/cf/f1/aman7619.jpg?w=100&h=-1&s=1,4.0 of 5 bubbles,Beautiful Kashmir,3,"Just 45km away from Sgr , Doodhpathri ""milk of meadows"" a desired place you have to visit once life mesmerizing view of green pastures, river, pine trees will feel you like you are in heaven. You can hire guides who will explore this place better . You can contact ""Valley Trip Guides"" there who are very helpful and energetic boys. If u want trek alpine lakes and peaks you must contact them and will give you all things which are must for trekking .email. valleytripguidesContact no. 9149477429,9906425245.",Jun 2022 • Friends,,,,2024-03-21T16:56:32Z
Doodhpathri,Srinagar Jammu and Kashmir,g297623,d10496373,4.5,https://www.tripadvisor.com/ShowUserReviews-g297623-d10496373-r869421479-Doodhpathri-Srinagar_Srinagar_District_Kashmir_Jammu_and_Kashmir.html,https://dynamic-media-cdn.tripadvisor.com/media/photo-o/1a/f6/e4/2d/default-avatar-2020-48.jpg?w=100&h=-1&s=1,5.0 of 5 bubbles,Mini Switzerland  or Scotland - beautiful,126,"This is a lesser known place as compared to Gulmarg and Pehelgam but no less beautiful than the others. The name originates from a legend but means MILK flowing through STONES. It's 45 km from Srinagar and you can reach there easily by a taxi. From the parking you need to take a horse ride or another local taxi. You need to negotiate hard for the taxi ride. As you go towards highest point, you can enjoy the nature with vast open grazing grounds, green lawns and snow peak mountains in the surrounding. The scenery is as beautiful as in Scotland or in Austria or Switzerland. There are eateries where you can have your food. There are stay options as well which we don't explore. Highly recommended place.",Jun-22,,,,2024-03-21T16:56:32Z
Doodhpathri,Srinagar Jammu and Kashmir,g297623,d10496373,4.5,https://www.tripadvisor.com/ShowUserReviews-g297623-d10496373-r868762804-Doodhpathri-Srinagar_Srinagar_District_Kashmir_Jammu_and_Kashmir.html,https://dynamic-media-cdn.tripadvisor.com/media/photo-o/14/f6/7b/7b/bhagwan-k.jpg?w=100&h=-1&s=1,5.0 of 5 bubbles,Not to be missed,9,"One must visit this place. Nice river, scenic beauty. Very clean water & great landscapes.Usually less crowded compared to the rest of the places in Kashmir",Nov-22,,,,2024-03-21T16:56:32Z
Doodhpathri,Srinagar Jammu and Kashmir,g297623,d10496373,4.5,https://www.tripadvisor.com/ShowUserReviews-g297623-d10496373-r867205525-Doodhpathri-Srinagar_Srinagar_District_Kashmir_Jammu_and_Kashmir.html,https://dynamic-media-cdn.tripadvisor.com/media/photo-o/1a/f6/e9/60/default-avatar-2020-64.jpg?w=100&h=-1&s=1,5.0 of 5 bubbles,Scenic and Serene,110,"Serene. Greenery, pine trees, rivulets. Must must visit. Less crowded and more peaceful as it is not bombarded with tourists.",Nov 2022 • Couples,,,,2024-03-21T16:56:34Z
Doodhpathri,Srinagar Jammu and Kashmir,g297623,d10496373,4.5,https://www.tripadvisor.com/ShowUserReviews-g297623-d10496373-r866257430-Doodhpathri-Srinagar_Srinagar_District_Kashmir_Jammu_and_Kashmir.html,https://dynamic-media-cdn.tripadvisor.com/media/photo-o/06/ae/1b/84/flower2975.jpg?w=100&h=-1&s=1,5.0 of 5 bubbles,Beautiful place..but no amenities,151,"This is a beautiful place where you can walk in the meadows and basically just enjoy yourself.  No need to hire a pony..enjoy the walk.  But the pony owners will continuously be around you and asking you to hire a pony.  This is due to no system in place to hire a pony.  Also there are no basic amenities in place for women travellers. The washroom in doodhpatri area is closed, the one at the entrance of the toll gate is in shambles.  On the way there are various stalls serving makki ki roti, noon chai & kahwa - definitely not to be missed.",Sep-22,,,,2024-03-21T16:56:34Z
Doodhpathri,Srinagar Jammu and Kashmir,g297623,d10496373,4.5,https://www.tripadvisor.com/ShowUserReviews-g297623-d10496373-r866024410-Doodhpathri-Srinagar_Srinagar_District_Kashmir_Jammu_and_Kashmir.html,https://dynamic-media-cdn.tripadvisor.com/media/photo-o/1a/f6/df/99/default-avatar-2020-40.jpg?w=100&h=-1&s=1,5.0 of 5 bubbles,Most beautiful place around srinagar ,43,"It is the most beautiful place for a day trip from srinagar. A two hour drive. The car can go right upto the entrance point to the river. There is a 150 rupees toll that one has to pay. Also, the horses union will not let the car pass and will insist on taking ponies. We did not want to take horses so we just paid then rs. 500 to let us through. We also tipped our driver who helped in convincing the horse union. The scenic beauty around the flowing river is mersmerising. On the way back we had makke ki roti and sarson ka saag which was very tasty. Do not miss this trip",Oct 2022 • Family,,,,2024-03-21T16:56:34Z
Doodhpathri,Srinagar Jammu and Kashmir,g297623,d10496373,4.5,https://www.tripadvisor.com/ShowUserReviews-g297623-d10496373-r863658652-Doodhpathri-Srinagar_Srinagar_District_Kashmir_Jammu_and_Kashmir.html,https://dynamic-media-cdn.tripadvisor.com/media/photo-o/1a/f6/ef/73/default-avatar-2020-13.jpg?w=100&h=-1&s=1,4.0 of 5 bubbles,A great visit,65,"It is a very beautiful place and gives a feel of meadows of pahalgam without actually going there.Its about two hours from srinagar,and the route is beautiful,via small villages ,fields,and apple orchards on both the sides.We went there on a weekend,probably due to that,it was crowded with tourists.The locals were intelligent,hence stuck to meadows,while tourists like us,were keen on going to the river,where you need to hire a pony.We didn't want to hire a pony,so requsted a private car owner who gave us a lift and was kind enough to drop us till the riverside parking.Our own car driver flatly refused to take us till parking,probably because he was hand in gloves with the pony riders.Actually,the authorities charge a small fee of only 150 rs,and let your car pass.But our driver refused to co operate.It did spoil our mood for a shortwhile,but this happens everywhere in kashmir,and you need to keep your calm.Riverside was quite congested so we soon headed back,and found a lovely meadow where sheep were grazing and spent time there.I need to mention Heaven's inn restaurant in Badgam where we stopped while going as well as coming back,and it was a great experience.The owner was very warm,he served us personally.One more thing.This beautiful place is being littered by locals as well as tourists alike.Please maintain the beauty!!",Oct 2022 • Family,,,,2024-03-21T16:56:34Z
Doodhpathri,Srinagar Jammu and Kashmir,g297623,d10496373,4.5,https://www.tripadvisor.com/ShowUserReviews-g297623-d10496373-r863305250-Doodhpathri-Srinagar_Srinagar_District_Kashmir_Jammu_and_Kashmir.html,https://dynamic-media-cdn.tripadvisor.com/media/photo-o/1a/f6/f1/b8/default-avatar-2020-22.jpg?w=100&h=-1&s=1,4.0 of 5 bubbles,No need for Pony ride as vehicles can go right upto the river Shaliganga,12,"It has 2 entrances/corridors, one for the meadows and another for the access to river Shaliganga. There is no need to hire a pony to reach the river stream. We were duped by the driver and the pony wallahs who informed us that vehicles cannot go near the river steam so we hired ponies @Rs. 800 each but later we found that people had taken their vehicles right upto the end point near the river and there was a parking spot for vehicles as well. So we felt cheated and duped unnecessarily. Otherwise decent place.",Oct 2022 • Family,,,,2024-03-21T16:56:34Z
Doodhpathri,Srinagar Jammu and Kashmir,g297623,d10496373,4.5,https://www.tripadvisor.com/ShowUserReviews-g297623-d10496373-r852148193-Doodhpathri-Srinagar_Srinagar_District_Kashmir_Jammu_and_Kashmir.html,https://dynamic-media-cdn.tripadvisor.com/media/photo-o/25/19/f4/48/wendyllp.jpg?w=100&h=-1&s=1,5.0 of 5 bubbles,An off the beaten track place,277,"This is a pace that is off the beaten track, but as beautiful as Sonamarg. The serene meadows and hills around is worth seeing. One can go to the Shaliganga river by horse or trekking. There are a few points to see too.",Jul-22,,,,2024-03-21T16:56:34Z
Doodhpathri,Srinagar Jammu and Kashmir,g297623,d10496373,4.5,https://www.tripadvisor.com/ShowUserReviews-g297623-d10496373-r850946917-Doodhpathri-Srinagar_Srinagar_District_Kashmir_Jammu_and_Kashmir.html,https://dynamic-media-cdn.tripadvisor.com/media/photo-o/1a/f6/e5/66/default-avatar-2020-53.jpg?w=100&h=-1&s=1,5.0 of 5 bubbles,Super scenic Doodhpathri,2,"We visited Doodhpathri in May 2022. You would like to see the scenic beauty of this rather uncommon destination. The journey from Srinagar is not more than two and half hour. However, it is a whole day programme if you want to explore the place well by taking pony ride.",May-22,,,,2024-03-21T16:56:34Z
Doodhpathri,Srinagar Jammu and Kashmir,g297623,d10496373,4.5,https://www.tripadvisor.com/ShowUserReviews-g297623-d10496373-r844731513-Doodhpathri-Srinagar_Srinagar_District_Kashmir_Jammu_and_Kashmir.html,https://dynamic-media-cdn.tripadvisor.com/media/photo-o/03/d4/b7/12/gmohit.jpg?w=100&h=-1&s=1,5.0 of 5 bubbles,Visit while its still not in all tourist itenaries…BEAUTIFUL IT IS !!!,187,"We visited Doodhpathri after staying at Yusmarg. In hindsight, it would have been better to trek from Yusmarg to Doodhpathri which would have taken almost 5 hours.The place is beautiful and is yet to turn 100% touristy. There will be pony wallahs who would be after you to take a pony but you can cover the path on your own if you can walk for 30/45 mins at a stretch.The place is beautiful to say the least. Shailganga - the milky white river flows with all its might making the place out of this world.Don’t forget to have Makki Roti, Saag, aachar and Kahwa one you are entering or leaving Doodhpathri. They are at roadside and an experience in itself.",May 2022 • Family,,,,2024-03-21T16:56:34Z
Doodhpathri,Srinagar Jammu and Kashmir,g297623,d10496373,4.5,https://www.tripadvisor.com/ShowUserReviews-g297623-d10496373-r842718039-Doodhpathri-Srinagar_Srinagar_District_Kashmir_Jammu_and_Kashmir.html,https://dynamic-media-cdn.tripadvisor.com/media/photo-o/1a/f6/e9/bb/default-avatar-2020-65.jpg?w=100&h=-1&s=1,4.0 of 5 bubbles,Swiss of India,33,"Very beautiful. Swiss of India. 2 hrs from Srinagar. We went directly from Srinagar airport. Very clam n beautiful. Horse guys will take you for a ""ride"" but then that's ok ..it happens in entire Kashmir. They too need to earn their livelihood. But river is beautiful. Do spend time there",May 2022 • Family,,,,2024-03-21T16:56:34Z
Doodhpathri,Srinagar Jammu and Kashmir,g297623,d10496373,4.5,https://www.tripadvisor.com/ShowUserReviews-g297623-d10496373-r842366171-Doodhpathri-Srinagar_Srinagar_District_Kashmir_Jammu_and_Kashmir.html,https://dynamic-media-cdn.tripadvisor.com/media/photo-o/1a/f6/e9/bb/default-avatar-2020-65.jpg?w=100&h=-1&s=1,5.0 of 5 bubbles,"Must see. Peaceful, green, clean, lambs grazing, horses, simply fantastic and heavenly.",23,"For a peaceful heavenly experience and to be one with nature, this is the place!!! The area near the stream can get a bit noisy and crowded with pony folks and tourists, but the large meadow and scenery before is to die for. We stopped by a roadside native stall for salty tea (namkeen chai) and roti. And it was a heavenly experience. Just nature, a local lady serving tea and the clouds. Must experience.",Jun 2022 • Couples,,,,2024-03-21T16:56:34Z
Doodhpathri,Srinagar Jammu and Kashmir,g297623,d10496373,4.5,https://www.tripadvisor.com/ShowUserReviews-g297623-d10496373-r841859312-Doodhpathri-Srinagar_Srinagar_District_Kashmir_Jammu_and_Kashmir.html,https://dynamic-media-cdn.tripadvisor.com/media/photo-o/09/f3/2c/28/kdmumbai.jpg?w=100&h=-1&s=1,5.0 of 5 bubbles,True heaven,289,"We took a chance to visit Doodhpathri instead of Yousmarg, and boy o boy, we enjoyed this immensely.First, this is strictly a natural place with vast green patch, minimal tourists and lots of fun. This seems to be frequented only by locals, and hence it was perfect for us. It s like a picnic place, and thankfully we had enough material on us. So first two hours we just set among green grass and enjoyed the cool, peaceful environment. Then we had little snacks (picnic :) ) and then moved to the stream/river nearby. Again, we had a gala time near the stream. Water was so cold and clear. It was actually ""delicious"" - pure spring water for which we pay Rs.50-100 Rs per ltr and here we had plenty available free!It had no food joints per se, but then near the entrance there were many food joints run by locals. Almost all had very basic offerings - Makke di roti and Kashimiri saag, kahwa or ""noon"" chai. We enjoyed roti and subji along with tasteful chutneys.  Everything was so good !Please visit this place when next you think of less crowded place near Srinagar. Additional info - its ~2 hours in a car from Srinagar. Hardly any public vehicle we saw around, so this might be difficult to plan on public transport.",May-22,,,,2024-03-21T16:56:35Z
Doodhpathri,Srinagar Jammu and Kashmir,g297623,d10496373,4.5,https://www.tripadvisor.com/ShowUserReviews-g297623-d10496373-r840183593-Doodhpathri-Srinagar_Srinagar_District_Kashmir_Jammu_and_Kashmir.html,https://dynamic-media-cdn.tripadvisor.com/media/photo-o/23/8f/be/c3/garg-ak.jpg?w=100&h=-1&s=1,5.0 of 5 bubbles,Tood good an experience,9,If you want:PeaceLess crowdBeatiful meadowsHorse Riding (easy to moderate)A fast flowing stream of water (doodhganga)Kashmiri khawa (near doodhganga only)Meet good peopleClick picture perfect photosFar away from commercialisationThen doodpatri is the place to be.Doodhpatri was the perfect start to our Kashmir trip.,May 2022 • Family,,,,2024-03-21T16:56:35Z
Doodhpathri,Srinagar Jammu and Kashmir,g297623,d10496373,4.5,https://www.tripadvisor.com/ShowUserReviews-g297623-d10496373-r838836756-Doodhpathri-Srinagar_Srinagar_District_Kashmir_Jammu_and_Kashmir.html,https://dynamic-media-cdn.tripadvisor.com/media/photo-o/1a/f6/f2/11/default-avatar-2020-23.jpg?w=100&h=-1&s=1,5.0 of 5 bubbles,Nice meadows,66,Should plan Doodhpatri famous for beautiful meadows if you have time. One can  take pony rides to enjoy the place,May-22,,,,2024-03-21T16:56:35Z
Doodhpathri,Srinagar Jammu and Kashmir,g297623,d10496373,4.5,https://www.tripadvisor.com/ShowUserReviews-g297623-d10496373-r838828433-Doodhpathri-Srinagar_Srinagar_District_Kashmir_Jammu_and_Kashmir.html,https://dynamic-media-cdn.tripadvisor.com/media/photo-o/17/2d/2f/8b/caption.jpg?w=100&h=-1&s=1,5.0 of 5 bubbles,Avoid ponies,338,"Beautiful place. But the pony union stops only tourist (not local kashmiri) cars 3 km away from the river. However we didn't want to take their ponies as it was an almost flat walk over beautiful meadows surrounded by pines, and amongst lovely sheep grazing.",May 2022 • Family,,,,2024-03-21T16:56:35Z
Doodhpathri,Srinagar Jammu and Kashmir,g297623,d10496373,4.5,https://www.tripadvisor.com/ShowUserReviews-g297623-d10496373-r835994240-Doodhpathri-Srinagar_Srinagar_District_Kashmir_Jammu_and_Kashmir.html,https://dynamic-media-cdn.tripadvisor.com/media/photo-o/1a/f6/ed/ce/default-avatar-2020-7.jpg?w=100&h=-1&s=1,4.0 of 5 bubbles,lovely meadows,31,what a nice meadow and a walk around the shepherd huts and the Shaliganga river cutting through the green meadow is wonderful. Must see with a pony ride.,Apr-22,,,,2024-03-21T16:56:35Z
Doodhpathri,Srinagar Jammu and Kashmir,g297623,d10496373,4.5,https://www.tripadvisor.com/ShowUserReviews-g297623-d10496373-r835637665-Doodhpathri-Srinagar_Srinagar_District_Kashmir_Jammu_and_Kashmir.html,https://dynamic-media-cdn.tripadvisor.com/media/photo-o/0d/47/c0/26/ranjit-l.jpg?w=100&h=-1&s=1,5.0 of 5 bubbles,Mesmerising place.,241,It was a dream which was overdue for me to visit this place. Vast expanse of lush green meadows facing the Pir Panjal Range at the background. You can spend hours together watching the large amount of sheep grazing in this meadow. You can also see the traditional mud houses where people stayed during the past.,Apr-22,,,,2024-03-21T16:56:35Z
Doodhpathri,Srinagar Jammu and Kashmir,g297623,d10496373,4.5,https://www.tripadvisor.com/ShowUserReviews-g297623-d10496373-r835125322-Doodhpathri-Srinagar_Srinagar_District_Kashmir_Jammu_and_Kashmir.html,https://dynamic-media-cdn.tripadvisor.com/media/photo-o/27/aa/7b/78/rakesh-mittal.jpg?w=100&h=-1&s=1,5.0 of 5 bubbles,Less Crowded place to Enjoy Kahmir Beauty,191,Good place to visit for a day excursion from Srinagar.You will see a long grass land and at the end you will get river( The water looks a bit milky(ddodh) on which this place is named.This place is not very popular among tourist so you dont get too much crowd like in gulmarg/sonamarg. You will get ponywala there to take you till river but if you can walk prefer to go by walking ~3 km and it's a motorble road so walking is very easy.,Mar-22,,,,2024-03-21T16:56:35Z
Doodhpathri,Srinagar Jammu and Kashmir,g297623,d10496373,4.5,https://www.tripadvisor.com/ShowUserReviews-g297623-d10496373-r833561087-Doodhpathri-Srinagar_Srinagar_District_Kashmir_Jammu_and_Kashmir.html,https://dynamic-media-cdn.tripadvisor.com/media/photo-o/1a/f6/ec/3d/default-avatar-2020-1.jpg?w=100&h=-1&s=1,5.0 of 5 bubbles,Excellent Place,12,"Nice Place. The car will go almost near the river, avoid the scam called horse rides. Enjoy the beauty. Problem in all over Kashmir is that, there are N number of toll booths and you have to pay taxes every 10 KM. But you will not be able to see the expected development in any of the places. Not sure who is digesting the money.",Mar-22,,,,2024-03-21T16:56:35Z
Doodhpathri,Srinagar Jammu and Kashmir,g297623,d10496373,4.5,https://www.tripadvisor.com/ShowUserReviews-g297623-d10496373-r830359427-Doodhpathri-Srinagar_Srinagar_District_Kashmir_Jammu_and_Kashmir.html,https://dynamic-media-cdn.tripadvisor.com/media/photo-o/10/f1/ad/07/savio-d.jpg?w=100&h=-1&s=1,5.0 of 5 bubbles,Better than Gulmarg and Sonamarg,417,"Gulmarg and Sonamarg are too touristy. Doodhpathri is like heaven on earth. Pristine, untouched beauty. We went there in the first week of March. It was covered by a thick blanket of snow. The Pony union guys stopped all vehicles around 5 kms before the point and quoted around 2000 per pony. We bargained them down to 900. They claimed that the vehicle could not go further due to snow, but it was a lie.We regretted our decision of taking the pony though as the walk is very pleasant here along a straight road - remember its 5 kms each way, so you may get tired. But we do understand we need to support the local economy. There were barely 30 tourists and around 200 pony guys, so they would get a chance only after 2-3 days.  Feeling bad for them, we took the pony. Remember the bargaining happens with the union representative. I think the person who accompanies you with the horse gets a fixed price, ensure you tip them well (they are poor hardworking people).After a 5 km walk on the pony, we reached the parking lot. The pony could not go any further. Here there were guys who were offering snowmobiles (snow scooter). They were charging 2000 per person. We tried to bargain, but they were arrogant. Said that its a totally 8 km distance - which we later found out was a lie.The parking lot point was so pristine in its beauty.One can have maggie at the parking lot. The guys with our horses kept accompanying us saying that the union will shout at them if we are left alone since there are wild animals around. They did not leave us even though we came back walking on foot and accompanied us on their horses right back to the place where the union had stopped all cars/",Mar-22,,,,2024-03-21T16:56:35Z
Doodhpathri,Srinagar Jammu and Kashmir,g297623,d10496373,4.5,https://www.tripadvisor.com/ShowUserReviews-g297623-d10496373-r786233288-Doodhpathri-Srinagar_Srinagar_District_Kashmir_Jammu_and_Kashmir.html,https://dynamic-media-cdn.tripadvisor.com/media/photo-o/1a/f6/eb/e3/default-avatar-2020-59.jpg?w=100&h=-1&s=1,5.0 of 5 bubbles,nice place to visit,17,very good un touched  natural place  but locals will force you to park your car 4 kilometers before the place and use their horses to travel for that they will demand lot of money,Mar-21,,,,2024-03-21T16:56:35Z
Doodhpathri,Srinagar Jammu and Kashmir,g297623,d10496373,4.5,https://www.tripadvisor.com/ShowUserReviews-g297623-d10496373-r784943901-Doodhpathri-Srinagar_Srinagar_District_Kashmir_Jammu_and_Kashmir.html,https://dynamic-media-cdn.tripadvisor.com/media/photo-o/1a/f6/ea/2e/default-avatar-2020-67.jpg?w=100&h=-1&s=1,5.0 of 5 bubbles,Hidden Secret of Kashmeer,55,"What a place it is ... Instead of Going to to pahalgam for costly horse ride to watch mini swiss and instead of going to gandola ride of Gulmarg for a scenic view, I will advise to visit this Hidden Secret of Kashmeer, ""DudhPathri"" ,,, utilamte place... you will get a better feel of Mini swiss and better view than gulmarg and extremely easy to reach from srinagar in just 1.5 hours drive. Horse riding is also only 800 rs per horse. you can have a fantastic view in summer also and in snofall season also.. it is very much safe than pahalgam horse ride. So must visit to this place is required..",Feb-21,,,,2024-03-21T16:56:37Z
Doodhpathri,Srinagar Jammu and Kashmir,g297623,d10496373,4.5,https://www.tripadvisor.com/ShowUserReviews-g297623-d10496373-r784389562-Doodhpathri-Srinagar_Srinagar_District_Kashmir_Jammu_and_Kashmir.html,https://dynamic-media-cdn.tripadvisor.com/media/photo-o/1a/f6/df/99/default-avatar-2020-40.jpg?w=100&h=-1&s=1,5.0 of 5 bubbles,Heaven on earth ,232,words fell short to describe the beauty of doodhpathri.one must go & feel the beauty in nature.we go in the month of feburvary with full of 4-5 feet ice.in winters only horses are ride to doodhpathri.it is around 9 km from the car stoppage.in my opinion it is not mini Swiss but it is above Swiss.we enjoy on way to doodhpatri. Kashmiri people are also polite their.,Feb 2021 • Family,,,,2024-03-21T16:56:37Z
Doodhpathri,Srinagar Jammu and Kashmir,g297623,d10496373,4.5,https://www.tripadvisor.com/ShowUserReviews-g297623-d10496373-r783468776-Doodhpathri-Srinagar_Srinagar_District_Kashmir_Jammu_and_Kashmir.html,https://dynamic-media-cdn.tripadvisor.com/media/photo-o/1a/f6/e2/11/default-avatar-2020-41.jpg?w=100&h=-1&s=1,5.0 of 5 bubbles,mesmerising place,320,its about 50 km from srinagar and mini gulmarg.  Virgin Snow and extremely romantic place to play snow .   One can take horse ride to the top ( 5km @ Rs 800/- per horse) or walk about half km and play in the snow.  Also enjoy hot maggi noodles which is available there.,Feb-21,,,,2024-03-21T16:56:37Z
Doodhpathri,Srinagar Jammu and Kashmir,g297623,d10496373,4.5,https://www.tripadvisor.com/ShowUserReviews-g297623-d10496373-r780888096-Doodhpathri-Srinagar_Srinagar_District_Kashmir_Jammu_and_Kashmir.html,https://dynamic-media-cdn.tripadvisor.com/media/photo-o/1a/f6/eb/e3/default-avatar-2020-59.jpg?w=100&h=-1&s=1,4.0 of 5 bubbles,Visited in Winter,53,Not a good time to visit in Winter because driver will drop you 10 km before Doodhpathri and you have to take horses to see the view points which is nothing but covered with snow all over. Drivers does not carry chain for the tyres.Locals also suggests that we should have visited in Summer only.,Jan-21,,,,2024-03-21T16:56:37Z
Doodhpathri,Srinagar Jammu and Kashmir,g297623,d10496373,4.5,https://www.tripadvisor.com/ShowUserReviews-g297623-d10496373-r744261075-Doodhpathri-Srinagar_Srinagar_District_Kashmir_Jammu_and_Kashmir.html,https://dynamic-media-cdn.tripadvisor.com/media/photo-o/07/7e/4c/3b/suprabhatc.jpg?w=100&h=-1&s=1,5.0 of 5 bubbles,Pristine,95,"Those who love nature and get away from the usual tourist crowd, ponies, shops must try this and you will not be disappointed by lovely winding roads through green pastures, rivulets, villages",Jun-19,,,,2024-03-21T16:56:37Z
Doodhpathri,Srinagar Jammu and Kashmir,g297623,d10496373,4.5,https://www.tripadvisor.com/ShowUserReviews-g297623-d10496373-r718982041-Doodhpathri-Srinagar_Srinagar_District_Kashmir_Jammu_and_Kashmir.html,https://dynamic-media-cdn.tripadvisor.com/media/photo-o/1a/f6/e5/2b/default-avatar-2020-52.jpg?w=100&h=-1&s=1,5.0 of 5 bubbles,Beautiful,113,It’s valley of milk. It’s got great religious grounds as it’s a place where a saints worship brought milk. It’s a hill destination.,Oct-19,,,,2024-03-21T16:56:37Z
Doodhpathri,Srinagar Jammu and Kashmir,g297623,d10496373,4.5,https://www.tripadvisor.com/ShowUserReviews-g297623-d10496373-r700296619-Doodhpathri-Srinagar_Srinagar_District_Kashmir_Jammu_and_Kashmir.html,https://dynamic-media-cdn.tripadvisor.com/media/photo-o/1a/f6/e7/fe/default-avatar-2020-58.jpg?w=100&h=-1&s=1,5.0 of 5 bubbles,Tourist Place for Local Kashmiri,454,"Doothpathri is around one hour far away from Srinagar. Doothpathri has beautiful meadows, waterfall, river, and mountain. In Doodhpathri you can find more Kashmiri tourist then outside tourist. If you want to see some beautiful views then you must go on top of the hill. if you are physically fit then you can go to top by your feet or you can hire a horse. But before hire a horse please negotiate with them about price and what they will show you on top.",Sep-18,,,,2024-03-21T16:56:37Z
Doodhpathri,Srinagar Jammu and Kashmir,g297623,d10496373,4.5,https://www.tripadvisor.com/ShowUserReviews-g297623-d10496373-r689917460-Doodhpathri-Srinagar_Srinagar_District_Kashmir_Jammu_and_Kashmir.html,https://dynamic-media-cdn.tripadvisor.com/media/photo-o/04/11/e8/8e/sayadil.jpg?w=100&h=-1&s=1,5.0 of 5 bubbles,Superb Place in Budgam almost an hour drive from srinagar,349,Its one of the most virgin vista filled area near srinagar giving good views of huge lush green landscape with mountainous backdrop. Not yet spoiled by commercial tourism and is filled with nature.highly recommended. request not to litter and keep the originality of the place intact,Jul 2019 • Family,,,,2024-03-21T16:56:37Z
Doodhpathri,Srinagar Jammu and Kashmir,g297623,d10496373,4.5,https://www.tripadvisor.com/ShowUserReviews-g297623-d10496373-r683895840-Doodhpathri-Srinagar_Srinagar_District_Kashmir_Jammu_and_Kashmir.html,https://dynamic-media-cdn.tripadvisor.com/media/photo-o/04/3a/13/66/malabika76.jpg?w=100&h=-1&s=1,5.0 of 5 bubbles,Beautiful place but locals visit this area more,98,Absolute heaven on earth. and the river is beauty personified. The horse ride was very smooth. the scenic beauty also gives a beautiful feeling.,Jun 2019 • Family,,,,2024-03-21T16:56:37Z
Doodhpathri,Srinagar Jammu and Kashmir,g297623,d10496373,4.5,https://www.tripadvisor.com/ShowUserReviews-g297623-d10496373-r668193034-Doodhpathri-Srinagar_Srinagar_District_Kashmir_Jammu_and_Kashmir.html,https://dynamic-media-cdn.tripadvisor.com/media/photo-o/1a/f6/ef/9c/default-avatar-2020-14.jpg?w=100&h=-1&s=1,5.0 of 5 bubbles,"Doodhpathri, Kashmir",87,"Doodhpathri is not much known place and is covered with snow till March mostly. It is 42 km away from Srinagar and can be reached in 2 hours time by road.This is a place from where you don't want to come back, so heavenly, beautiful snow River Shali Ganga, himalayan range pir panjal and velvet green grass meadows will definitely cleanse your aura. I went in the morning and returned back by evening after covering Shali Ganga, shesh nag and khilanmarg on pony. They charged 500 Rs for covering all 3 places. Sheshnag and khilanmarg was not having any different view, enjoyed at Shali Ganga. The most beautiful view was road between green grass meadows on the backdrops of himalayan range.Pony and sheep were looking amazing. There is only 1 restaurant where we had lunch and thankfully it was nice and keeping good variety.",Apr 2019 • Couples,,,,2024-03-21T16:56:37Z
Doodhpathri,Srinagar Jammu and Kashmir,g297623,d10496373,4.5,https://www.tripadvisor.com/ShowUserReviews-g297623-d10496373-r651161327-Doodhpathri-Srinagar_Srinagar_District_Kashmir_Jammu_and_Kashmir.html,https://dynamic-media-cdn.tripadvisor.com/media/photo-o/13/0e/b5/d8/sraina49.jpg?w=100&h=-1&s=1,5.0 of 5 bubbles,Unspoilt,13,"One of the few beautiful places in Kashmir not spoilt by vulgar growth and commercialization. This pristine valley reminds me of Pahalgam, Gulmarg and Sonamarg from my youth. The clear water of the stream, the lovely rocks and the surrounding forests are breath taking. If you are visiting my birth place Kashmir, you must go to Doodhpathri.",Aug-18,,,,2024-03-21T16:56:38Z
Doodhpathri,Srinagar Jammu and Kashmir,g297623,d10496373,4.5,https://www.tripadvisor.com/ShowUserReviews-g297623-d10496373-r645451242-Doodhpathri-Srinagar_Srinagar_District_Kashmir_Jammu_and_Kashmir.html,https://dynamic-media-cdn.tripadvisor.com/media/photo-o/15/d8/b3/cf/meander33786087497.jpg?w=100&h=-1&s=1,5.0 of 5 bubbles,Unexplored place in Kashmir,10,"Must visit place in Kashmir, less crowded & Horse riding experience was awesome. People need there tourism",Nov 2018 • Couples,,,,2024-03-21T16:56:38Z
Doodhpathri,Srinagar Jammu and Kashmir,g297623,d10496373,4.5,https://www.tripadvisor.com/ShowUserReviews-g297623-d10496373-r643056703-Doodhpathri-Srinagar_Srinagar_District_Kashmir_Jammu_and_Kashmir.html,https://dynamic-media-cdn.tripadvisor.com/media/photo-o/15/ef/cd/2b/mahesh2001.jpg?w=100&h=-1&s=1,5.0 of 5 bubbles,doodhpathri,34,"alsready reviewed it, musetvisit, beautifull scenic place like switzerland, better than gulmarg and sonmarg",Dec-18,,,,2024-03-21T16:56:38Z
Doodhpathri,Srinagar Jammu and Kashmir,g297623,d10496373,4.5,https://www.tripadvisor.com/ShowUserReviews-g297623-d10496373-r633703802-Doodhpathri-Srinagar_Srinagar_District_Kashmir_Jammu_and_Kashmir.html,https://dynamic-media-cdn.tripadvisor.com/media/photo-o/1a/f6/f3/e4/default-avatar-2020-30.jpg?w=100&h=-1&s=1,5.0 of 5 bubbles,Not very Touristy but Msut Visit,21,"We didn't find much tourist there yet it was highlight of our trip. we enjoyed playing in snow, walking down till waterfall and then taking a horse to Shaliganga. It was beautiful and overwhelming how the locals takes a good care of us. Being a bit off beat place, you can hire horses at cheaper rate.",Nov 2018 • Friends,,,,2024-03-21T16:56:38Z
Doodhpathri,Srinagar Jammu and Kashmir,g297623,d10496373,4.5,https://www.tripadvisor.com/ShowUserReviews-g297623-d10496373-r627712183-Doodhpathri-Srinagar_Srinagar_District_Kashmir_Jammu_and_Kashmir.html,https://dynamic-media-cdn.tripadvisor.com/media/photo-o/06/1a/72/93/shahnawaz-n.jpg?w=100&h=-1&s=1,5.0 of 5 bubbles,"Amazing beauty, less crowded",306,"One hour drive from the city, this place is amazingly beautiful yet untouched by the city hustle bustle. Less crowded, make sure to get your food along.",Oct 2018 • Couples,,,,2024-03-21T16:56:38Z
Doodhpathri,Srinagar Jammu and Kashmir,g297623,d10496373,4.5,https://www.tripadvisor.com/ShowUserReviews-g297623-d10496373-r625845618-Doodhpathri-Srinagar_Srinagar_District_Kashmir_Jammu_and_Kashmir.html,https://dynamic-media-cdn.tripadvisor.com/media/photo-o/1a/f6/f4/5d/default-avatar-2020-32.jpg?w=100&h=-1&s=1,4.0 of 5 bubbles,Stunning,149,"One word stunning to surmise how good this place is.  Big huge meadows, horses grazing, a herd of sheep grazing. Women folk on the way doing some chores. Truly memorable.",May 2018 • Family,,,,2024-03-21T16:56:38Z
Doodhpathri,Srinagar Jammu and Kashmir,g297623,d10496373,4.5,https://www.tripadvisor.com/ShowUserReviews-g297623-d10496373-r623532117-Doodhpathri-Srinagar_Srinagar_District_Kashmir_Jammu_and_Kashmir.html,https://dynamic-media-cdn.tripadvisor.com/media/photo-o/1a/f6/e4/ca/default-avatar-2020-51.jpg?w=100&h=-1&s=1,5.0 of 5 bubbles,Sisters vacation,63,This valley is still new for tourist in Srinagar but it has a wonderful scenery. We stop by the ganga and taste the cold water...  It was really a wonderful view and peace here to visit and have a few hours time spending looking Tata working on the sheep to get it's wool.,Sep 2018 • Friends,,,,2024-03-21T16:56:38Z
Doodhpathri,Srinagar Jammu and Kashmir,g297623,d10496373,4.5,https://www.tripadvisor.com/ShowUserReviews-g297623-d10496373-r620133819-Doodhpathri-Srinagar_Srinagar_District_Kashmir_Jammu_and_Kashmir.html,https://dynamic-media-cdn.tripadvisor.com/media/photo-o/03/67/ea/5c/raroy.jpg?w=100&h=-1&s=1,4.0 of 5 bubbles,beautiful place but may avoid if already visited yusmarg.,107,2-3 spots to see... spend some time by the side of shail ganga river.  spend some quality time at the green meadows on the way to or returning from shailganga.  Don't waste time on pony rides. ABSOLUTELY NO NEED OF ANY PONY RIDES AT DOODHPATHRI. no spots worth visiting by pony...you will regret the time wasted. Instead spend time at shail ganga and the green meadow.If you have to choose between doodhpathri and yusmarg .....yusmarg is much better according to me.,Sep 2018 • Couples,,,,2024-03-21T16:56:38Z
Doodhpathri,Srinagar Jammu and Kashmir,g297623,d10496373,4.5,https://www.tripadvisor.com/ShowUserReviews-g297623-d10496373-r596256949-Doodhpathri-Srinagar_Srinagar_District_Kashmir_Jammu_and_Kashmir.html,https://dynamic-media-cdn.tripadvisor.com/media/photo-f/01/2e/70/5c/avatar034.jpg?w=100&h=-1&s=1,5.0 of 5 bubbles,Cool Green Doodhpathri!!,33,Must visit place in Srinagar.Just 42 kms from Valley via Budgam but road has not been maintained by government as maximum tourists visit other famous locations.Doodhpathri seems to be less explored by tourists .On the way lot of walnuts and Apple trees and once you reach you will find nature at its best with lovely weather green surroundings can do horse riding and enjoy Maggi.In love with the beauty of this place and infact much bigger and better view than Khajiar.,Jul 2018 • Friends,,,,2024-03-21T16:56:38Z
Doodhpathri,Srinagar Jammu and Kashmir,g297623,d10496373,4.5,https://www.tripadvisor.com/ShowUserReviews-g297623-d10496373-r593703038-Doodhpathri-Srinagar_Srinagar_District_Kashmir_Jammu_and_Kashmir.html,https://dynamic-media-cdn.tripadvisor.com/media/photo-o/13/99/46/f5/anuj-a.jpg?w=100&h=-1&s=1,5.0 of 5 bubbles,Hidden Treasure in Kashmir,24,Doodhpathri was never part of our travel plan. Its just because of persistence of Umar - our driver during the Sri nagar trip . We were able to visit his place. The drive to this place absolutely stunning. Moment u leave the main highway - the scenery changes - with a small river flowing along the way and beautiful villages along the road. Since its still one of those not so popular places like Gulmarg etc hence this place has still manage to retain its natural beauty. Its a must visit place. We were in Doodpathri 20th june 18.,Jun 2018 • Family,,,,2024-03-21T16:56:38Z
Doodhpathri,Srinagar Jammu and Kashmir,g297623,d10496373,4.5,https://www.tripadvisor.com/ShowUserReviews-g297623-d10496373-r592735965-Doodhpathri-Srinagar_Srinagar_District_Kashmir_Jammu_and_Kashmir.html,https://dynamic-media-cdn.tripadvisor.com/media/photo-o/22/be/05/d8/drkakkar.jpg?w=100&h=-1&s=1,5.0 of 5 bubbles,Super Awesome and Must Visit..Hidden Beauty,194,"A two hour drive from Srinagar but worth every penny and time spent. Meadows of Switzerland are nothing compared to Doodhpathri!!Lush greens expanse of land, surrounded by pine trees, Shaliganga river in the backdrop, you would be hallucinated seeing the extreme and pristine beauty of this place.",Jun 2018 • Family,,,,2024-03-21T16:56:39Z
Doodhpathri,Srinagar Jammu and Kashmir,g297623,d10496373,4.5,https://www.tripadvisor.com/ShowUserReviews-g297623-d10496373-r589364709-Doodhpathri-Srinagar_Srinagar_District_Kashmir_Jammu_and_Kashmir.html,https://dynamic-media-cdn.tripadvisor.com/media/photo-o/12/3e/e3/3a/blueberrymk.jpg?w=100&h=-1&s=1,5.0 of 5 bubbles,Beautiful place - must visit,13,It was recommended by our houseboat owner and actually not in our agenda. But the place turned out to be a gem. Going towards the waterfall you can see beautiful meadows and mesmerizing scenery. A must visit place.,Jun 2018 • Family,,,,2024-03-21T16:56:39Z
Doodhpathri,Srinagar Jammu and Kashmir,g297623,d10496373,4.5,https://www.tripadvisor.com/ShowUserReviews-g297623-d10496373-r587702835-Doodhpathri-Srinagar_Srinagar_District_Kashmir_Jammu_and_Kashmir.html,https://dynamic-media-cdn.tripadvisor.com/media/photo-o/1a/f6/e9/60/default-avatar-2020-64.jpg?w=100&h=-1&s=1,5.0 of 5 bubbles,Really hidden gem of Kashmir...,242,Wonderful place with green meadows. Really nature at its best. Hiden gem of Kashmir. One must visit. One can enjoy horse riding here. River is flowing across the green meadows.,Jun 2018 • Family,,,,2024-03-21T16:56:39Z
Doodhpathri,Srinagar Jammu and Kashmir,g297623,d10496373,4.5,https://www.tripadvisor.com/ShowUserReviews-g297623-d10496373-r587573729-Doodhpathri-Srinagar_Srinagar_District_Kashmir_Jammu_and_Kashmir.html,https://dynamic-media-cdn.tripadvisor.com/media/photo-o/1a/f6/eb/e3/default-avatar-2020-59.jpg?w=100&h=-1&s=1,5.0 of 5 bubbles,Hidden gem,200,This is of the best place to visit. This is the hidden gem. You can visit this place during day time because there is no proper hotel to stay.,Apr 2018 • Couples,,,,2024-03-21T16:56:39Z
Doodhpathri,Srinagar Jammu and Kashmir,g297623,d10496373,4.5,https://www.tripadvisor.com/ShowUserReviews-g297623-d10496373-r585347467-Doodhpathri-Srinagar_Srinagar_District_Kashmir_Jammu_and_Kashmir.html,https://dynamic-media-cdn.tripadvisor.com/media/photo-o/1a/f6/e5/2b/default-avatar-2020-52.jpg?w=100&h=-1&s=1,5.0 of 5 bubbles,India's switzerland,21,"Must visit. Newly found place. It just heaven here. Splendid view, you just don't want to leave this place. Very refreshing, non crowed. You can track from here. One will enjoy horse riding here. So much of open space and surrounded by pine tree mountains. just beautiful",May 2018 • Family,,,,2024-03-21T16:56:39Z
Doodhpathri,Srinagar Jammu and Kashmir,g297623,d10496373,4.5,https://www.tripadvisor.com/ShowUserReviews-g297623-d10496373-r584324375-Doodhpathri-Srinagar_Srinagar_District_Kashmir_Jammu_and_Kashmir.html,https://dynamic-media-cdn.tripadvisor.com/media/photo-o/06/b5/a2/c2/yagnesh-t.jpg?w=100&h=-1&s=1,5.0 of 5 bubbles,Huge lawns and beautiful river flowing,189,"Not very far from Sri nagar, but less visited by tourist. It has huge lawns where one can enjoy the nature, can relax on lawns or can enjoy pony ride too. Slightly down, there is a river flowing, the people can actually go inside the river bed and enjoy cold water.",May 2018 • Couples,,,,2024-03-21T16:56:39Z
Doodhpathri,Srinagar Jammu and Kashmir,g297623,d10496373,4.5,https://www.tripadvisor.com/ShowUserReviews-g297623-d10496373-r584255586-Doodhpathri-Srinagar_Srinagar_District_Kashmir_Jammu_and_Kashmir.html,https://dynamic-media-cdn.tripadvisor.com/media/photo-o/1a/f6/ea/74/default-avatar-2020-68.jpg?w=100&h=-1&s=1,5.0 of 5 bubbles,Amazing place- Less known,13,This one is an amazing place we visited. Just a couple of hours from Srinagar central and you are there in the woods among the huge lawn and fantastic views. The brook from the waterfall and the overall ambience was mesmerizing.,May 2018 • Family,,,,2024-03-21T16:56:39Z
Doodhpathri,Srinagar Jammu and Kashmir,g297623,d10496373,4.5,https://www.tripadvisor.com/ShowUserReviews-g297623-d10496373-r584144147-Doodhpathri-Srinagar_Srinagar_District_Kashmir_Jammu_and_Kashmir.html,https://dynamic-media-cdn.tripadvisor.com/media/photo-o/0c/fc/f5/16/sundeepgupta.jpg?w=100&h=-1&s=1,4.0 of 5 bubbles,Nice place to visit,729,This is a nice place to explore with friends and family. It is not that much crowded and good for solo traveler also.,Jan-18,,,,2024-03-21T16:56:39Z
Doodhpathri,Srinagar Jammu and Kashmir,g297623,d10496373,4.5,https://www.tripadvisor.com/ShowUserReviews-g297623-d10496373-r584026426-Doodhpathri-Srinagar_Srinagar_District_Kashmir_Jammu_and_Kashmir.html,https://dynamic-media-cdn.tripadvisor.com/media/photo-o/1a/f6/ea/74/default-avatar-2020-68.jpg?w=100&h=-1&s=1,5.0 of 5 bubbles,Silent valley with melodious water flow,6,It is worth place to visit. The valley was surrounded by mountains with tall trees. We can enjoy the mindblowing sound of water flowing from moutains.,May 2018 • Family,,,,2024-03-21T16:56:39Z
Doodhpathri,Srinagar Jammu and Kashmir,g297623,d10496373,4.5,https://www.tripadvisor.com/ShowUserReviews-g297623-d10496373-r583770319-Doodhpathri-Srinagar_Srinagar_District_Kashmir_Jammu_and_Kashmir.html,https://dynamic-media-cdn.tripadvisor.com/media/photo-o/12/fe/4f/cb/biswajit-m.jpg?w=100&h=-1&s=1,5.0 of 5 bubbles,Natural beauty,15,Seeing natural beauty n enjoy it. For reaching hear only way from palgon is through horse. The horse keeper are very good people.,May 2018 • Family,,,,2024-03-21T16:56:39Z
Doodhpathri,Srinagar Jammu and Kashmir,g297623,d10496373,4.5,https://www.tripadvisor.com/ShowUserReviews-g297623-d10496373-r582156688-Doodhpathri-Srinagar_Srinagar_District_Kashmir_Jammu_and_Kashmir.html,https://dynamic-media-cdn.tripadvisor.com/media/photo-o/1a/f6/ea/74/default-avatar-2020-68.jpg?w=100&h=-1&s=1,5.0 of 5 bubbles,Hidden gem,365,This is one of the best attraction in Kashmir. This place is 1 hour distance from Srinagar airport. Open field with palm tree is too good. This place is good for photo. This is good for day visit.,Apr 2018 • Couples,,,,2024-03-21T16:56:41Z
Doodhpathri,Srinagar Jammu and Kashmir,g297623,d10496373,4.5,https://www.tripadvisor.com/ShowUserReviews-g297623-d10496373-r581002364-Doodhpathri-Srinagar_Srinagar_District_Kashmir_Jammu_and_Kashmir.html,https://dynamic-media-cdn.tripadvisor.com/media/photo-o/10/16/01/75/arunarajepatil.jpg?w=100&h=-1&s=1,5.0 of 5 bubbles,Going to Doodhpathri is not about reaching a destination but it is about the journey.,83,"The drive to Doodhpathri is absolutely fascinating. For a landscape photographer or painter it offers a myriad frames. There is a scope to trek, walk, or go horseback as well at Doodhpathri itself. The ponies are available at the site. There is also a tea shop but there didn't seem to be any possibility of any food being available there.",May 2018 • Friends,,,,2024-03-21T16:56:41Z
Doodhpathri,Srinagar Jammu and Kashmir,g297623,d10496373,4.5,https://www.tripadvisor.com/ShowUserReviews-g297623-d10496373-r578458321-Doodhpathri-Srinagar_Srinagar_District_Kashmir_Jammu_and_Kashmir.html,https://dynamic-media-cdn.tripadvisor.com/media/photo-o/09/92/eb/7a/manishsarraf.jpg?w=100&h=-1&s=1,4.0 of 5 bubbles,We regretted not going there due to shortage of time,569,Our cab driver said its is one of the best place near to Srinagar with beautiful scenery all over but we had shortage of time so could not visit. Next time will definitely.,Mar 2018 • Family,,,,2024-03-21T16:56:41Z
Doodhpathri,Srinagar Jammu and Kashmir,g297623,d10496373,4.5,https://www.tripadvisor.com/ShowUserReviews-g297623-d10496373-r578029012-Doodhpathri-Srinagar_Srinagar_District_Kashmir_Jammu_and_Kashmir.html,https://dynamic-media-cdn.tripadvisor.com/media/photo-o/07/5b/e3/1a/tulikamukhopadhyay.jpg?w=100&h=-1&s=1,5.0 of 5 bubbles,Best picnic of my life,59,"Lush velvety green meadows stretching over acres, surrounded by forests of pine and deodar in the backdrop of snow covered peaks of Pir Panjal... This is Doodhpathri, d at 8900 ft (approx) in the Pir Panjal range. Virgin, beautiful and unspoilt. Even locals don't go there often. Located just about 42 kms from Srinagar close to the Airport, Doodhpathri is the grazing ground of hundreds of sheep, horses, with little and old shepherds herding the sheep. We took a big bedsheet from our houseboat Panzey on Dal Lake, packed food from Kareem's and had the best picnic of our lives. Then we rode horses on the large meadows for Rs. 100/- each. The kids played and rolled on the fields for hours. One can point anywhere and take a photo and each of the photos will look as beautiful as the other. the place looks straight out of calenders. A little way off the place a little mountain stream flows with gusto. on our way, we saw huts being constructed by DDA. The place is very cold because of the chilly wind blowing constantly.  Please note that you need to carry your own food and water and sheet to sit on the ground and remember to carry back your trash and keep the beauty of the place intact.",May 2018 • Family,,,,2024-03-21T16:56:41Z
Doodhpathri,Srinagar Jammu and Kashmir,g297623,d10496373,4.5,https://www.tripadvisor.com/ShowUserReviews-g297623-d10496373-r577614497-Doodhpathri-Srinagar_Srinagar_District_Kashmir_Jammu_and_Kashmir.html,https://dynamic-media-cdn.tripadvisor.com/media/photo-o/1a/f6/ea/b2/default-avatar-2020-69.jpg?w=100&h=-1&s=1,5.0 of 5 bubbles,Upcoming tourist spot,216,"It’s a nice huge meadow spread ! Unfortunately when we there , it had snow caps on verge of melting but we did enjoy a little campfire and reheating of our lunch !",Mar 2018 • Friends,,,,2024-03-21T16:56:41Z
Doodhpathri,Srinagar Jammu and Kashmir,g297623,d10496373,4.5,https://www.tripadvisor.com/ShowUserReviews-g297623-d10496373-r577422533-Doodhpathri-Srinagar_Srinagar_District_Kashmir_Jammu_and_Kashmir.html,https://dynamic-media-cdn.tripadvisor.com/media/photo-o/12/d3/cb/fb/tanveer-a.jpg?w=100&h=-1&s=1,5.0 of 5 bubbles,The road to Dodhpathri is what you will find AMAZING,38,The place is Dodhpathri itself needs to be visited in rainy season to see the full potential to it. but in spring season the roads and the valley before dodhpathri! WOW WOW WOW,Apr 2018 • Family,,,,2024-03-21T16:56:41Z
Doodhpathri,Srinagar Jammu and Kashmir,g297623,d10496373,4.5,https://www.tripadvisor.com/ShowUserReviews-g297623-d10496373-r577392714-Doodhpathri-Srinagar_Srinagar_District_Kashmir_Jammu_and_Kashmir.html,https://dynamic-media-cdn.tripadvisor.com/media/photo-o/1a/f6/e7/7b/default-avatar-2020-56.jpg?w=100&h=-1&s=1,5.0 of 5 bubbles,Worth a visit before it goes commercial ,6,"Beautiful place. We took pony and visited all 6 points mentioned by the horse rider . We took food along as there aren't many places to eat . We also took a bedsheet and had picnic as it is a place where you can keep sitting for hours. It is anyday better than Sonmarg for people who prefer less crowded places and our nature lovers. The pony guy asks you for Rs 1200 per person , by the time the ride finishes ,you will definitely want to pay him more purely for the beauty and for how difficult life they live.",May 2018 • Couples,,,,2024-03-21T16:56:41Z
Doodhpathri,Srinagar Jammu and Kashmir,g297623,d10496373,4.5,https://www.tripadvisor.com/ShowUserReviews-g297623-d10496373-r575183103-Doodhpathri-Srinagar_Srinagar_District_Kashmir_Jammu_and_Kashmir.html,https://dynamic-media-cdn.tripadvisor.com/media/photo-o/1a/f6/f2/11/default-avatar-2020-23.jpg?w=100&h=-1&s=1,4.0 of 5 bubbles,Refreshing country-side place,53,"Although this is not one of the popular places near Srinagar, it is indeed a place to relax. The road to this place goes through small villages. The road condition is not so good at various places, but the country-side view makes you forget it.When we visited this place (16-Apr-2018), it was raining and we couldn't enjoy much due to cold weather. But the place was yet quite beautiful. You could actually walk into the riverbed through big pebbles and enjoy the view by sitting on the small wooden bridge on the river. If it weren't raining, we would have enjoyed trails and birding in the Forrest across the river. I've saved this for my next visit to this place.",Apr-18,,,,2024-03-21T16:56:41Z
Doodhpathri,Srinagar Jammu and Kashmir,g297623,d10496373,4.5,https://www.tripadvisor.com/ShowUserReviews-g297623-d10496373-r570665322-Doodhpathri-Srinagar_Srinagar_District_Kashmir_Jammu_and_Kashmir.html,https://dynamic-media-cdn.tripadvisor.com/media/photo-o/1a/f6/de/e7/default-avatar-2020-37.jpg?w=100&h=-1&s=1,4.0 of 5 bubbles,Beautiful,25,"Worth a visit for the nature lovers. Beautiful drive and less crowded, fabulous meadows and milky stream.",Mar 2018 • Family,,,,2024-03-21T16:56:41Z
Doodhpathri,Srinagar Jammu and Kashmir,g297623,d10496373,4.5,https://www.tripadvisor.com/ShowUserReviews-g297623-d10496373-r557730249-Doodhpathri-Srinagar_Srinagar_District_Kashmir_Jammu_and_Kashmir.html,https://dynamic-media-cdn.tripadvisor.com/media/photo-o/1a/f6/ef/9c/default-avatar-2020-14.jpg?w=100&h=-1&s=1,5.0 of 5 bubbles,Excellent Hidden Gem,14,"The snow is as white as it can get. I couldnt get a better snow than this anywhere in kashmir. Peaceful, less crowded, just in the lap of nature.",Jan 2018 • Family,,,,2024-03-21T16:56:41Z
Doodhpathri,Srinagar Jammu and Kashmir,g297623,d10496373,4.5,https://www.tripadvisor.com/ShowUserReviews-g297623-d10496373-r537296811-Doodhpathri-Srinagar_Srinagar_District_Kashmir_Jammu_and_Kashmir.html,https://dynamic-media-cdn.tripadvisor.com/media/photo-o/1a/f6/ea/b2/default-avatar-2020-69.jpg?w=100&h=-1&s=1,5.0 of 5 bubbles,Mind blowing,788,"About 2 hours from Srinagar, this place is truly a hidden gem.The place is dotted with clear white river with a bridge overlooking it, vast meadows, majestic pine trees & a lovely weather.Once you enter DDA, the entire place seems surreal as if the path leads you to heaven (literally).Time flows by watching the wonder made by the almighty.Fabulous place for a day picnic.",Oct-17,,,,2024-03-21T16:56:44Z
Doodhpathri,Srinagar Jammu and Kashmir,g297623,d10496373,4.5,https://www.tripadvisor.com/ShowUserReviews-g297623-d10496373-r536536988-Doodhpathri-Srinagar_Srinagar_District_Kashmir_Jammu_and_Kashmir.html,https://dynamic-media-cdn.tripadvisor.com/media/photo-o/11/1a/12/f7/nilesh-pp.jpg?w=100&h=-1&s=1,5.0 of 5 bubbles,"Hidden Gem, must visit.",240,"Doodhpathri is a beautiful valley hidden away for  the usual tourist map. It offers splendid views and sceneries along with a beautiful river that flows across and short trek for those interested.The meadows are vast and beautiful,  with the backdrop of pine trees and mountains. Once you reach the parking spot, there after you need to cross the river and can either take a pony or climb the mountain. We tried the trek and returned midway as my kid was tired, but it is quite manageable.The river will give you nice photo opportunities and the water is clear and cold. Its a good experience to walk through the rocks sa you navigate your path. I would recommend wearing good sport shoes.One the way back and within DoodhPathri took a half at the vast beautiful meadows and enjoyed the view and the serene beauty before heading back. I am tempted to say that this place is much beautiful than the mini Switzerland in Pahalgam. We visited in Oct -17 and there was not much options for food and would suggest you plan yout trip and day accordingly.",Oct 2017 • Family,,,,2024-03-21T16:56:44Z
Doodhpathri,Srinagar Jammu and Kashmir,g297623,d10496373,4.5,https://www.tripadvisor.com/ShowUserReviews-g297623-d10496373-r529789110-Doodhpathri-Srinagar_Srinagar_District_Kashmir_Jammu_and_Kashmir.html,https://dynamic-media-cdn.tripadvisor.com/media/photo-o/1a/f6/e4/2d/default-avatar-2020-48.jpg?w=100&h=-1&s=1,4.0 of 5 bubbles,So clean and beautiful,559,The water here is so clean and looks as white as milk thats why people say it Doodhpatari. This is a beautiful place in the lap of nature.,Sep 2017 • Family,,,,2024-03-21T16:56:44Z
Doodhpathri,Srinagar Jammu and Kashmir,g297623,d10496373,4.5,https://www.tripadvisor.com/ShowUserReviews-g297623-d10496373-r519602212-Doodhpathri-Srinagar_Srinagar_District_Kashmir_Jammu_and_Kashmir.html,https://dynamic-media-cdn.tripadvisor.com/media/photo-s/01/65/18/35/bloretravelbug.jpg?w=100&h=-1&s=1,5.0 of 5 bubbles,Most scenic place ..,138,"Srinagar and its surroundings with its gardens, lakes, mountains around, beautiful people, shopping, drinking hot kahwa, apple orchards, mustard fields... is heaven on Earth !!",May 2017 • Family,,,,2024-03-21T16:56:44Z
Doodhpathri,Srinagar Jammu and Kashmir,g297623,d10496373,4.5,https://www.tripadvisor.com/ShowUserReviews-g297623-d10496373-r504592979-Doodhpathri-Srinagar_Srinagar_District_Kashmir_Jammu_and_Kashmir.html,https://dynamic-media-cdn.tripadvisor.com/media/photo-o/1c/79/63/cc/avatar.jpg?w=100&h=-1&s=1,5.0 of 5 bubbles,Beautiful Decision 😊A hidden gem of Kashmir 👌🏻,94,"It was totally a this and that decision between us but what we saw there here I am telling you doodhpathri is a beautiful meadow with green grass that looks like a green carpet. A beautiful river dancing with the wind flows in the middle of the meadow, lending it a splendid beauty and vibrancy. The place looks very beautiful and pleasant. The green grass under the naked feet is really wonderful.",Dec 2016 • Friends,,,,2024-03-21T16:56:44Z
Doodhpathri,Srinagar Jammu and Kashmir,g297623,d10496373,4.5,https://www.tripadvisor.com/ShowUserReviews-g297623-d10496373-r501150361-Doodhpathri-Srinagar_Srinagar_District_Kashmir_Jammu_and_Kashmir.html,https://dynamic-media-cdn.tripadvisor.com/media/photo-o/0f/dc/09/dd/kamal-deep-b.jpg?w=100&h=-1&s=1,5.0 of 5 bubbles,Excellent view,10,A must visit sight seeing at Doodhpathri. Water flows like as if its a milk river. Don't forget to go barefoot inside the water.,Jun 2017 • Couples,,,,2024-03-21T16:56:44Z
Doodhpathri,Srinagar Jammu and Kashmir,g297623,d10496373,4.5,https://www.tripadvisor.com/ShowUserReviews-g297623-d10496373-r491679759-Doodhpathri-Srinagar_Srinagar_District_Kashmir_Jammu_and_Kashmir.html,https://dynamic-media-cdn.tripadvisor.com/media/photo-o/1a/f6/e4/ca/default-avatar-2020-51.jpg?w=100&h=-1&s=1,5.0 of 5 bubbles,"Mini switzerland, Feel Peace with sweet sound of continuously flowing cold water",35,"I visited Dudhpathri on 31 May 2017 with my wife and 5 yr old kid.Thanks to our car Driver Mr. Aasif Pandith who recommended this place over Yousmarg as we had to select one of them due to lack of time.We witnessed nature at its best in D Pathri. We had lots of fun accompanied by mesmerizing climate and awesome Open view of greenery which resembles Baisaran of Pahalgam.You can opt for pony but its not compulsory. Even pony wallas offer very reasonable rates in Dudhpathri as compared to Gulmar & Sonmarg.Its a must visit place of Kashmir. Trust me, you'll mark my words after visiting it.",May 2017 • Family,,,,2024-03-21T16:56:44Z
Doodhpathri,Srinagar Jammu and Kashmir,g297623,d10496373,4.5,https://www.tripadvisor.com/ShowUserReviews-g297623-d10496373-r487252919-Doodhpathri-Srinagar_Srinagar_District_Kashmir_Jammu_and_Kashmir.html,https://dynamic-media-cdn.tripadvisor.com/media/photo-o/04/2e/30/53/accudin.jpg?w=100&h=-1&s=1,3.0 of 5 bubbles,This was used like paper in olden times,401,This is the speciality of Kashmir. This was used as papers during olden times. Collect your sample to cherish the memory.,May 2017 • Family,,,,2024-03-21T16:56:44Z
Doodhpathri,Srinagar Jammu and Kashmir,g297623,d10496373,4.5,https://www.tripadvisor.com/ShowUserReviews-g297623-d10496373-r484931057-Doodhpathri-Srinagar_Srinagar_District_Kashmir_Jammu_and_Kashmir.html,https://dynamic-media-cdn.tripadvisor.com/media/photo-o/06/e5/7f/e0/rohitmahambrey.jpg?w=100&h=-1&s=1,4.0 of 5 bubbles,Unexplored hence beautiful,94,"Similar to Baisaran / Aru Valley (Pahalgam), what makes it exceptional is absence of commercial activities and crowd. 60kms from Srinagar, but worth a visit before it goes commercial",May 2017 • Family,,,,2024-03-21T16:56:44Z
Doodhpathri,Srinagar Jammu and Kashmir,g297623,d10496373,4.5,https://www.tripadvisor.com/ShowUserReviews-g297623-d10496373-r480848747-Doodhpathri-Srinagar_Srinagar_District_Kashmir_Jammu_and_Kashmir.html,https://dynamic-media-cdn.tripadvisor.com/media/photo-o/1d/ff/70/aa/bmohanty.jpg?w=100&h=-1&s=1,5.0 of 5 bubbles,An untouched beauty,50,This is a lovely and a very beautiful place. A must visit in kashmir trip. I have never seen such a beautiful place. The road leading to doodhathri is not so smooth and narrow but still worth a visit.,Apr 2017 • Family,,,,2024-03-21T16:56:44Z
Doodhpathri,Srinagar Jammu and Kashmir,g297623,d10496373,4.5,https://www.tripadvisor.com/ShowUserReviews-g297623-d10496373-r478201386-Doodhpathri-Srinagar_Srinagar_District_Kashmir_Jammu_and_Kashmir.html,https://dynamic-media-cdn.tripadvisor.com/media/photo-o/0f/10/48/f2/nidhi-k.jpg?w=100&h=-1&s=1,5.0 of 5 bubbles,Doodh Pathri,14,"A very good and very large bowl shaped veily. Must drink tea/coffee here, coz milk here is very thik and healthy, but for that u need to go down to the vaily where river side can also be enjoyed.",Jun 2016 • Family,,,,2024-03-21T16:56:46Z
Doodhpathri,Srinagar Jammu and Kashmir,g297623,d10496373,4.5,https://www.tripadvisor.com/ShowUserReviews-g297623-d10496373-r452570263-Doodhpathri-Srinagar_Srinagar_District_Kashmir_Jammu_and_Kashmir.html,https://dynamic-media-cdn.tripadvisor.com/media/photo-o/0d/31/48/07/supratik2401.jpg?w=100&h=-1&s=1,4.0 of 5 bubbles,Eye soothing beauty,182,Really true God made Kashmir.The green valley we found in early October was very pleasant as one who had just spread a fresh green carpet all around . Last time when I visited in early April it was under thick snow.What a charming beauty towards Yusmarg....,Oct 2016 • Family,,,,2024-03-21T16:56:46Z
Doodhpathri,Srinagar Jammu and Kashmir,g297623,d10496373,4.5,https://www.tripadvisor.com/ShowUserReviews-g297623-d10496373-r391214877-Doodhpathri-Srinagar_Srinagar_District_Kashmir_Jammu_and_Kashmir.html,https://dynamic-media-cdn.tripadvisor.com/media/photo-o/1a/f6/f4/d0/default-avatar-2020-33.jpg?w=100&h=-1&s=1,4.0 of 5 bubbles,Surreal,6,"It lies in the district of Budgam and takes about between 1-2 hours to reach there. Road is narrow and the actual beauty starts at the end of the road trip. In the last stretch you go up and up through dense forests and suddenly you reach the top and see a splendid view of the beautiful valley with large meadows. You can enjoy the beauty there, can have lunch and click pictures. A few minutes drive more from there you reach another place where you can trek for 1.5 km to a river,though its flow is normal. The trek is also an easy one through vast open landscape surrounded by lofty peaks. It is being developed into a tourist destination and mostly locals go there for respite from the routine life. Overall it is a quiet, peaceful and filled with beauty. One who is not so adventurous will definitely enjoy.",Jun 2016 • Family,,,,2024-03-21T16:56:46Z
Doodhpathri,Srinagar Jammu and Kashmir,g297623,d10496373,4.5,https://www.tripadvisor.com/ShowUserReviews-g297623-d10496373-r390894022-Doodhpathri-Srinagar_Srinagar_District_Kashmir_Jammu_and_Kashmir.html,https://dynamic-media-cdn.tripadvisor.com/media/photo-o/08/61/95/c2/sujay-m.jpg?w=100&h=-1&s=1,4.0 of 5 bubbles,Unexplored Kashmir,100,"Its one of the few place in Kashmir that has still faced the brunt of commercialization. Its a 40 Kms jorney from Srinagar. We started early and felt a bit apprehensive as all throughout the way we couldnt see any other tourist vehicle than ours. All our apprehensions and fear were lost when we reached this place. I could see the old Windows XP landscape screen saver in front of me. Its was a breathtaking sight. The pony wallas surrounded us the moment we landed there and offered to show us, Glacier point, cave point, river point and single tree on the rock. All of them were bogus except the river.  But still I enjoyed the pony ride to some of the untouched portions of the valley. Dont forget to negotiate and do carry some etables as nothing much is available there.",Jun 2016 • Couples,,,,2024-03-21T16:56:46Z
Doodhpathri,Srinagar Jammu and Kashmir,g297623,d10496373,4.5,https://www.tripadvisor.com/ShowUserReviews-g297623-d10496373-r386690550-Doodhpathri-Srinagar_Srinagar_District_Kashmir_Jammu_and_Kashmir.html,https://dynamic-media-cdn.tripadvisor.com/media/photo-o/0b/c8/1a/b4/jennifer-mascarenhas.jpg?w=100&h=-1&s=1,5.0 of 5 bubbles,Dudhpathri - A tranquil and enjoyable stay!,10,"The name ""doodpathri'' means Valley of Milk. The place is just 42kms away from Srinagar, it's a beautiful place with carpet like meadows and A flowing river resounds with soft wind passing through the pine trees of the enclosures of the valley. It is also called as a VALLEY OF MILK because it produces rich milk in a large quantity It is said that the cattle grazing in the meadows of Doodpathri, produces rich milk in large quantity , this reason it is called the valley of milk Dudhpathri. The roads leading to this place are narrow and not very well developed as yet. But that only adds to the beauty of the place since it is not crowded and commercialized by tourism! One can also pack a picnic backet and head upto Dudhpathri for an enjoyable and relaxing afternoon in the midst of the mountains and the clear pristine air!On reaching there, we get a view of the lush green meadows and the mountains. As we visited Srinagar in June, it was very pleasant weather with a slight chill in the air making it ideal for trekking and just relaxing in the meadows. It was absolutely serene!There was 1 stall serving hot tea/coffee and also some hot snacks!There is a river and a waterfall around 1.5 km from the car stand which is accessible on horseback ride or trekking. This is a place not to be missed !",Jun 2016 • Family,,,,2024-03-21T16:56:46Z
