names,address,geo_id,hotel_id,rating,url,profile_image,review_score,review_heading,profile_contr,review_body,date_of_stay,company_responder,company_response,company_response_date,timestamp
Green Valley,"Shimla,Himachal Pradesh",g304552,d2651232,4.0,https://www.tripadvisor.com/ShowUserReviews-g304552-d2651232-r873495677-Green_Valley-Shimla_Shimla_District_Himachal_Pradesh.html,https://dynamic-media-cdn.tripadvisor.com/media/photo-o/16/25/fe/33/anilrthakur.jpg?w=100&h=-1&s=1,3.0 of 5 bubbles,Great views of Pine & Deodar trees on the hills going down to valley,7,"Green Valley size be reached midway on Shimla-Kufri road. One can park their car along the road side near to the spot. The place is a break point for tourists to have some snacks here. Several small stalls are there selling local snacks. The place has magnificent views of Pine & Deodar trees on the hills going down to valley. Thousands of trees standing there, making it all green. We clicked several pictures here. Take care of the traffic as you are standing on the main road.",Nov 2022,,,,2024-03-02T16:58:10Z
Green Valley,"Shimla,Himachal Pradesh",g304552,d2651232,4.0,https://www.tripadvisor.com/ShowUserReviews-g304552-d2651232-r842148214-Green_Valley-Shimla_Shimla_District_Himachal_Pradesh.html,https://dynamic-media-cdn.tripadvisor.com/media/photo-o/14/c0/80/5e/vipin-goel-tp-impex.jpg?w=100&h=-1&s=1,5.0 of 5 bubbles,Beautiful green valley,448,"In true sense it is a green valley, surrounded by green trees only. Nice place to enjoy nature beauty which provides lot of pleasure to eyes.  We have to view valley from top from roadside.  On roadside you can also enjoy delicious street food also. As a suggestion after enjoy Hip Hip Hurray Amusement Park and Kufri Fun World then enjoy green valley on way to Shimla.  Nice, beautiful place.",May 2022,,,,2024-03-02T16:58:10Z
Green Valley,"Shimla,Himachal Pradesh",g304552,d2651232,4.0,https://www.tripadvisor.com/ShowUserReviews-g304552-d2651232-r780900069-Green_Valley-Shimla_Shimla_District_Himachal_Pradesh.html,https://dynamic-media-cdn.tripadvisor.com/media/photo-o/14/c0/80/5e/vipin-goel-tp-impex.jpg?w=100&h=-1&s=1,3.0 of 5 bubbles,Amazing views of Hills and Valleys,7,There is a small area on Shimla Kufri road where we stopped and have amazing views of Green Valley. To get parking there is very tough. Spend some time here to click few pics. One can have snacks here as several shops are there.,Jan 2021,,,,2024-03-02T16:58:10Z
Green Valley,"Shimla,Himachal Pradesh",g304552,d2651232,4.0,https://www.tripadvisor.com/ShowUserReviews-g304552-d2651232-r265232277-Green_Valley-Shimla_Shimla_District_Himachal_Pradesh.html,https://dynamic-media-cdn.tripadvisor.com/media/photo-o/06/f4/5a/7e/rcsdev.jpg?w=100&h=-1&s=1,4.0 of 5 bubbles,It's a green valley!,414,"Nice views from the roadside. The Indians love this place. For those of us from climes where rain is normal, a green tree covered valley is less impressive than to someone from a draught ridden area. Scenic however.",Apr 2015,,,,2024-03-02T16:58:10Z
Green Valley,"Shimla,Himachal Pradesh",g304552,d2651232,4.0,https://www.tripadvisor.com/ShowUserReviews-g304552-d2651232-r263729886-Green_Valley-Shimla_Shimla_District_Himachal_Pradesh.html,https://dynamic-media-cdn.tripadvisor.com/media/photo-o/1a/f6/f1/06/default-avatar-2020-18.jpg?w=100&h=-1&s=1,5.0 of 5 bubbles,Pitch green view of the mountain tops.,166,"A view not worth missing, on the way to Kufri from Shimla. Beautiful lush forest on the mountains around and also in the valley. It is just a 10 minute stop.",Apr 2015,,,,2024-03-02T16:58:10Z
Green Valley,"Shimla,Himachal Pradesh",g304552,d2651232,4.0,https://www.tripadvisor.com/ShowUserReviews-g304552-d2651232-r261645439-Green_Valley-Shimla_Shimla_District_Himachal_Pradesh.html,https://dynamic-media-cdn.tripadvisor.com/media/photo-o/1a/f6/ee/db/default-avatar-2020-10.jpg?w=100&h=-1&s=1,3.0 of 5 bubbles,Over rated!,650,"Most of the day tour agencies make it a point to add ""Green Valley"" in their schedule as this spot lies on their way from Shimla to Kufri. But to be honest, this is just another point from where you get a good view of the large evergreen coniferous Deodar trees - nothing exceptional about it. If you are visiting Kufri then it makes sense to wait and click a few photographs at Green valley, but don't make an effort to go all the way only to visit the valley.",Feb 2015,,,,2024-03-02T16:58:10Z
Green Valley,"Shimla,Himachal Pradesh",g304552,d2651232,4.0,https://www.tripadvisor.com/ShowUserReviews-g304552-d2651232-r273726361-Green_Valley-Shimla_Shimla_District_Himachal_Pradesh.html,https://dynamic-media-cdn.tripadvisor.com/media/photo-o/16/25/fe/33/anilrthakur.jpg?w=100&h=-1&s=1,3.0 of 5 bubbles,Panoramic view,1,Ideal place for tourist and surrounding scenery was very charming with dense forest. Green meadows stretched valley with panoramic view. The highway roads with busy vehicles  to be taken care while viewing.,May 2015,,,,2024-03-02T16:58:10Z
Green Valley,"Shimla,Himachal Pradesh",g304552,d2651232,4.0,https://www.tripadvisor.com/ShowUserReviews-g304552-d2651232-r176786279-Green_Valley-Shimla_Shimla_District_Himachal_Pradesh.html,https://dynamic-media-cdn.tripadvisor.com/media/photo-o/1a/f6/e8/5b/default-avatar-2020-61.jpg?w=100&h=-1&s=1,4.0 of 5 bubbles,Great Views and a good photography point,334,"While you are on  your way to Kufri from Shimla, you come across this point on your right. If the skies are clear, it presents amazing views of the lush green valley..Enjoy..",Sep 2013,,,,2024-03-02T16:58:10Z
Green Valley,"Shimla,Himachal Pradesh",g304552,d2651232,4.0,https://www.tripadvisor.com/ShowUserReviews-g304552-d2651232-r724277600-Green_Valley-Shimla_Shimla_District_Himachal_Pradesh.html,https://dynamic-media-cdn.tripadvisor.com/media/photo-o/14/c0/80/5e/vipin-goel-tp-impex.jpg?w=100&h=-1&s=1,4.0 of 5 bubbles,It is a Green Valley,200,The Green Valley is surrounded by verdant hills on all sides that are covered with thick forests of pine and deodar. It is not uncommon to sight some Yaks wandering and grazing around in the valley.,Oct 2019,,,,2024-03-02T16:58:10Z
Green Valley,"Shimla,Himachal Pradesh",g304552,d2651232,4.0,https://www.tripadvisor.com/ShowUserReviews-g304552-d2651232-r724177052-Green_Valley-Shimla_Shimla_District_Himachal_Pradesh.html,https://dynamic-media-cdn.tripadvisor.com/media/photo-o/0f/8a/25/b4/nafeeta.jpg?w=100&h=-1&s=1,5.0 of 5 bubbles,Osm trip,26,Totally amazing experience or I can say this was one of best experience of my life. Green valley of Shimla is really amazing the greenery and fresh air touched my heart,Oct 2019,,,,2024-03-02T16:58:10Z
Green Valley,"Shimla,Himachal Pradesh",g304552,d2651232,4.0,https://www.tripadvisor.com/ShowUserReviews-g304552-d2651232-r873495677-Green_Valley-Shimla_Shimla_District_Himachal_Pradesh.html,https://dynamic-media-cdn.tripadvisor.com/media/photo-o/14/c0/80/5e/vipin-goel-tp-impex.jpg?w=100&h=-1&s=1,5.0 of 5 bubbles,Beauty at its peak ,7,"Green Valley size be reached midway on Shimla-Kufri road. One can park their car along the road side near to the spot. The place is a break point for tourists to have some snacks here. Several small stalls are there selling local snacks. The place has magnificent views of Pine & Deodar trees on the hills going down to valley. Thousands of trees standing there, making it all green. We clicked several pictures here. Take care of the traffic as you are standing on the main road.",Nov 2022,,,,2024-03-02T16:58:12Z
Green Valley,"Shimla,Himachal Pradesh",g304552,d2651232,4.0,https://www.tripadvisor.com/ShowUserReviews-g304552-d2651232-r842148214-Green_Valley-Shimla_Shimla_District_Himachal_Pradesh.html,https://dynamic-media-cdn.tripadvisor.com/media/photo-o/1a/f6/f1/06/default-avatar-2020-18.jpg?w=100&h=-1&s=1,3.0 of 5 bubbles,Picturesque views of green hill slopes,448,"In true sense it is a green valley, surrounded by green trees only. Nice place to enjoy nature beauty which provides lot of pleasure to eyes.  We have to view valley from top from roadside.  On roadside you can also enjoy delicious street food also. As a suggestion after enjoy Hip Hip Hurray Amusement Park and Kufri Fun World then enjoy green valley on way to Shimla.  Nice, beautiful place.",May 2022,,,,2024-03-02T16:58:12Z
Green Valley,"Shimla,Himachal Pradesh",g304552,d2651232,4.0,https://www.tripadvisor.com/ShowUserReviews-g304552-d2651232-r780900069-Green_Valley-Shimla_Shimla_District_Himachal_Pradesh.html,https://dynamic-media-cdn.tripadvisor.com/media/photo-o/14/c0/80/5e/vipin-goel-tp-impex.jpg?w=100&h=-1&s=1,3.0 of 5 bubbles,Great views of Pine & Deodar trees on the hills going down to valley,7,There is a small area on Shimla Kufri road where we stopped and have amazing views of Green Valley. To get parking there is very tough. Spend some time here to click few pics. One can have snacks here as several shops are there.,Jan 2021,,,,2024-03-02T16:58:12Z
Green Valley,"Shimla,Himachal Pradesh",g304552,d2651232,4.0,https://www.tripadvisor.com/ShowUserReviews-g304552-d2651232-r265232277-Green_Valley-Shimla_Shimla_District_Himachal_Pradesh.html,https://dynamic-media-cdn.tripadvisor.com/media/photo-o/1a/f6/e4/ca/default-avatar-2020-51.jpg?w=100&h=-1&s=1,5.0 of 5 bubbles,Wonderful cool place,414,"Nice views from the roadside. The Indians love this place. For those of us from climes where rain is normal, a green tree covered valley is less impressive than to someone from a draught ridden area. Scenic however.",Apr 2015,,,,2024-03-02T16:58:12Z
Green Valley,"Shimla,Himachal Pradesh",g304552,d2651232,4.0,https://www.tripadvisor.com/ShowUserReviews-g304552-d2651232-r263729886-Green_Valley-Shimla_Shimla_District_Himachal_Pradesh.html,https://dynamic-media-cdn.tripadvisor.com/media/photo-o/0a/a3/03/c2/seema-s.jpg?w=100&h=-1&s=1,5.0 of 5 bubbles,Beautiful green valley,166,"A view not worth missing, on the way to Kufri from Shimla. Beautiful lush forest on the mountains around and also in the valley. It is just a 10 minute stop.",Apr 2015,,,,2024-03-02T16:58:12Z
Green Valley,"Shimla,Himachal Pradesh",g304552,d2651232,4.0,https://www.tripadvisor.com/ShowUserReviews-g304552-d2651232-r261645439-Green_Valley-Shimla_Shimla_District_Himachal_Pradesh.html,https://dynamic-media-cdn.tripadvisor.com/media/photo-o/07/86/26/8c/gaganshinde.jpg?w=100&h=-1&s=1,3.0 of 5 bubbles,Good if you can stop by,650,"Most of the day tour agencies make it a point to add ""Green Valley"" in their schedule as this spot lies on their way from Shimla to Kufri. But to be honest, this is just another point from where you get a good view of the large evergreen coniferous Deodar trees - nothing exceptional about it. If you are visiting Kufri then it makes sense to wait and click a few photographs at Green valley, but don't make an effort to go all the way only to visit the valley.",Feb 2015,,,,2024-03-02T16:58:12Z
Green Valley,"Shimla,Himachal Pradesh",g304552,d2651232,4.0,https://www.tripadvisor.com/ShowUserReviews-g304552-d2651232-r273726361-Green_Valley-Shimla_Shimla_District_Himachal_Pradesh.html,https://dynamic-media-cdn.tripadvisor.com/media/photo-o/10/5c/a4/3b/jojo5222.jpg?w=100&h=-1&s=1,5.0 of 5 bubbles,True Green and Dense Valley,1,Ideal place for tourist and surrounding scenery was very charming with dense forest. Green meadows stretched valley with panoramic view. The highway roads with busy vehicles  to be taken care while viewing.,May 2015,,,,2024-03-02T16:58:12Z
Green Valley,"Shimla,Himachal Pradesh",g304552,d2651232,4.0,https://www.tripadvisor.com/ShowUserReviews-g304552-d2651232-r176786279-Green_Valley-Shimla_Shimla_District_Himachal_Pradesh.html,https://dynamic-media-cdn.tripadvisor.com/media/photo-o/07/a7/46/f6/meghali-mazumdar.jpg?w=100&h=-1&s=1,5.0 of 5 bubbles,What a View Guys,334,"While you are on  your way to Kufri from Shimla, you come across this point on your right. If the skies are clear, it presents amazing views of the lush green valley..Enjoy..",Sep 2013,,,,2024-03-02T16:58:12Z
Green Valley,"Shimla,Himachal Pradesh",g304552,d2651232,4.0,https://www.tripadvisor.com/ShowUserReviews-g304552-d2651232-r724277600-Green_Valley-Shimla_Shimla_District_Himachal_Pradesh.html,https://dynamic-media-cdn.tripadvisor.com/media/photo-o/07/d5/0e/6a/james470.jpg?w=100&h=-1&s=1,3.0 of 5 bubbles,Amazing views of Hills and Valleys,200,The Green Valley is surrounded by verdant hills on all sides that are covered with thick forests of pine and deodar. It is not uncommon to sight some Yaks wandering and grazing around in the valley.,Oct 2019,,,,2024-03-02T16:58:12Z
Green Valley,"Shimla,Himachal Pradesh",g304552,d2651232,4.0,https://www.tripadvisor.com/ShowUserReviews-g304552-d2651232-r724177052-Green_Valley-Shimla_Shimla_District_Himachal_Pradesh.html,https://dynamic-media-cdn.tripadvisor.com/media/photo-o/1a/f6/ed/00/default-avatar-2020-4.jpg?w=100&h=-1&s=1,4.0 of 5 bubbles,"Best Place to View Mountains and Snows in Kufri, Shimla",26,Totally amazing experience or I can say this was one of best experience of my life. Green valley of Shimla is really amazing the greenery and fresh air touched my heart,Oct 2019,,,,2024-03-02T16:58:12Z
Green Valley,"Shimla,Himachal Pradesh",g304552,d2651232,4.0,https://www.tripadvisor.com/ShowUserReviews-g304552-d2651232-r813179047-Green_Valley-Shimla_Shimla_District_Himachal_Pradesh.html,https://dynamic-media-cdn.tripadvisor.com/media/photo-o/16/25/fe/33/anilrthakur.jpg?w=100&h=-1&s=1,5.0 of 5 bubbles,Beauty at its peak ,7,Exact mid of Shimla and Kufri nice scenic beauty can Click a few photos posing towards the Jungle. Also a few hawkers with eating stuff and all. You can also sight wild life using Telescopes which are available there with minimal charges. A Must needed halt in between with plenty of activities.,Sep 2023,,,,2024-03-02T16:58:13Z
Green Valley,"Shimla,Himachal Pradesh",g304552,d2651232,4.0,https://www.tripadvisor.com/ShowUserReviews-g304552-d2651232-r751613811-Green_Valley-Shimla_Shimla_District_Himachal_Pradesh.html,https://dynamic-media-cdn.tripadvisor.com/media/photo-o/14/c0/80/5e/vipin-goel-tp-impex.jpg?w=100&h=-1&s=1,3.0 of 5 bubbles,Picturesque views of green hill slopes,448,"As the name suggests, Green Valley has magnificent views of thousands of Pine & Deodar trees on the hill slopes. Green Valley is midway on Shimla-Kufri road. We have to park our car dangerously on the road to get down for a beautiful view. Tourism get down here and enjoy snacks and picturesque views of green hill slopes. Take care of the traffic as you are standing on the narrow main road. Views are best on sunny clear day.",Apr 2023,,,,2024-03-02T16:58:13Z
Green Valley,"Shimla,Himachal Pradesh",g304552,d2651232,4.0,https://www.tripadvisor.com/ShowUserReviews-g304552-d2651232-r889332627-Green_Valley-Shimla_Shimla_District_Himachal_Pradesh.html,https://dynamic-media-cdn.tripadvisor.com/media/photo-o/14/c0/80/5e/vipin-goel-tp-impex.jpg?w=100&h=-1&s=1,3.0 of 5 bubbles,Great views of Pine & Deodar trees on the hills going down to valley,7,"Green Valley size be reached midway on Shimla-Kufri road. One can park their car along the road side near to the spot. The place is a break point for tourists to have some snacks here. Several small stalls are there selling local snacks. The place has magnificent views of Pine & Deodar trees on the hills going down to valley. Thousands of trees standing there, making it all green. We clicked several pictures here. Take care of the traffic as you are standing on the main road.",Nov 2022,,,,2024-03-02T16:58:13Z
Green Valley,"Shimla,Himachal Pradesh",g304552,d2651232,4.0,https://www.tripadvisor.com/ShowUserReviews-g304552-d2651232-r873495677-Green_Valley-Shimla_Shimla_District_Himachal_Pradesh.html,https://dynamic-media-cdn.tripadvisor.com/media/photo-o/06/f4/5a/7e/rcsdev.jpg?w=100&h=-1&s=1,5.0 of 5 bubbles,Wonderful cool place,414,Surronded by a lavish greenery on the mountain the place is on the way to kufri one will have chill for some time pure air and in the arms of mother nature.,Sep 2021,,,,2024-03-02T16:58:13Z
Green Valley,"Shimla,Himachal Pradesh",g304552,d2651232,4.0,https://www.tripadvisor.com/ShowUserReviews-g304552-d2651232-r842148214-Green_Valley-Shimla_Shimla_District_Himachal_Pradesh.html,https://dynamic-media-cdn.tripadvisor.com/media/photo-o/1a/f6/f1/06/default-avatar-2020-18.jpg?w=100&h=-1&s=1,5.0 of 5 bubbles,Beautiful green valley,166,"In true sense it is a green valley, surrounded by green trees only. Nice place to enjoy nature beauty which provides lot of pleasure to eyes.  We have to view valley from top from roadside.  On roadside you can also enjoy delicious street food also. As a suggestion after enjoy Hip Hip Hurray Amusement Park and Kufri Fun World then enjoy green valley on way to Shimla.  Nice, beautiful place.",May 2022,,,,2024-03-02T16:58:13Z
Green Valley,"Shimla,Himachal Pradesh",g304552,d2651232,4.0,https://www.tripadvisor.com/ShowUserReviews-g304552-d2651232-r780900069-Green_Valley-Shimla_Shimla_District_Himachal_Pradesh.html,https://dynamic-media-cdn.tripadvisor.com/media/photo-o/1a/f6/ee/db/default-avatar-2020-10.jpg?w=100&h=-1&s=1,3.0 of 5 bubbles,Good if you can stop by,650,Beautiful but Shimla and surroundings have many such greens and browns and curves and valleys… people stop by for snacks n photography… if i have time and want to much some panipuri while looking at lush green hills then park the cars on side and get down… this is on way to Kufri … make sure car is pqrked well as this point causes traffic jams on the route…,Dec 2021,,,,2024-03-02T16:58:13Z
Green Valley,"Shimla,Himachal Pradesh",g304552,d2651232,4.0,https://www.tripadvisor.com/ShowUserReviews-g304552-d2651232-r265232277-Green_Valley-Shimla_Shimla_District_Himachal_Pradesh.html,https://dynamic-media-cdn.tripadvisor.com/media/photo-o/16/25/fe/33/anilrthakur.jpg?w=100&h=-1&s=1,5.0 of 5 bubbles,True Green and Dense Valley,1,"One of the Densest Forest of Asian Region, Just Greenery everywhere till your eyes reach. Nothing much but You will just enjoy the views from the Road. Even you might sight wildlife from the road itself. There are binoculars available on chargeable basis and you can use that to even enjoy more.Just Beautiful place to click some photos and the Clean and Clear area.",Oct 2021,,,,2024-03-02T16:58:13Z
Green Valley,"Shimla,Himachal Pradesh",g304552,d2651232,4.0,https://www.tripadvisor.com/ShowUserReviews-g304552-d2651232-r263729886-Green_Valley-Shimla_Shimla_District_Himachal_Pradesh.html,https://dynamic-media-cdn.tripadvisor.com/media/photo-o/1a/f6/e8/5b/default-avatar-2020-61.jpg?w=100&h=-1&s=1,5.0 of 5 bubbles,What a View Guys,334,"This is a wonderful place to enjoy the beauty of nature. It is a green place all year, hence the name green valley. Winter brings snow, making it more appealing.",Mar 2021,,,,2024-03-02T16:58:13Z
Green Valley,"Shimla,Himachal Pradesh",g304552,d2651232,4.0,https://www.tripadvisor.com/ShowUserReviews-g304552-d2651232-r261645439-Green_Valley-Shimla_Shimla_District_Himachal_Pradesh.html,https://dynamic-media-cdn.tripadvisor.com/media/photo-o/14/c0/80/5e/vipin-goel-tp-impex.jpg?w=100&h=-1&s=1,3.0 of 5 bubbles,Amazing views of Hills and Valleys,200,There is a small area on Shimla Kufri road where we stopped and have amazing views of Green Valley. To get parking there is very tough. Spend some time here to click few pics. One can have snacks here as several shops are there.,Jan 2021,,,,2024-03-02T16:58:13Z
Green Valley,"Shimla,Himachal Pradesh",g304552,d2651232,4.0,https://www.tripadvisor.com/ShowUserReviews-g304552-d2651232-r273726361-Green_Valley-Shimla_Shimla_District_Himachal_Pradesh.html,https://dynamic-media-cdn.tripadvisor.com/media/photo-o/0f/8a/25/b4/nafeeta.jpg?w=100&h=-1&s=1,4.0 of 5 bubbles,"Best Place to View Mountains and Snows in Kufri, Shimla",26,"The place is definitely worth the visit, when you are in Kufri. We went during winter, after snowfall had just hit the place. We went up the mountain portly by car, then  rest by jeep (requires 4WD). They took us to a viewing area atop the hill, where there were snow activities, such as ski-ing and tubing. As you leave the top, on your way down, you can stop at the many scenic spots to view the grand mountain side filled with greenery and some snow.",Jan 2020,,,,2024-03-02T16:58:13Z
Green Valley,"Shimla,Himachal Pradesh",g304552,d2651232,4.0,https://www.tripadvisor.com/ShowUserReviews-g304552-d2651232-r873495677-Green_Valley-Shimla_Shimla_District_Himachal_Pradesh.html,https://dynamic-media-cdn.tripadvisor.com/media/photo-o/14/c0/80/5e/vipin-goel-tp-impex.jpg?w=100&h=-1&s=1,3.0 of 5 bubbles,True Green and Dense Valley,935,"Green Valley size be reached midway on Shimla-Kufri road. One can park their car along the road side near to the spot. The place is a break point for tourists to have some snacks here. Several small stalls are there selling local snacks. The place has magnificent views of Pine & Deodar trees on the hills going down to valley. Thousands of trees standing there, making it all green. We clicked several pictures here. Take care of the traffic as you are standing on the main road.",Sep 2023,,,,2024-03-02T16:58:15Z
Green Valley,"Shimla,Himachal Pradesh",g304552,d2651232,4.0,https://www.tripadvisor.com/ShowUserReviews-g304552-d2651232-r842148214-Green_Valley-Shimla_Shimla_District_Himachal_Pradesh.html,https://dynamic-media-cdn.tripadvisor.com/media/photo-o/1a/f6/f1/06/default-avatar-2020-18.jpg?w=100&h=-1&s=1,5.0 of 5 bubbles,"Best Place to View Mountains and Snows in Kufri, Shimla",7,"In true sense it is a green valley, surrounded by green trees only. Nice place to enjoy nature beauty which provides lot of pleasure to eyes.  We have to view valley from top from roadside.  On roadside you can also enjoy delicious street food also. As a suggestion after enjoy Hip Hip Hurray Amusement Park and Kufri Fun World then enjoy green valley on way to Shimla.  Nice, beautiful place.",Apr 2023,,,,2024-03-02T16:58:15Z
Green Valley,"Shimla,Himachal Pradesh",g304552,d2651232,4.0,https://www.tripadvisor.com/ShowUserReviews-g304552-d2651232-r780900069-Green_Valley-Shimla_Shimla_District_Himachal_Pradesh.html,https://dynamic-media-cdn.tripadvisor.com/media/photo-o/14/c0/80/5e/vipin-goel-tp-impex.jpg?w=100&h=-1&s=1,3.0 of 5 bubbles,Picturesque views of green hill slopes,7,There is a small area on Shimla Kufri road where we stopped and have amazing views of Green Valley. To get parking there is very tough. Spend some time here to click few pics. One can have snacks here as several shops are there.,Nov 2022,,,,2024-03-02T16:58:15Z
Green Valley,"Shimla,Himachal Pradesh",g304552,d2651232,4.0,https://www.tripadvisor.com/ShowUserReviews-g304552-d2651232-r265232277-Green_Valley-Shimla_Shimla_District_Himachal_Pradesh.html,https://dynamic-media-cdn.tripadvisor.com/media/photo-o/1a/f6/e4/ca/default-avatar-2020-51.jpg?w=100&h=-1&s=1,4.0 of 5 bubbles,Great views of Pine & Deodar trees on the hills going down to valley,863,"Nice views from the roadside. The Indians love this place. For those of us from climes where rain is normal, a green tree covered valley is less impressive than to someone from a draught ridden area. Scenic however.",Sep 2021,,,,2024-03-02T16:58:15Z
Green Valley,"Shimla,Himachal Pradesh",g304552,d2651232,4.0,https://www.tripadvisor.com/ShowUserReviews-g304552-d2651232-r263729886-Green_Valley-Shimla_Shimla_District_Himachal_Pradesh.html,https://dynamic-media-cdn.tripadvisor.com/media/photo-o/0a/a3/03/c2/seema-s.jpg?w=100&h=-1&s=1,5.0 of 5 bubbles,Beautiful green valley,448,"A view not worth missing, on the way to Kufri from Shimla. Beautiful lush forest on the mountains around and also in the valley. It is just a 10 minute stop.",May 2022,,,,2024-03-02T16:58:15Z
Green Valley,"Shimla,Himachal Pradesh",g304552,d2651232,4.0,https://www.tripadvisor.com/ShowUserReviews-g304552-d2651232-r261645439-Green_Valley-Shimla_Shimla_District_Himachal_Pradesh.html,https://dynamic-media-cdn.tripadvisor.com/media/photo-o/07/86/26/8c/gaganshinde.jpg?w=100&h=-1&s=1,3.0 of 5 bubbles,Amazing views of Hills and Valleys,12,"Most of the day tour agencies make it a point to add ""Green Valley"" in their schedule as this spot lies on their way from Shimla to Kufri. But to be honest, this is just another point from where you get a good view of the large evergreen coniferous Deodar trees - nothing exceptional about it. If you are visiting Kufri then it makes sense to wait and click a few photographs at Green valley, but don't make an effort to go all the way only to visit the valley.",Dec 2021,,,,2024-03-02T16:58:15Z
Green Valley,"Shimla,Himachal Pradesh",g304552,d2651232,4.0,https://www.tripadvisor.com/ShowUserReviews-g304552-d2651232-r273726361-Green_Valley-Shimla_Shimla_District_Himachal_Pradesh.html,https://dynamic-media-cdn.tripadvisor.com/media/photo-o/10/5c/a4/3b/jojo5222.jpg?w=100&h=-1&s=1,3.0 of 5 bubbles,It's a green valley!,935,Ideal place for tourist and surrounding scenery was very charming with dense forest. Green meadows stretched valley with panoramic view. The highway roads with busy vehicles  to be taken care while viewing.,Oct 2021,,,,2024-03-02T16:58:15Z
Green Valley,"Shimla,Himachal Pradesh",g304552,d2651232,4.0,https://www.tripadvisor.com/ShowUserReviews-g304552-d2651232-r176786279-Green_Valley-Shimla_Shimla_District_Himachal_Pradesh.html,https://dynamic-media-cdn.tripadvisor.com/media/photo-o/07/a7/46/f6/meghali-mazumdar.jpg?w=100&h=-1&s=1,4.0 of 5 bubbles,Pitch green view of the mountain tops.,11,"While you are on  your way to Kufri from Shimla, you come across this point on your right. If the skies are clear, it presents amazing views of the lush green valley..Enjoy..",Mar 2021,,,,2024-03-02T16:58:15Z
Green Valley,"Shimla,Himachal Pradesh",g304552,d2651232,4.0,https://www.tripadvisor.com/ShowUserReviews-g304552-d2651232-r724277600-Green_Valley-Shimla_Shimla_District_Himachal_Pradesh.html,https://dynamic-media-cdn.tripadvisor.com/media/photo-o/07/d5/0e/6a/james470.jpg?w=100&h=-1&s=1,4.0 of 5 bubbles,Over rated!,7,The Green Valley is surrounded by verdant hills on all sides that are covered with thick forests of pine and deodar. It is not uncommon to sight some Yaks wandering and grazing around in the valley.,Jan 2021,,,,2024-03-02T16:58:15Z
Green Valley,"Shimla,Himachal Pradesh",g304552,d2651232,4.0,https://www.tripadvisor.com/ShowUserReviews-g304552-d2651232-r724177052-Green_Valley-Shimla_Shimla_District_Himachal_Pradesh.html,https://dynamic-media-cdn.tripadvisor.com/media/photo-o/1a/f6/ed/00/default-avatar-2020-4.jpg?w=100&h=-1&s=1,5.0 of 5 bubbles,Panoramic view,756,Totally amazing experience or I can say this was one of best experience of my life. Green valley of Shimla is really amazing the greenery and fresh air touched my heart,Jan 2020,,,,2024-03-02T16:58:15Z
Green Valley,"Shimla,Himachal Pradesh",g304552,d2651232,4.0,https://www.tripadvisor.com/ShowUserReviews-g304552-d2651232-r873495677-Green_Valley-Shimla_Shimla_District_Himachal_Pradesh.html,https://dynamic-media-cdn.tripadvisor.com/media/photo-o/14/c0/80/5e/vipin-goel-tp-impex.jpg?w=100&h=-1&s=1,3.0 of 5 bubbles,Great views of Pine & Deodar trees on the hills going down to valley,935,Exact mid of Shimla and Kufri nice scenic beauty can Click a few photos posing towards the Jungle. Also a few hawkers with eating stuff and all. You can also sight wild life using Telescopes which are available there with minimal charges. A Must needed halt in between with plenty of activities.,Nov 2022,,,,2024-03-02T16:58:16Z
Green Valley,"Shimla,Himachal Pradesh",g304552,d2651232,4.0,https://www.tripadvisor.com/ShowUserReviews-g304552-d2651232-r842148214-Green_Valley-Shimla_Shimla_District_Himachal_Pradesh.html,https://dynamic-media-cdn.tripadvisor.com/media/photo-o/1a/f6/f1/06/default-avatar-2020-18.jpg?w=100&h=-1&s=1,5.0 of 5 bubbles,Beautiful green valley,7,"As the name suggests, Green Valley has magnificent views of thousands of Pine & Deodar trees on the hill slopes. Green Valley is midway on Shimla-Kufri road. We have to park our car dangerously on the road to get down for a beautiful view. Tourism get down here and enjoy snacks and picturesque views of green hill slopes. Take care of the traffic as you are standing on the narrow main road. Views are best on sunny clear day.",May 2022,,,,2024-03-02T16:58:16Z
Green Valley,"Shimla,Himachal Pradesh",g304552,d2651232,4.0,https://www.tripadvisor.com/ShowUserReviews-g304552-d2651232-r780900069-Green_Valley-Shimla_Shimla_District_Himachal_Pradesh.html,https://dynamic-media-cdn.tripadvisor.com/media/photo-o/14/c0/80/5e/vipin-goel-tp-impex.jpg?w=100&h=-1&s=1,3.0 of 5 bubbles,Amazing views of Hills and Valleys,7,"Green Valley size be reached midway on Shimla-Kufri road. One can park their car along the road side near to the spot. The place is a break point for tourists to have some snacks here. Several small stalls are there selling local snacks. The place has magnificent views of Pine & Deodar trees on the hills going down to valley. Thousands of trees standing there, making it all green. We clicked several pictures here. Take care of the traffic as you are standing on the main road.",Jan 2021,,,,2024-03-02T16:58:16Z
Green Valley,"Shimla,Himachal Pradesh",g304552,d2651232,4.0,https://www.tripadvisor.com/ShowUserReviews-g304552-d2651232-r265232277-Green_Valley-Shimla_Shimla_District_Himachal_Pradesh.html,https://dynamic-media-cdn.tripadvisor.com/media/photo-o/1a/f6/e4/ca/default-avatar-2020-51.jpg?w=100&h=-1&s=1,4.0 of 5 bubbles,It's a green valley!,863,Surronded by a lavish greenery on the mountain the place is on the way to kufri one will have chill for some time pure air and in the arms of mother nature.,Apr 2015,,,,2024-03-02T16:58:16Z
Green Valley,"Shimla,Himachal Pradesh",g304552,d2651232,4.0,https://www.tripadvisor.com/ShowUserReviews-g304552-d2651232-r263729886-Green_Valley-Shimla_Shimla_District_Himachal_Pradesh.html,https://dynamic-media-cdn.tripadvisor.com/media/photo-o/0a/a3/03/c2/seema-s.jpg?w=100&h=-1&s=1,5.0 of 5 bubbles,Pitch green view of the mountain tops.,448,"In true sense it is a green valley, surrounded by green trees only. Nice place to enjoy nature beauty which provides lot of pleasure to eyes.  We have to view valley from top from roadside.  On roadside you can also enjoy delicious street food also. As a suggestion after enjoy Hip Hip Hurray Amusement Park and Kufri Fun World then enjoy green valley on way to Shimla.  Nice, beautiful place.",Apr 2015,,,,2024-03-02T16:58:16Z
Green Valley,"Shimla,Himachal Pradesh",g304552,d2651232,4.0,https://www.tripadvisor.com/ShowUserReviews-g304552-d2651232-r261645439-Green_Valley-Shimla_Shimla_District_Himachal_Pradesh.html,https://dynamic-media-cdn.tripadvisor.com/media/photo-o/07/86/26/8c/gaganshinde.jpg?w=100&h=-1&s=1,3.0 of 5 bubbles,Over rated!,12,Beautiful but Shimla and surroundings have many such greens and browns and curves and valleys… people stop by for snacks n photography… if i have time and want to much some panipuri while looking at lush green hills then park the cars on side and get down… this is on way to Kufri … make sure car is pqrked well as this point causes traffic jams on the route…,Feb 2015,,,,2024-03-02T16:58:16Z
Green Valley,"Shimla,Himachal Pradesh",g304552,d2651232,4.0,https://www.tripadvisor.com/ShowUserReviews-g304552-d2651232-r273726361-Green_Valley-Shimla_Shimla_District_Himachal_Pradesh.html,https://dynamic-media-cdn.tripadvisor.com/media/photo-o/10/5c/a4/3b/jojo5222.jpg?w=100&h=-1&s=1,3.0 of 5 bubbles,Panoramic view,935,"One of the Densest Forest of Asian Region, Just Greenery everywhere till your eyes reach. Nothing much but You will just enjoy the views from the Road. Even you might sight wildlife from the road itself. There are binoculars available on chargeable basis and you can use that to even enjoy more.Just Beautiful place to click some photos and the Clean and Clear area.",May 2015,,,,2024-03-02T16:58:16Z
Green Valley,"Shimla,Himachal Pradesh",g304552,d2651232,4.0,https://www.tripadvisor.com/ShowUserReviews-g304552-d2651232-r176786279-Green_Valley-Shimla_Shimla_District_Himachal_Pradesh.html,https://dynamic-media-cdn.tripadvisor.com/media/photo-o/07/a7/46/f6/meghali-mazumdar.jpg?w=100&h=-1&s=1,4.0 of 5 bubbles,Great Views and a good photography point,11,"This is a wonderful place to enjoy the beauty of nature. It is a green place all year, hence the name green valley. Winter brings snow, making it more appealing.",Sep 2013,,,,2024-03-02T16:58:16Z
Green Valley,"Shimla,Himachal Pradesh",g304552,d2651232,4.0,https://www.tripadvisor.com/ShowUserReviews-g304552-d2651232-r724277600-Green_Valley-Shimla_Shimla_District_Himachal_Pradesh.html,https://dynamic-media-cdn.tripadvisor.com/media/photo-o/07/d5/0e/6a/james470.jpg?w=100&h=-1&s=1,4.0 of 5 bubbles,It is a Green Valley,7,There is a small area on Shimla Kufri road where we stopped and have amazing views of Green Valley. To get parking there is very tough. Spend some time here to click few pics. One can have snacks here as several shops are there.,Oct 2019,,,,2024-03-02T16:58:16Z
Green Valley,"Shimla,Himachal Pradesh",g304552,d2651232,4.0,https://www.tripadvisor.com/ShowUserReviews-g304552-d2651232-r724177052-Green_Valley-Shimla_Shimla_District_Himachal_Pradesh.html,https://dynamic-media-cdn.tripadvisor.com/media/photo-o/1a/f6/ed/00/default-avatar-2020-4.jpg?w=100&h=-1&s=1,5.0 of 5 bubbles,Osm trip,756,"The place is definitely worth the visit, when you are in Kufri. We went during winter, after snowfall had just hit the place. We went up the mountain portly by car, then  rest by jeep (requires 4WD). They took us to a viewing area atop the hill, where there were snow activities, such as ski-ing and tubing. As you leave the top, on your way down, you can stop at the many scenic spots to view the grand mountain side filled with greenery and some snow.",Oct 2019,,,,2024-03-02T16:58:16Z
Green Valley,"Shimla,Himachal Pradesh",g304552,d2651232,4.0,https://www.tripadvisor.com/ShowUserReviews-g304552-d2651232-r873495677-Green_Valley-Shimla_Shimla_District_Himachal_Pradesh.html,https://dynamic-media-cdn.tripadvisor.com/media/photo-o/14/c0/80/5e/vipin-goel-tp-impex.jpg?w=100&h=-1&s=1,3.0 of 5 bubbles,Great views of Pine & Deodar trees on the hills going down to valley,935,Exact mid of Shimla and Kufri nice scenic beauty can Click a few photos posing towards the Jungle. Also a few hawkers with eating stuff and all. You can also sight wild life using Telescopes which are available there with minimal charges. A Must needed halt in between with plenty of activities.,Sep 2023,,,,2024-03-02T16:58:18Z
Green Valley,"Shimla,Himachal Pradesh",g304552,d2651232,4.0,https://www.tripadvisor.com/ShowUserReviews-g304552-d2651232-r842148214-Green_Valley-Shimla_Shimla_District_Himachal_Pradesh.html,https://dynamic-media-cdn.tripadvisor.com/media/photo-o/1a/f6/f1/06/default-avatar-2020-18.jpg?w=100&h=-1&s=1,5.0 of 5 bubbles,Beautiful green valley,7,"As the name suggests, Green Valley has magnificent views of thousands of Pine & Deodar trees on the hill slopes. Green Valley is midway on Shimla-Kufri road. We have to park our car dangerously on the road to get down for a beautiful view. Tourism get down here and enjoy snacks and picturesque views of green hill slopes. Take care of the traffic as you are standing on the narrow main road. Views are best on sunny clear day.",Apr 2023,,,,2024-03-02T16:58:18Z
Green Valley,"Shimla,Himachal Pradesh",g304552,d2651232,4.0,https://www.tripadvisor.com/ShowUserReviews-g304552-d2651232-r780900069-Green_Valley-Shimla_Shimla_District_Himachal_Pradesh.html,https://dynamic-media-cdn.tripadvisor.com/media/photo-o/14/c0/80/5e/vipin-goel-tp-impex.jpg?w=100&h=-1&s=1,3.0 of 5 bubbles,Amazing views of Hills and Valleys,7,"Green Valley size be reached midway on Shimla-Kufri road. One can park their car along the road side near to the spot. The place is a break point for tourists to have some snacks here. Several small stalls are there selling local snacks. The place has magnificent views of Pine & Deodar trees on the hills going down to valley. Thousands of trees standing there, making it all green. We clicked several pictures here. Take care of the traffic as you are standing on the main road.",Nov 2022,,,,2024-03-02T16:58:18Z
Green Valley,"Shimla,Himachal Pradesh",g304552,d2651232,4.0,https://www.tripadvisor.com/ShowUserReviews-g304552-d2651232-r265232277-Green_Valley-Shimla_Shimla_District_Himachal_Pradesh.html,https://dynamic-media-cdn.tripadvisor.com/media/photo-o/1a/f6/e4/ca/default-avatar-2020-51.jpg?w=100&h=-1&s=1,4.0 of 5 bubbles,It's a green valley!,863,Surronded by a lavish greenery on the mountain the place is on the way to kufri one will have chill for some time pure air and in the arms of mother nature.,Sep 2021,,,,2024-03-02T16:58:18Z
Green Valley,"Shimla,Himachal Pradesh",g304552,d2651232,4.0,https://www.tripadvisor.com/ShowUserReviews-g304552-d2651232-r263729886-Green_Valley-Shimla_Shimla_District_Himachal_Pradesh.html,https://dynamic-media-cdn.tripadvisor.com/media/photo-o/0a/a3/03/c2/seema-s.jpg?w=100&h=-1&s=1,5.0 of 5 bubbles,Pitch green view of the mountain tops.,448,"In true sense it is a green valley, surrounded by green trees only. Nice place to enjoy nature beauty which provides lot of pleasure to eyes.  We have to view valley from top from roadside.  On roadside you can also enjoy delicious street food also. As a suggestion after enjoy Hip Hip Hurray Amusement Park and Kufri Fun World then enjoy green valley on way to Shimla.  Nice, beautiful place.",May 2022,,,,2024-03-02T16:58:18Z
Green Valley,"Shimla,Himachal Pradesh",g304552,d2651232,4.0,https://www.tripadvisor.com/ShowUserReviews-g304552-d2651232-r261645439-Green_Valley-Shimla_Shimla_District_Himachal_Pradesh.html,https://dynamic-media-cdn.tripadvisor.com/media/photo-o/07/86/26/8c/gaganshinde.jpg?w=100&h=-1&s=1,3.0 of 5 bubbles,Over rated!,12,Beautiful but Shimla and surroundings have many such greens and browns and curves and valleys… people stop by for snacks n photography… if i have time and want to much some panipuri while looking at lush green hills then park the cars on side and get down… this is on way to Kufri … make sure car is pqrked well as this point causes traffic jams on the route…,Dec 2021,,,,2024-03-02T16:58:18Z
Green Valley,"Shimla,Himachal Pradesh",g304552,d2651232,4.0,https://www.tripadvisor.com/ShowUserReviews-g304552-d2651232-r273726361-Green_Valley-Shimla_Shimla_District_Himachal_Pradesh.html,https://dynamic-media-cdn.tripadvisor.com/media/photo-o/10/5c/a4/3b/jojo5222.jpg?w=100&h=-1&s=1,3.0 of 5 bubbles,Panoramic view,935,"One of the Densest Forest of Asian Region, Just Greenery everywhere till your eyes reach. Nothing much but You will just enjoy the views from the Road. Even you might sight wildlife from the road itself. There are binoculars available on chargeable basis and you can use that to even enjoy more.Just Beautiful place to click some photos and the Clean and Clear area.",Oct 2021,,,,2024-03-02T16:58:18Z
Green Valley,"Shimla,Himachal Pradesh",g304552,d2651232,4.0,https://www.tripadvisor.com/ShowUserReviews-g304552-d2651232-r176786279-Green_Valley-Shimla_Shimla_District_Himachal_Pradesh.html,https://dynamic-media-cdn.tripadvisor.com/media/photo-o/07/a7/46/f6/meghali-mazumdar.jpg?w=100&h=-1&s=1,4.0 of 5 bubbles,Great Views and a good photography point,11,"This is a wonderful place to enjoy the beauty of nature. It is a green place all year, hence the name green valley. Winter brings snow, making it more appealing.",Mar 2021,,,,2024-03-02T16:58:18Z
Green Valley,"Shimla,Himachal Pradesh",g304552,d2651232,4.0,https://www.tripadvisor.com/ShowUserReviews-g304552-d2651232-r724277600-Green_Valley-Shimla_Shimla_District_Himachal_Pradesh.html,https://dynamic-media-cdn.tripadvisor.com/media/photo-o/07/d5/0e/6a/james470.jpg?w=100&h=-1&s=1,4.0 of 5 bubbles,It is a Green Valley,7,There is a small area on Shimla Kufri road where we stopped and have amazing views of Green Valley. To get parking there is very tough. Spend some time here to click few pics. One can have snacks here as several shops are there.,Jan 2021,,,,2024-03-02T16:58:18Z
Green Valley,"Shimla,Himachal Pradesh",g304552,d2651232,4.0,https://www.tripadvisor.com/ShowUserReviews-g304552-d2651232-r724177052-Green_Valley-Shimla_Shimla_District_Himachal_Pradesh.html,https://dynamic-media-cdn.tripadvisor.com/media/photo-o/1a/f6/ed/00/default-avatar-2020-4.jpg?w=100&h=-1&s=1,5.0 of 5 bubbles,Osm trip,756,"The place is definitely worth the visit, when you are in Kufri. We went during winter, after snowfall had just hit the place. We went up the mountain portly by car, then  rest by jeep (requires 4WD). They took us to a viewing area atop the hill, where there were snow activities, such as ski-ing and tubing. As you leave the top, on your way down, you can stop at the many scenic spots to view the grand mountain side filled with greenery and some snow.",Jan 2020,,,,2024-03-02T16:58:18Z
Green Valley,"Shimla,Himachal Pradesh",g304552,d2651232,4.0,https://www.tripadvisor.com/ShowUserReviews-g304552-d2651232-r915768658-Green_Valley-Shimla_Shimla_District_Himachal_Pradesh.html,https://dynamic-media-cdn.tripadvisor.com/media/photo-o/16/25/fe/33/anilrthakur.jpg?w=100&h=-1&s=1,5.0 of 5 bubbles,Great views of Pine & Deodar trees on the hills going down to valley,935,Exact mid of Shimla and Kufri nice scenic beauty can Click a few photos posing towards the Jungle. Also a few hawkers with eating stuff and all. You can also sight wild life using Telescopes which are available there with minimal charges. A Must needed halt in between with plenty of activities.,Nov 2022,,,,2024-03-02T16:58:19Z
Green Valley,"Shimla,Himachal Pradesh",g304552,d2651232,4.0,https://www.tripadvisor.com/ShowUserReviews-g304552-d2651232-r889332627-Green_Valley-Shimla_Shimla_District_Himachal_Pradesh.html,https://dynamic-media-cdn.tripadvisor.com/media/photo-o/14/c0/80/5e/vipin-goel-tp-impex.jpg?w=100&h=-1&s=1,3.0 of 5 bubbles,Beautiful green valley,7,"As the name suggests, Green Valley has magnificent views of thousands of Pine & Deodar trees on the hill slopes. Green Valley is midway on Shimla-Kufri road. We have to park our car dangerously on the road to get down for a beautiful view. Tourism get down here and enjoy snacks and picturesque views of green hill slopes. Take care of the traffic as you are standing on the narrow main road. Views are best on sunny clear day.",May 2022,,,,2024-03-02T16:58:19Z
Green Valley,"Shimla,Himachal Pradesh",g304552,d2651232,4.0,https://www.tripadvisor.com/ShowUserReviews-g304552-d2651232-r873495677-Green_Valley-Shimla_Shimla_District_Himachal_Pradesh.html,https://dynamic-media-cdn.tripadvisor.com/media/photo-o/14/c0/80/5e/vipin-goel-tp-impex.jpg?w=100&h=-1&s=1,3.0 of 5 bubbles,Amazing views of Hills and Valleys,7,"Green Valley size be reached midway on Shimla-Kufri road. One can park their car along the road side near to the spot. The place is a break point for tourists to have some snacks here. Several small stalls are there selling local snacks. The place has magnificent views of Pine & Deodar trees on the hills going down to valley. Thousands of trees standing there, making it all green. We clicked several pictures here. Take care of the traffic as you are standing on the main road.",Jan 2021,,,,2024-03-02T16:58:19Z
Green Valley,"Shimla,Himachal Pradesh",g304552,d2651232,4.0,https://www.tripadvisor.com/ShowUserReviews-g304552-d2651232-r856211835-Green_Valley-Shimla_Shimla_District_Himachal_Pradesh.html,https://dynamic-media-cdn.tripadvisor.com/media/photo-o/06/f4/5a/7e/rcsdev.jpg?w=100&h=-1&s=1,5.0 of 5 bubbles,It's a green valley!,863,Surronded by a lavish greenery on the mountain the place is on the way to kufri one will have chill for some time pure air and in the arms of mother nature.,Apr 2015,,,,2024-03-02T16:58:19Z
Green Valley,"Shimla,Himachal Pradesh",g304552,d2651232,4.0,https://www.tripadvisor.com/ShowUserReviews-g304552-d2651232-r842148214-Green_Valley-Shimla_Shimla_District_Himachal_Pradesh.html,https://dynamic-media-cdn.tripadvisor.com/media/photo-o/1a/f6/f1/06/default-avatar-2020-18.jpg?w=100&h=-1&s=1,5.0 of 5 bubbles,Pitch green view of the mountain tops.,448,"In true sense it is a green valley, surrounded by green trees only. Nice place to enjoy nature beauty which provides lot of pleasure to eyes.  We have to view valley from top from roadside.  On roadside you can also enjoy delicious street food also. As a suggestion after enjoy Hip Hip Hurray Amusement Park and Kufri Fun World then enjoy green valley on way to Shimla.  Nice, beautiful place.",Apr 2015,,,,2024-03-02T16:58:19Z
Green Valley,"Shimla,Himachal Pradesh",g304552,d2651232,4.0,https://www.tripadvisor.com/ShowUserReviews-g304552-d2651232-r822662214-Green_Valley-Shimla_Shimla_District_Himachal_Pradesh.html,https://dynamic-media-cdn.tripadvisor.com/media/photo-o/1a/f6/ee/db/default-avatar-2020-10.jpg?w=100&h=-1&s=1,3.0 of 5 bubbles,Over rated!,12,Beautiful but Shimla and surroundings have many such greens and browns and curves and valleys… people stop by for snacks n photography… if i have time and want to much some panipuri while looking at lush green hills then park the cars on side and get down… this is on way to Kufri … make sure car is pqrked well as this point causes traffic jams on the route…,Feb 2015,,,,2024-03-02T16:58:19Z
Green Valley,"Shimla,Himachal Pradesh",g304552,d2651232,4.0,https://www.tripadvisor.com/ShowUserReviews-g304552-d2651232-r813179047-Green_Valley-Shimla_Shimla_District_Himachal_Pradesh.html,https://dynamic-media-cdn.tripadvisor.com/media/photo-o/16/25/fe/33/anilrthakur.jpg?w=100&h=-1&s=1,5.0 of 5 bubbles,Panoramic view,935,"One of the Densest Forest of Asian Region, Just Greenery everywhere till your eyes reach. Nothing much but You will just enjoy the views from the Road. Even you might sight wildlife from the road itself. There are binoculars available on chargeable basis and you can use that to even enjoy more.Just Beautiful place to click some photos and the Clean and Clear area.",May 2015,,,,2024-03-02T16:58:19Z
Green Valley,"Shimla,Himachal Pradesh",g304552,d2651232,4.0,https://www.tripadvisor.com/ShowUserReviews-g304552-d2651232-r794840986-Green_Valley-Shimla_Shimla_District_Himachal_Pradesh.html,https://dynamic-media-cdn.tripadvisor.com/media/photo-o/1a/f6/e8/5b/default-avatar-2020-61.jpg?w=100&h=-1&s=1,5.0 of 5 bubbles,Great Views and a good photography point,11,"This is a wonderful place to enjoy the beauty of nature. It is a green place all year, hence the name green valley. Winter brings snow, making it more appealing.",Sep 2013,,,,2024-03-02T16:58:19Z
Green Valley,"Shimla,Himachal Pradesh",g304552,d2651232,4.0,https://www.tripadvisor.com/ShowUserReviews-g304552-d2651232-r780900069-Green_Valley-Shimla_Shimla_District_Himachal_Pradesh.html,https://dynamic-media-cdn.tripadvisor.com/media/photo-o/14/c0/80/5e/vipin-goel-tp-impex.jpg?w=100&h=-1&s=1,3.0 of 5 bubbles,It is a Green Valley,7,There is a small area on Shimla Kufri road where we stopped and have amazing views of Green Valley. To get parking there is very tough. Spend some time here to click few pics. One can have snacks here as several shops are there.,Oct 2019,,,,2024-03-02T16:58:19Z
Green Valley,"Shimla,Himachal Pradesh",g304552,d2651232,4.0,https://www.tripadvisor.com/ShowUserReviews-g304552-d2651232-r751613811-Green_Valley-Shimla_Shimla_District_Himachal_Pradesh.html,https://dynamic-media-cdn.tripadvisor.com/media/photo-o/0f/8a/25/b4/nafeeta.jpg?w=100&h=-1&s=1,4.0 of 5 bubbles,Osm trip,756,"The place is definitely worth the visit, when you are in Kufri. We went during winter, after snowfall had just hit the place. We went up the mountain portly by car, then  rest by jeep (requires 4WD). They took us to a viewing area atop the hill, where there were snow activities, such as ski-ing and tubing. As you leave the top, on your way down, you can stop at the many scenic spots to view the grand mountain side filled with greenery and some snow.",Oct 2019,,,,2024-03-02T16:58:19Z
Green Valley,"Shimla,Himachal Pradesh",g304552,d2651232,4.0,https://www.tripadvisor.com/ShowUserReviews-g304552-d2651232-r873495677-Green_Valley-Shimla_Shimla_District_Himachal_Pradesh.html,https://dynamic-media-cdn.tripadvisor.com/media/photo-o/14/c0/80/5e/vipin-goel-tp-impex.jpg?w=100&h=-1&s=1,3.0 of 5 bubbles,Great views of Pine & Deodar trees on the hills going down to valley,7,Exact mid of Shimla and Kufri nice scenic beauty can Click a few photos posing towards the Jungle. Also a few hawkers with eating stuff and all. You can also sight wild life using Telescopes which are available there with minimal charges. A Must needed halt in between with plenty of activities.,Nov 2022,,,,2024-03-02T16:58:20Z
Green Valley,"Shimla,Himachal Pradesh",g304552,d2651232,4.0,https://www.tripadvisor.com/ShowUserReviews-g304552-d2651232-r842148214-Green_Valley-Shimla_Shimla_District_Himachal_Pradesh.html,https://dynamic-media-cdn.tripadvisor.com/media/photo-o/1a/f6/f1/06/default-avatar-2020-18.jpg?w=100&h=-1&s=1,5.0 of 5 bubbles,Beautiful green valley,448,"As the name suggests, Green Valley has magnificent views of thousands of Pine & Deodar trees on the hill slopes. Green Valley is midway on Shimla-Kufri road. We have to park our car dangerously on the road to get down for a beautiful view. Tourism get down here and enjoy snacks and picturesque views of green hill slopes. Take care of the traffic as you are standing on the narrow main road. Views are best on sunny clear day.",May 2022,,,,2024-03-02T16:58:20Z
Green Valley,"Shimla,Himachal Pradesh",g304552,d2651232,4.0,https://www.tripadvisor.com/ShowUserReviews-g304552-d2651232-r780900069-Green_Valley-Shimla_Shimla_District_Himachal_Pradesh.html,https://dynamic-media-cdn.tripadvisor.com/media/photo-o/14/c0/80/5e/vipin-goel-tp-impex.jpg?w=100&h=-1&s=1,3.0 of 5 bubbles,Amazing views of Hills and Valleys,7,"Green Valley size be reached midway on Shimla-Kufri road. One can park their car along the road side near to the spot. The place is a break point for tourists to have some snacks here. Several small stalls are there selling local snacks. The place has magnificent views of Pine & Deodar trees on the hills going down to valley. Thousands of trees standing there, making it all green. We clicked several pictures here. Take care of the traffic as you are standing on the main road.",Jan 2021,,,,2024-03-02T16:58:20Z
Green Valley,"Shimla,Himachal Pradesh",g304552,d2651232,4.0,https://www.tripadvisor.com/ShowUserReviews-g304552-d2651232-r265232277-Green_Valley-Shimla_Shimla_District_Himachal_Pradesh.html,https://dynamic-media-cdn.tripadvisor.com/media/photo-o/1a/f6/e4/ca/default-avatar-2020-51.jpg?w=100&h=-1&s=1,4.0 of 5 bubbles,It's a green valley!,414,Surronded by a lavish greenery on the mountain the place is on the way to kufri one will have chill for some time pure air and in the arms of mother nature.,Apr 2015,,,,2024-03-02T16:58:20Z
Green Valley,"Shimla,Himachal Pradesh",g304552,d2651232,4.0,https://www.tripadvisor.com/ShowUserReviews-g304552-d2651232-r263729886-Green_Valley-Shimla_Shimla_District_Himachal_Pradesh.html,https://dynamic-media-cdn.tripadvisor.com/media/photo-o/0a/a3/03/c2/seema-s.jpg?w=100&h=-1&s=1,5.0 of 5 bubbles,Pitch green view of the mountain tops.,166,"In true sense it is a green valley, surrounded by green trees only. Nice place to enjoy nature beauty which provides lot of pleasure to eyes.  We have to view valley from top from roadside.  On roadside you can also enjoy delicious street food also. As a suggestion after enjoy Hip Hip Hurray Amusement Park and Kufri Fun World then enjoy green valley on way to Shimla.  Nice, beautiful place.",Apr 2015,,,,2024-03-02T16:58:20Z
Green Valley,"Shimla,Himachal Pradesh",g304552,d2651232,4.0,https://www.tripadvisor.com/ShowUserReviews-g304552-d2651232-r261645439-Green_Valley-Shimla_Shimla_District_Himachal_Pradesh.html,https://dynamic-media-cdn.tripadvisor.com/media/photo-o/07/86/26/8c/gaganshinde.jpg?w=100&h=-1&s=1,3.0 of 5 bubbles,Over rated!,650,Beautiful but Shimla and surroundings have many such greens and browns and curves and valleys… people stop by for snacks n photography… if i have time and want to much some panipuri while looking at lush green hills then park the cars on side and get down… this is on way to Kufri … make sure car is pqrked well as this point causes traffic jams on the route…,Feb 2015,,,,2024-03-02T16:58:20Z
Green Valley,"Shimla,Himachal Pradesh",g304552,d2651232,4.0,https://www.tripadvisor.com/ShowUserReviews-g304552-d2651232-r273726361-Green_Valley-Shimla_Shimla_District_Himachal_Pradesh.html,https://dynamic-media-cdn.tripadvisor.com/media/photo-o/10/5c/a4/3b/jojo5222.jpg?w=100&h=-1&s=1,3.0 of 5 bubbles,Panoramic view,1,"One of the Densest Forest of Asian Region, Just Greenery everywhere till your eyes reach. Nothing much but You will just enjoy the views from the Road. Even you might sight wildlife from the road itself. There are binoculars available on chargeable basis and you can use that to even enjoy more.Just Beautiful place to click some photos and the Clean and Clear area.",May 2015,,,,2024-03-02T16:58:20Z
Green Valley,"Shimla,Himachal Pradesh",g304552,d2651232,4.0,https://www.tripadvisor.com/ShowUserReviews-g304552-d2651232-r176786279-Green_Valley-Shimla_Shimla_District_Himachal_Pradesh.html,https://dynamic-media-cdn.tripadvisor.com/media/photo-o/07/a7/46/f6/meghali-mazumdar.jpg?w=100&h=-1&s=1,4.0 of 5 bubbles,Great Views and a good photography point,334,"This is a wonderful place to enjoy the beauty of nature. It is a green place all year, hence the name green valley. Winter brings snow, making it more appealing.",Sep 2013,,,,2024-03-02T16:58:20Z
Green Valley,"Shimla,Himachal Pradesh",g304552,d2651232,4.0,https://www.tripadvisor.com/ShowUserReviews-g304552-d2651232-r724277600-Green_Valley-Shimla_Shimla_District_Himachal_Pradesh.html,https://dynamic-media-cdn.tripadvisor.com/media/photo-o/07/d5/0e/6a/james470.jpg?w=100&h=-1&s=1,4.0 of 5 bubbles,It is a Green Valley,200,There is a small area on Shimla Kufri road where we stopped and have amazing views of Green Valley. To get parking there is very tough. Spend some time here to click few pics. One can have snacks here as several shops are there.,Oct 2019,,,,2024-03-02T16:58:20Z
Green Valley,"Shimla,Himachal Pradesh",g304552,d2651232,4.0,https://www.tripadvisor.com/ShowUserReviews-g304552-d2651232-r724177052-Green_Valley-Shimla_Shimla_District_Himachal_Pradesh.html,https://dynamic-media-cdn.tripadvisor.com/media/photo-o/1a/f6/ed/00/default-avatar-2020-4.jpg?w=100&h=-1&s=1,5.0 of 5 bubbles,Osm trip,26,"The place is definitely worth the visit, when you are in Kufri. We went during winter, after snowfall had just hit the place. We went up the mountain portly by car, then  rest by jeep (requires 4WD). They took us to a viewing area atop the hill, where there were snow activities, such as ski-ing and tubing. As you leave the top, on your way down, you can stop at the many scenic spots to view the grand mountain side filled with greenery and some snow.",Oct 2019,,,,2024-03-02T16:58:20Z
Green Valley,"Shimla,Himachal Pradesh",g304552,d2651232,4.0,https://www.tripadvisor.com/ShowUserReviews-g304552-d2651232-r873495677-Green_Valley-Shimla_Shimla_District_Himachal_Pradesh.html,https://dynamic-media-cdn.tripadvisor.com/media/photo-o/14/c0/80/5e/vipin-goel-tp-impex.jpg?w=100&h=-1&s=1,3.0 of 5 bubbles,Beauty at its peak ,7,"Green Valley size be reached midway on Shimla-Kufri road. One can park their car along the road side near to the spot. The place is a break point for tourists to have some snacks here. Several small stalls are there selling local snacks. The place has magnificent views of Pine & Deodar trees on the hills going down to valley. Thousands of trees standing there, making it all green. We clicked several pictures here. Take care of the traffic as you are standing on the main road.",Sep 2023,,,,2024-03-02T16:58:22Z
Green Valley,"Shimla,Himachal Pradesh",g304552,d2651232,4.0,https://www.tripadvisor.com/ShowUserReviews-g304552-d2651232-r842148214-Green_Valley-Shimla_Shimla_District_Himachal_Pradesh.html,https://dynamic-media-cdn.tripadvisor.com/media/photo-o/1a/f6/f1/06/default-avatar-2020-18.jpg?w=100&h=-1&s=1,5.0 of 5 bubbles,Picturesque views of green hill slopes,448,"In true sense it is a green valley, surrounded by green trees only. Nice place to enjoy nature beauty which provides lot of pleasure to eyes.  We have to view valley from top from roadside.  On roadside you can also enjoy delicious street food also. As a suggestion after enjoy Hip Hip Hurray Amusement Park and Kufri Fun World then enjoy green valley on way to Shimla.  Nice, beautiful place.",Apr 2023,,,,2024-03-02T16:58:22Z
Green Valley,"Shimla,Himachal Pradesh",g304552,d2651232,4.0,https://www.tripadvisor.com/ShowUserReviews-g304552-d2651232-r780900069-Green_Valley-Shimla_Shimla_District_Himachal_Pradesh.html,https://dynamic-media-cdn.tripadvisor.com/media/photo-o/14/c0/80/5e/vipin-goel-tp-impex.jpg?w=100&h=-1&s=1,3.0 of 5 bubbles,Great views of Pine & Deodar trees on the hills going down to valley,7,There is a small area on Shimla Kufri road where we stopped and have amazing views of Green Valley. To get parking there is very tough. Spend some time here to click few pics. One can have snacks here as several shops are there.,Nov 2022,,,,2024-03-02T16:58:22Z
Green Valley,"Shimla,Himachal Pradesh",g304552,d2651232,4.0,https://www.tripadvisor.com/ShowUserReviews-g304552-d2651232-r265232277-Green_Valley-Shimla_Shimla_District_Himachal_Pradesh.html,https://dynamic-media-cdn.tripadvisor.com/media/photo-o/1a/f6/e4/ca/default-avatar-2020-51.jpg?w=100&h=-1&s=1,4.0 of 5 bubbles,Wonderful cool place,414,"Nice views from the roadside. The Indians love this place. For those of us from climes where rain is normal, a green tree covered valley is less impressive than to someone from a draught ridden area. Scenic however.",Sep 2021,,,,2024-03-02T16:58:22Z
Green Valley,"Shimla,Himachal Pradesh",g304552,d2651232,4.0,https://www.tripadvisor.com/ShowUserReviews-g304552-d2651232-r263729886-Green_Valley-Shimla_Shimla_District_Himachal_Pradesh.html,https://dynamic-media-cdn.tripadvisor.com/media/photo-o/0a/a3/03/c2/seema-s.jpg?w=100&h=-1&s=1,5.0 of 5 bubbles,Beautiful green valley,166,"A view not worth missing, on the way to Kufri from Shimla. Beautiful lush forest on the mountains around and also in the valley. It is just a 10 minute stop.",May 2022,,,,2024-03-02T16:58:22Z
Green Valley,"Shimla,Himachal Pradesh",g304552,d2651232,4.0,https://www.tripadvisor.com/ShowUserReviews-g304552-d2651232-r261645439-Green_Valley-Shimla_Shimla_District_Himachal_Pradesh.html,https://dynamic-media-cdn.tripadvisor.com/media/photo-o/07/86/26/8c/gaganshinde.jpg?w=100&h=-1&s=1,3.0 of 5 bubbles,Good if you can stop by,650,"Most of the day tour agencies make it a point to add ""Green Valley"" in their schedule as this spot lies on their way from Shimla to Kufri. But to be honest, this is just another point from where you get a good view of the large evergreen coniferous Deodar trees - nothing exceptional about it. If you are visiting Kufri then it makes sense to wait and click a few photographs at Green valley, but don't make an effort to go all the way only to visit the valley.",Dec 2021,,,,2024-03-02T16:58:22Z
Green Valley,"Shimla,Himachal Pradesh",g304552,d2651232,4.0,https://www.tripadvisor.com/ShowUserReviews-g304552-d2651232-r273726361-Green_Valley-Shimla_Shimla_District_Himachal_Pradesh.html,https://dynamic-media-cdn.tripadvisor.com/media/photo-o/10/5c/a4/3b/jojo5222.jpg?w=100&h=-1&s=1,3.0 of 5 bubbles,True Green and Dense Valley,1,Ideal place for tourist and surrounding scenery was very charming with dense forest. Green meadows stretched valley with panoramic view. The highway roads with busy vehicles  to be taken care while viewing.,Oct 2021,,,,2024-03-02T16:58:22Z
Green Valley,"Shimla,Himachal Pradesh",g304552,d2651232,4.0,https://www.tripadvisor.com/ShowUserReviews-g304552-d2651232-r176786279-Green_Valley-Shimla_Shimla_District_Himachal_Pradesh.html,https://dynamic-media-cdn.tripadvisor.com/media/photo-o/07/a7/46/f6/meghali-mazumdar.jpg?w=100&h=-1&s=1,4.0 of 5 bubbles,What a View Guys,334,"While you are on  your way to Kufri from Shimla, you come across this point on your right. If the skies are clear, it presents amazing views of the lush green valley..Enjoy..",Mar 2021,,,,2024-03-02T16:58:22Z
Green Valley,"Shimla,Himachal Pradesh",g304552,d2651232,4.0,https://www.tripadvisor.com/ShowUserReviews-g304552-d2651232-r724277600-Green_Valley-Shimla_Shimla_District_Himachal_Pradesh.html,https://dynamic-media-cdn.tripadvisor.com/media/photo-o/07/d5/0e/6a/james470.jpg?w=100&h=-1&s=1,4.0 of 5 bubbles,Amazing views of Hills and Valleys,200,The Green Valley is surrounded by verdant hills on all sides that are covered with thick forests of pine and deodar. It is not uncommon to sight some Yaks wandering and grazing around in the valley.,Jan 2021,,,,2024-03-02T16:58:22Z
Green Valley,"Shimla,Himachal Pradesh",g304552,d2651232,4.0,https://www.tripadvisor.com/ShowUserReviews-g304552-d2651232-r724177052-Green_Valley-Shimla_Shimla_District_Himachal_Pradesh.html,https://dynamic-media-cdn.tripadvisor.com/media/photo-o/1a/f6/ed/00/default-avatar-2020-4.jpg?w=100&h=-1&s=1,5.0 of 5 bubbles,"Best Place to View Mountains and Snows in Kufri, Shimla",26,Totally amazing experience or I can say this was one of best experience of my life. Green valley of Shimla is really amazing the greenery and fresh air touched my heart,Jan 2020,,,,2024-03-02T16:58:22Z
Green Valley,"Shimla,Himachal Pradesh",g304552,d2651232,4.0,https://www.tripadvisor.com/ShowUserReviews-g304552-d2651232-r873495677-Green_Valley-Shimla_Shimla_District_Himachal_Pradesh.html,https://dynamic-media-cdn.tripadvisor.com/media/photo-o/14/c0/80/5e/vipin-goel-tp-impex.jpg?w=100&h=-1&s=1,5.0 of 5 bubbles,Great views of Pine & Deodar trees on the hills going down to valley,7,Exact mid of Shimla and Kufri nice scenic beauty can Click a few photos posing towards the Jungle. Also a few hawkers with eating stuff and all. You can also sight wild life using Telescopes which are available there with minimal charges. A Must needed halt in between with plenty of activities.,Sep 2023,,,,2024-03-02T16:58:24Z
Green Valley,"Shimla,Himachal Pradesh",g304552,d2651232,4.0,https://www.tripadvisor.com/ShowUserReviews-g304552-d2651232-r842148214-Green_Valley-Shimla_Shimla_District_Himachal_Pradesh.html,https://dynamic-media-cdn.tripadvisor.com/media/photo-o/1a/f6/f1/06/default-avatar-2020-18.jpg?w=100&h=-1&s=1,3.0 of 5 bubbles,Beautiful green valley,448,"As the name suggests, Green Valley has magnificent views of thousands of Pine & Deodar trees on the hill slopes. Green Valley is midway on Shimla-Kufri road. We have to park our car dangerously on the road to get down for a beautiful view. Tourism get down here and enjoy snacks and picturesque views of green hill slopes. Take care of the traffic as you are standing on the narrow main road. Views are best on sunny clear day.",Apr 2023,,,,2024-03-02T16:58:24Z
Green Valley,"Shimla,Himachal Pradesh",g304552,d2651232,4.0,https://www.tripadvisor.com/ShowUserReviews-g304552-d2651232-r780900069-Green_Valley-Shimla_Shimla_District_Himachal_Pradesh.html,https://dynamic-media-cdn.tripadvisor.com/media/photo-o/14/c0/80/5e/vipin-goel-tp-impex.jpg?w=100&h=-1&s=1,3.0 of 5 bubbles,Amazing views of Hills and Valleys,7,"Green Valley size be reached midway on Shimla-Kufri road. One can park their car along the road side near to the spot. The place is a break point for tourists to have some snacks here. Several small stalls are there selling local snacks. The place has magnificent views of Pine & Deodar trees on the hills going down to valley. Thousands of trees standing there, making it all green. We clicked several pictures here. Take care of the traffic as you are standing on the main road.",Nov 2022,,,,2024-03-02T16:58:24Z
Green Valley,"Shimla,Himachal Pradesh",g304552,d2651232,4.0,https://www.tripadvisor.com/ShowUserReviews-g304552-d2651232-r265232277-Green_Valley-Shimla_Shimla_District_Himachal_Pradesh.html,https://dynamic-media-cdn.tripadvisor.com/media/photo-o/1a/f6/e4/ca/default-avatar-2020-51.jpg?w=100&h=-1&s=1,5.0 of 5 bubbles,It's a green valley!,414,Surronded by a lavish greenery on the mountain the place is on the way to kufri one will have chill for some time pure air and in the arms of mother nature.,Sep 2021,,,,2024-03-02T16:58:24Z
Green Valley,"Shimla,Himachal Pradesh",g304552,d2651232,4.0,https://www.tripadvisor.com/ShowUserReviews-g304552-d2651232-r263729886-Green_Valley-Shimla_Shimla_District_Himachal_Pradesh.html,https://dynamic-media-cdn.tripadvisor.com/media/photo-o/0a/a3/03/c2/seema-s.jpg?w=100&h=-1&s=1,5.0 of 5 bubbles,Pitch green view of the mountain tops.,166,"In true sense it is a green valley, surrounded by green trees only. Nice place to enjoy nature beauty which provides lot of pleasure to eyes.  We have to view valley from top from roadside.  On roadside you can also enjoy delicious street food also. As a suggestion after enjoy Hip Hip Hurray Amusement Park and Kufri Fun World then enjoy green valley on way to Shimla.  Nice, beautiful place.",May 2022,,,,2024-03-02T16:58:24Z
Green Valley,"Shimla,Himachal Pradesh",g304552,d2651232,4.0,https://www.tripadvisor.com/ShowUserReviews-g304552-d2651232-r261645439-Green_Valley-Shimla_Shimla_District_Himachal_Pradesh.html,https://dynamic-media-cdn.tripadvisor.com/media/photo-o/07/86/26/8c/gaganshinde.jpg?w=100&h=-1&s=1,3.0 of 5 bubbles,Over rated!,650,Beautiful but Shimla and surroundings have many such greens and browns and curves and valleys… people stop by for snacks n photography… if i have time and want to much some panipuri while looking at lush green hills then park the cars on side and get down… this is on way to Kufri … make sure car is pqrked well as this point causes traffic jams on the route…,Dec 2021,,,,2024-03-02T16:58:24Z
Green Valley,"Shimla,Himachal Pradesh",g304552,d2651232,4.0,https://www.tripadvisor.com/ShowUserReviews-g304552-d2651232-r273726361-Green_Valley-Shimla_Shimla_District_Himachal_Pradesh.html,https://dynamic-media-cdn.tripadvisor.com/media/photo-o/10/5c/a4/3b/jojo5222.jpg?w=100&h=-1&s=1,5.0 of 5 bubbles,Panoramic view,1,"One of the Densest Forest of Asian Region, Just Greenery everywhere till your eyes reach. Nothing much but You will just enjoy the views from the Road. Even you might sight wildlife from the road itself. There are binoculars available on chargeable basis and you can use that to even enjoy more.Just Beautiful place to click some photos and the Clean and Clear area.",Oct 2021,,,,2024-03-02T16:58:24Z
Green Valley,"Shimla,Himachal Pradesh",g304552,d2651232,4.0,https://www.tripadvisor.com/ShowUserReviews-g304552-d2651232-r176786279-Green_Valley-Shimla_Shimla_District_Himachal_Pradesh.html,https://dynamic-media-cdn.tripadvisor.com/media/photo-o/07/a7/46/f6/meghali-mazumdar.jpg?w=100&h=-1&s=1,5.0 of 5 bubbles,Great Views and a good photography point,334,"This is a wonderful place to enjoy the beauty of nature. It is a green place all year, hence the name green valley. Winter brings snow, making it more appealing.",Mar 2021,,,,2024-03-02T16:58:24Z
Green Valley,"Shimla,Himachal Pradesh",g304552,d2651232,4.0,https://www.tripadvisor.com/ShowUserReviews-g304552-d2651232-r724277600-Green_Valley-Shimla_Shimla_District_Himachal_Pradesh.html,https://dynamic-media-cdn.tripadvisor.com/media/photo-o/07/d5/0e/6a/james470.jpg?w=100&h=-1&s=1,3.0 of 5 bubbles,It is a Green Valley,200,There is a small area on Shimla Kufri road where we stopped and have amazing views of Green Valley. To get parking there is very tough. Spend some time here to click few pics. One can have snacks here as several shops are there.,Jan 2021,,,,2024-03-02T16:58:24Z
Green Valley,"Shimla,Himachal Pradesh",g304552,d2651232,4.0,https://www.tripadvisor.com/ShowUserReviews-g304552-d2651232-r724177052-Green_Valley-Shimla_Shimla_District_Himachal_Pradesh.html,https://dynamic-media-cdn.tripadvisor.com/media/photo-o/1a/f6/ed/00/default-avatar-2020-4.jpg?w=100&h=-1&s=1,4.0 of 5 bubbles,Osm trip,26,"The place is definitely worth the visit, when you are in Kufri. We went during winter, after snowfall had just hit the place. We went up the mountain portly by car, then  rest by jeep (requires 4WD). They took us to a viewing area atop the hill, where there were snow activities, such as ski-ing and tubing. As you leave the top, on your way down, you can stop at the many scenic spots to view the grand mountain side filled with greenery and some snow.",Jan 2020,,,,2024-03-02T16:58:24Z
Green Valley,"Shimla,Himachal Pradesh",g304552,d2651232,4.0,https://www.tripadvisor.com/ShowUserReviews-g304552-d2651232-r873495677-Green_Valley-Shimla_Shimla_District_Himachal_Pradesh.html,https://dynamic-media-cdn.tripadvisor.com/media/photo-o/14/c0/80/5e/vipin-goel-tp-impex.jpg?w=100&h=-1&s=1,3.0 of 5 bubbles,Great views of Pine & Deodar trees on the hills going down to valley,7,"One of the Densest Forest of Asian Region, Just Greenery everywhere till your eyes reach. Nothing much but You will just enjoy the views from the Road. Even you might sight wildlife from the road itself. There are binoculars available on chargeable basis and you can use that to even enjoy more.Just Beautiful place to click some photos and the Clean and Clear area.",Nov 2022,,,,2024-03-02T16:58:25Z
Green Valley,"Shimla,Himachal Pradesh",g304552,d2651232,4.0,https://www.tripadvisor.com/ShowUserReviews-g304552-d2651232-r842148214-Green_Valley-Shimla_Shimla_District_Himachal_Pradesh.html,https://dynamic-media-cdn.tripadvisor.com/media/photo-o/1a/f6/f1/06/default-avatar-2020-18.jpg?w=100&h=-1&s=1,5.0 of 5 bubbles,Beautiful green valley,448,"The place is definitely worth the visit, when you are in Kufri. We went during winter, after snowfall had just hit the place. We went up the mountain portly by car, then  rest by jeep (requires 4WD). They took us to a viewing area atop the hill, where there were snow activities, such as ski-ing and tubing. As you leave the top, on your way down, you can stop at the many scenic spots to view the grand mountain side filled with greenery and some snow.",May 2022,,,,2024-03-02T16:58:25Z
Green Valley,"Shimla,Himachal Pradesh",g304552,d2651232,4.0,https://www.tripadvisor.com/ShowUserReviews-g304552-d2651232-r780900069-Green_Valley-Shimla_Shimla_District_Himachal_Pradesh.html,https://dynamic-media-cdn.tripadvisor.com/media/photo-o/14/c0/80/5e/vipin-goel-tp-impex.jpg?w=100&h=-1&s=1,3.0 of 5 bubbles,Amazing views of Hills and Valleys,7,"As the name suggests, Green Valley has magnificent views of thousands of Pine & Deodar trees on the hill slopes. Green Valley is midway on Shimla-Kufri road. We have to park our car dangerously on the road to get down for a beautiful view. Tourism get down here and enjoy snacks and picturesque views of green hill slopes. Take care of the traffic as you are standing on the narrow main road. Views are best on sunny clear day.",Jan 2021,,,,2024-03-02T16:58:25Z
Green Valley,"Shimla,Himachal Pradesh",g304552,d2651232,4.0,https://www.tripadvisor.com/ShowUserReviews-g304552-d2651232-r265232277-Green_Valley-Shimla_Shimla_District_Himachal_Pradesh.html,https://dynamic-media-cdn.tripadvisor.com/media/photo-o/1a/f6/e4/ca/default-avatar-2020-51.jpg?w=100&h=-1&s=1,4.0 of 5 bubbles,It's a green valley!,414,"Green Valley size be reached midway on Shimla-Kufri road. One can park their car along the road side near to the spot. The place is a break point for tourists to have some snacks here. Several small stalls are there selling local snacks. The place has magnificent views of Pine & Deodar trees on the hills going down to valley. Thousands of trees standing there, making it all green. We clicked several pictures here. Take care of the traffic as you are standing on the main road.",Apr 2015,,,,2024-03-02T16:58:25Z
Green Valley,"Shimla,Himachal Pradesh",g304552,d2651232,4.0,https://www.tripadvisor.com/ShowUserReviews-g304552-d2651232-r263729886-Green_Valley-Shimla_Shimla_District_Himachal_Pradesh.html,https://dynamic-media-cdn.tripadvisor.com/media/photo-o/0a/a3/03/c2/seema-s.jpg?w=100&h=-1&s=1,5.0 of 5 bubbles,Pitch green view of the mountain tops.,166,"In true sense it is a green valley, surrounded by green trees only. Nice place to enjoy nature beauty which provides lot of pleasure to eyes.  We have to view valley from top from roadside.  On roadside you can also enjoy delicious street food also. As a suggestion after enjoy Hip Hip Hurray Amusement Park and Kufri Fun World then enjoy green valley on way to Shimla.  Nice, beautiful place.",Apr 2015,,,,2024-03-02T16:58:25Z
Green Valley,"Shimla,Himachal Pradesh",g304552,d2651232,4.0,https://www.tripadvisor.com/ShowUserReviews-g304552-d2651232-r261645439-Green_Valley-Shimla_Shimla_District_Himachal_Pradesh.html,https://dynamic-media-cdn.tripadvisor.com/media/photo-o/07/86/26/8c/gaganshinde.jpg?w=100&h=-1&s=1,3.0 of 5 bubbles,Over rated!,650,There is a small area on Shimla Kufri road where we stopped and have amazing views of Green Valley. To get parking there is very tough. Spend some time here to click few pics. One can have snacks here as several shops are there.,Feb 2015,,,,2024-03-02T16:58:25Z
Green Valley,"Shimla,Himachal Pradesh",g304552,d2651232,4.0,https://www.tripadvisor.com/ShowUserReviews-g304552-d2651232-r273726361-Green_Valley-Shimla_Shimla_District_Himachal_Pradesh.html,https://dynamic-media-cdn.tripadvisor.com/media/photo-o/10/5c/a4/3b/jojo5222.jpg?w=100&h=-1&s=1,3.0 of 5 bubbles,Panoramic view,1,"Nice views from the roadside. The Indians love this place. For those of us from climes where rain is normal, a green tree covered valley is less impressive than to someone from a draught ridden area. Scenic however.",May 2015,,,,2024-03-02T16:58:25Z
Green Valley,"Shimla,Himachal Pradesh",g304552,d2651232,4.0,https://www.tripadvisor.com/ShowUserReviews-g304552-d2651232-r176786279-Green_Valley-Shimla_Shimla_District_Himachal_Pradesh.html,https://dynamic-media-cdn.tripadvisor.com/media/photo-o/07/a7/46/f6/meghali-mazumdar.jpg?w=100&h=-1&s=1,4.0 of 5 bubbles,Great Views and a good photography point,334,"A view not worth missing, on the way to Kufri from Shimla. Beautiful lush forest on the mountains around and also in the valley. It is just a 10 minute stop.",Sep 2013,,,,2024-03-02T16:58:25Z
Green Valley,"Shimla,Himachal Pradesh",g304552,d2651232,4.0,https://www.tripadvisor.com/ShowUserReviews-g304552-d2651232-r724277600-Green_Valley-Shimla_Shimla_District_Himachal_Pradesh.html,https://dynamic-media-cdn.tripadvisor.com/media/photo-o/07/d5/0e/6a/james470.jpg?w=100&h=-1&s=1,4.0 of 5 bubbles,It is a Green Valley,200,"Most of the day tour agencies make it a point to add ""Green Valley"" in their schedule as this spot lies on their way from Shimla to Kufri. But to be honest, this is just another point from where you get a good view of the large evergreen coniferous Deodar trees - nothing exceptional about it. If you are visiting Kufri then it makes sense to wait and click a few photographs at Green valley, but don't make an effort to go all the way only to visit the valley.",Oct 2019,,,,2024-03-02T16:58:25Z
Green Valley,"Shimla,Himachal Pradesh",g304552,d2651232,4.0,https://www.tripadvisor.com/ShowUserReviews-g304552-d2651232-r724177052-Green_Valley-Shimla_Shimla_District_Himachal_Pradesh.html,https://dynamic-media-cdn.tripadvisor.com/media/photo-o/1a/f6/ed/00/default-avatar-2020-4.jpg?w=100&h=-1&s=1,5.0 of 5 bubbles,Osm trip,26,Ideal place for tourist and surrounding scenery was very charming with dense forest. Green meadows stretched valley with panoramic view. The highway roads with busy vehicles  to be taken care while viewing.,Oct 2019,,,,2024-03-02T16:58:25Z
Green Valley,"Shimla,Himachal Pradesh",g304552,d2651232,4.0,https://www.tripadvisor.com/ShowUserReviews-g304552-d2651232-r873495677-Green_Valley-Shimla_Shimla_District_Himachal_Pradesh.html,https://dynamic-media-cdn.tripadvisor.com/media/photo-o/14/c0/80/5e/vipin-goel-tp-impex.jpg?w=100&h=-1&s=1,5.0 of 5 bubbles,Great views of Pine & Deodar trees on the hills going down to valley,935,"Green Valley size be reached midway on Shimla-Kufri road. One can park their car along the road side near to the spot. The place is a break point for tourists to have some snacks here. Several small stalls are there selling local snacks. The place has magnificent views of Pine & Deodar trees on the hills going down to valley. Thousands of trees standing there, making it all green. We clicked several pictures here. Take care of the traffic as you are standing on the main road.",Nov 2022,,,,2024-03-02T16:58:27Z
Green Valley,"Shimla,Himachal Pradesh",g304552,d2651232,4.0,https://www.tripadvisor.com/ShowUserReviews-g304552-d2651232-r842148214-Green_Valley-Shimla_Shimla_District_Himachal_Pradesh.html,https://dynamic-media-cdn.tripadvisor.com/media/photo-o/1a/f6/f1/06/default-avatar-2020-18.jpg?w=100&h=-1&s=1,4.0 of 5 bubbles,Beautiful green valley,7,"In true sense it is a green valley, surrounded by green trees only. Nice place to enjoy nature beauty which provides lot of pleasure to eyes.  We have to view valley from top from roadside.  On roadside you can also enjoy delicious street food also. As a suggestion after enjoy Hip Hip Hurray Amusement Park and Kufri Fun World then enjoy green valley on way to Shimla.  Nice, beautiful place.",May 2022,,,,2024-03-02T16:58:27Z
Green Valley,"Shimla,Himachal Pradesh",g304552,d2651232,4.0,https://www.tripadvisor.com/ShowUserReviews-g304552-d2651232-r780900069-Green_Valley-Shimla_Shimla_District_Himachal_Pradesh.html,https://dynamic-media-cdn.tripadvisor.com/media/photo-o/14/c0/80/5e/vipin-goel-tp-impex.jpg?w=100&h=-1&s=1,3.0 of 5 bubbles,Amazing views of Hills and Valleys,7,There is a small area on Shimla Kufri road where we stopped and have amazing views of Green Valley. To get parking there is very tough. Spend some time here to click few pics. One can have snacks here as several shops are there.,Jan 2021,,,,2024-03-02T16:58:27Z
Green Valley,"Shimla,Himachal Pradesh",g304552,d2651232,4.0,https://www.tripadvisor.com/ShowUserReviews-g304552-d2651232-r265232277-Green_Valley-Shimla_Shimla_District_Himachal_Pradesh.html,https://dynamic-media-cdn.tripadvisor.com/media/photo-o/1a/f6/e4/ca/default-avatar-2020-51.jpg?w=100&h=-1&s=1,3.0 of 5 bubbles,It's a green valley!,863,"Nice views from the roadside. The Indians love this place. For those of us from climes where rain is normal, a green tree covered valley is less impressive than to someone from a draught ridden area. Scenic however.",Apr 2015,,,,2024-03-02T16:58:27Z
Green Valley,"Shimla,Himachal Pradesh",g304552,d2651232,4.0,https://www.tripadvisor.com/ShowUserReviews-g304552-d2651232-r263729886-Green_Valley-Shimla_Shimla_District_Himachal_Pradesh.html,https://dynamic-media-cdn.tripadvisor.com/media/photo-o/0a/a3/03/c2/seema-s.jpg?w=100&h=-1&s=1,5.0 of 5 bubbles,Pitch green view of the mountain tops.,448,"A view not worth missing, on the way to Kufri from Shimla. Beautiful lush forest on the mountains around and also in the valley. It is just a 10 minute stop.",Apr 2015,,,,2024-03-02T16:58:27Z
Green Valley,"Shimla,Himachal Pradesh",g304552,d2651232,4.0,https://www.tripadvisor.com/ShowUserReviews-g304552-d2651232-r261645439-Green_Valley-Shimla_Shimla_District_Himachal_Pradesh.html,https://dynamic-media-cdn.tripadvisor.com/media/photo-o/07/86/26/8c/gaganshinde.jpg?w=100&h=-1&s=1,3.0 of 5 bubbles,Over rated!,12,"Most of the day tour agencies make it a point to add ""Green Valley"" in their schedule as this spot lies on their way from Shimla to Kufri. But to be honest, this is just another point from where you get a good view of the large evergreen coniferous Deodar trees - nothing exceptional about it. If you are visiting Kufri then it makes sense to wait and click a few photographs at Green valley, but don't make an effort to go all the way only to visit the valley.",Feb 2015,,,,2024-03-02T16:58:27Z
Green Valley,"Shimla,Himachal Pradesh",g304552,d2651232,4.0,https://www.tripadvisor.com/ShowUserReviews-g304552-d2651232-r273726361-Green_Valley-Shimla_Shimla_District_Himachal_Pradesh.html,https://dynamic-media-cdn.tripadvisor.com/media/photo-o/10/5c/a4/3b/jojo5222.jpg?w=100&h=-1&s=1,4.0 of 5 bubbles,Panoramic view,935,Ideal place for tourist and surrounding scenery was very charming with dense forest. Green meadows stretched valley with panoramic view. The highway roads with busy vehicles  to be taken care while viewing.,May 2015,,,,2024-03-02T16:58:27Z
Green Valley,"Shimla,Himachal Pradesh",g304552,d2651232,4.0,https://www.tripadvisor.com/ShowUserReviews-g304552-d2651232-r176786279-Green_Valley-Shimla_Shimla_District_Himachal_Pradesh.html,https://dynamic-media-cdn.tripadvisor.com/media/photo-o/07/a7/46/f6/meghali-mazumdar.jpg?w=100&h=-1&s=1,5.0 of 5 bubbles,Great Views and a good photography point,11,"While you are on  your way to Kufri from Shimla, you come across this point on your right. If the skies are clear, it presents amazing views of the lush green valley..Enjoy..",Sep 2013,,,,2024-03-02T16:58:27Z
Green Valley,"Shimla,Himachal Pradesh",g304552,d2651232,4.0,https://www.tripadvisor.com/ShowUserReviews-g304552-d2651232-r724277600-Green_Valley-Shimla_Shimla_District_Himachal_Pradesh.html,https://dynamic-media-cdn.tripadvisor.com/media/photo-o/07/d5/0e/6a/james470.jpg?w=100&h=-1&s=1,3.0 of 5 bubbles,It is a Green Valley,7,The Green Valley is surrounded by verdant hills on all sides that are covered with thick forests of pine and deodar. It is not uncommon to sight some Yaks wandering and grazing around in the valley.,Oct 2019,,,,2024-03-02T16:58:27Z
Green Valley,"Shimla,Himachal Pradesh",g304552,d2651232,4.0,https://www.tripadvisor.com/ShowUserReviews-g304552-d2651232-r724177052-Green_Valley-Shimla_Shimla_District_Himachal_Pradesh.html,https://dynamic-media-cdn.tripadvisor.com/media/photo-o/1a/f6/ed/00/default-avatar-2020-4.jpg?w=100&h=-1&s=1,3.0 of 5 bubbles,Osm trip,756,Totally amazing experience or I can say this was one of best experience of my life. Green valley of Shimla is really amazing the greenery and fresh air touched my heart,Oct 2019,,,,2024-03-02T16:58:27Z
Green Valley,"Shimla,Himachal Pradesh",g304552,d2651232,4.0,https://www.tripadvisor.com/ShowUserReviews-g304552-d2651232-r873495677-Green_Valley-Shimla_Shimla_District_Himachal_Pradesh.html,https://dynamic-media-cdn.tripadvisor.com/media/photo-o/16/25/fe/33/anilrthakur.jpg?w=100&h=-1&s=1,3.0 of 5 bubbles,Great views of Pine & Deodar trees on the hills going down to valley,7,"Green Valley size be reached midway on Shimla-Kufri road. One can park their car along the road side near to the spot. The place is a break point for tourists to have some snacks here. Several small stalls are there selling local snacks. The place has magnificent views of Pine & Deodar trees on the hills going down to valley. Thousands of trees standing there, making it all green. We clicked several pictures here. Take care of the traffic as you are standing on the main road.",Nov 2022,,,,2024-03-02T16:58:28Z
Green Valley,"Shimla,Himachal Pradesh",g304552,d2651232,4.0,https://www.tripadvisor.com/ShowUserReviews-g304552-d2651232-r842148214-Green_Valley-Shimla_Shimla_District_Himachal_Pradesh.html,https://dynamic-media-cdn.tripadvisor.com/media/photo-o/14/c0/80/5e/vipin-goel-tp-impex.jpg?w=100&h=-1&s=1,5.0 of 5 bubbles,Beautiful green valley,448,"In true sense it is a green valley, surrounded by green trees only. Nice place to enjoy nature beauty which provides lot of pleasure to eyes.  We have to view valley from top from roadside.  On roadside you can also enjoy delicious street food also. As a suggestion after enjoy Hip Hip Hurray Amusement Park and Kufri Fun World then enjoy green valley on way to Shimla.  Nice, beautiful place.",May 2022,,,,2024-03-02T16:58:28Z
Green Valley,"Shimla,Himachal Pradesh",g304552,d2651232,4.0,https://www.tripadvisor.com/ShowUserReviews-g304552-d2651232-r780900069-Green_Valley-Shimla_Shimla_District_Himachal_Pradesh.html,https://dynamic-media-cdn.tripadvisor.com/media/photo-o/14/c0/80/5e/vipin-goel-tp-impex.jpg?w=100&h=-1&s=1,3.0 of 5 bubbles,Amazing views of Hills and Valleys,7,There is a small area on Shimla Kufri road where we stopped and have amazing views of Green Valley. To get parking there is very tough. Spend some time here to click few pics. One can have snacks here as several shops are there.,Jan 2021,,,,2024-03-02T16:58:28Z
Green Valley,"Shimla,Himachal Pradesh",g304552,d2651232,4.0,https://www.tripadvisor.com/ShowUserReviews-g304552-d2651232-r265232277-Green_Valley-Shimla_Shimla_District_Himachal_Pradesh.html,https://dynamic-media-cdn.tripadvisor.com/media/photo-o/06/f4/5a/7e/rcsdev.jpg?w=100&h=-1&s=1,4.0 of 5 bubbles,It's a green valley!,414,"Nice views from the roadside. The Indians love this place. For those of us from climes where rain is normal, a green tree covered valley is less impressive than to someone from a draught ridden area. Scenic however.",Apr 2015,,,,2024-03-02T16:58:28Z
Green Valley,"Shimla,Himachal Pradesh",g304552,d2651232,4.0,https://www.tripadvisor.com/ShowUserReviews-g304552-d2651232-r263729886-Green_Valley-Shimla_Shimla_District_Himachal_Pradesh.html,https://dynamic-media-cdn.tripadvisor.com/media/photo-o/1a/f6/f1/06/default-avatar-2020-18.jpg?w=100&h=-1&s=1,5.0 of 5 bubbles,Pitch green view of the mountain tops.,166,"A view not worth missing, on the way to Kufri from Shimla. Beautiful lush forest on the mountains around and also in the valley. It is just a 10 minute stop.",Apr 2015,,,,2024-03-02T16:58:28Z
Green Valley,"Shimla,Himachal Pradesh",g304552,d2651232,4.0,https://www.tripadvisor.com/ShowUserReviews-g304552-d2651232-r261645439-Green_Valley-Shimla_Shimla_District_Himachal_Pradesh.html,https://dynamic-media-cdn.tripadvisor.com/media/photo-o/1a/f6/ee/db/default-avatar-2020-10.jpg?w=100&h=-1&s=1,3.0 of 5 bubbles,Over rated!,650,"Most of the day tour agencies make it a point to add ""Green Valley"" in their schedule as this spot lies on their way from Shimla to Kufri. But to be honest, this is just another point from where you get a good view of the large evergreen coniferous Deodar trees - nothing exceptional about it. If you are visiting Kufri then it makes sense to wait and click a few photographs at Green valley, but don't make an effort to go all the way only to visit the valley.",Feb 2015,,,,2024-03-02T16:58:28Z
Green Valley,"Shimla,Himachal Pradesh",g304552,d2651232,4.0,https://www.tripadvisor.com/ShowUserReviews-g304552-d2651232-r273726361-Green_Valley-Shimla_Shimla_District_Himachal_Pradesh.html,https://dynamic-media-cdn.tripadvisor.com/media/photo-o/16/25/fe/33/anilrthakur.jpg?w=100&h=-1&s=1,3.0 of 5 bubbles,Panoramic view,1,Ideal place for tourist and surrounding scenery was very charming with dense forest. Green meadows stretched valley with panoramic view. The highway roads with busy vehicles  to be taken care while viewing.,May 2015,,,,2024-03-02T16:58:28Z
Green Valley,"Shimla,Himachal Pradesh",g304552,d2651232,4.0,https://www.tripadvisor.com/ShowUserReviews-g304552-d2651232-r176786279-Green_Valley-Shimla_Shimla_District_Himachal_Pradesh.html,https://dynamic-media-cdn.tripadvisor.com/media/photo-o/1a/f6/e8/5b/default-avatar-2020-61.jpg?w=100&h=-1&s=1,4.0 of 5 bubbles,Great Views and a good photography point,334,"While you are on  your way to Kufri from Shimla, you come across this point on your right. If the skies are clear, it presents amazing views of the lush green valley..Enjoy..",Sep 2013,,,,2024-03-02T16:58:28Z
Green Valley,"Shimla,Himachal Pradesh",g304552,d2651232,4.0,https://www.tripadvisor.com/ShowUserReviews-g304552-d2651232-r724277600-Green_Valley-Shimla_Shimla_District_Himachal_Pradesh.html,https://dynamic-media-cdn.tripadvisor.com/media/photo-o/14/c0/80/5e/vipin-goel-tp-impex.jpg?w=100&h=-1&s=1,4.0 of 5 bubbles,It is a Green Valley,200,The Green Valley is surrounded by verdant hills on all sides that are covered with thick forests of pine and deodar. It is not uncommon to sight some Yaks wandering and grazing around in the valley.,Oct 2019,,,,2024-03-02T16:58:28Z
Green Valley,"Shimla,Himachal Pradesh",g304552,d2651232,4.0,https://www.tripadvisor.com/ShowUserReviews-g304552-d2651232-r724177052-Green_Valley-Shimla_Shimla_District_Himachal_Pradesh.html,https://dynamic-media-cdn.tripadvisor.com/media/photo-o/0f/8a/25/b4/nafeeta.jpg?w=100&h=-1&s=1,5.0 of 5 bubbles,Osm trip,26,Totally amazing experience or I can say this was one of best experience of my life. Green valley of Shimla is really amazing the greenery and fresh air touched my heart,Oct 2019,,,,2024-03-02T16:58:28Z
