names,address,geo_id,hotel_id,rating,url,profile_image,review_score,review_heading,profile_contr,review_body,date_of_stay,company_responder,company_response,company_response_date,timestamp
Jakhoo Hill,"Shimla,Himachal Pradesh",g304552,d6496329,4.5,https://www.tripadvisor.com/ShowUserReviews-g304552-d6496329-r752209842-Jakhoo_Hill-Shimla_Shimla_District_Himachal_Pradesh.html,https://dynamic-media-cdn.tripadvisor.com/media/photo-s/03/2f/8f/ec/debashis77-12.jpg?w=100&h=-1&s=1,5.0 of 5 bubbles,A very divine and scenic temple setup,935,"Visited here using Ropeway which was too costly in my opinion but it was worth spending. The hill top is just awesome. But be aware of Monkeys they will come to you like anything and Take Prashad from you , But if you don't have parashad they will take your stuff Mobile phone, Gogle specs and all.But in a nice and peaceful area you can easily spend the entire day here.Must Visit if you are here in Shimla",Sep 2023,,,,2024-03-02T16:54:23Z
Jakhoo Hill,"Shimla,Himachal Pradesh",g304552,d6496329,4.5,https://www.tripadvisor.com/ShowUserReviews-g304552-d6496329-r496399880-Jakhoo_Hill-Shimla_Shimla_District_Himachal_Pradesh.html,https://dynamic-media-cdn.tripadvisor.com/media/photo-o/0f/b1/d7/b8/adarsh54.jpg?w=100&h=-1&s=1,5.0 of 5 bubbles,Jakhoo Temple and Kufri trip,5,"It was mesmerising to see 108ft Hanuman idol. The road to the temple is very well built, neat and clean surroundings, a beautiful view of the snow clad mountains from the temple, all these things makes the temple a very beautiful place. A must visit place if you ever go Shimla.",Oct 2022,,,,2024-03-02T16:54:23Z
Jakhoo Hill,"Shimla,Himachal Pradesh",g304552,d6496329,4.5,https://www.tripadvisor.com/ShowUserReviews-g304552-d6496329-r261419584-Jakhoo_Hill-Shimla_Shimla_District_Himachal_Pradesh.html,https://dynamic-media-cdn.tripadvisor.com/media/photo-o/17/02/6d/da/l0wkey.jpg?w=100&h=-1&s=1,5.0 of 5 bubbles,Worth a visit,49,One of the mesmerising place to visit Jakhoo Temple of Lord Hanuman in Shimla The statue of Lord Hanuman is so big that u can see it in yeh mountains from the ground level of Mall Road There is ropeway with 550 fare for two side for an adult and 450 for kids But believe me the ripe way is very dangerous and is situated at a huge height Must visit if u r in Shimla Taxi operators are also there and they can take u to the temple with a fare of 500 only for both sides,Jun 2022,,,,2024-03-02T16:54:23Z
Jakhoo Hill,"Shimla,Himachal Pradesh",g304552,d6496329,4.5,https://www.tripadvisor.com/ShowUserReviews-g304552-d6496329-r689957219-Jakhoo_Hill-Shimla_Shimla_District_Himachal_Pradesh.html,https://dynamic-media-cdn.tripadvisor.com/media/photo-o/1a/f6/ea/74/default-avatar-2020-68.jpg?w=100&h=-1&s=1,5.0 of 5 bubbles,Hanuman Temple on top,942,"Jakhoo temple is situated in the jakhoo temple hill. The pathway to this starts from one end of mall road. There is also a roap way to reach the temple. The walk up to the hill is very steep, however enjoyable.",Dec 2021,,,,2024-03-02T16:54:23Z
Jakhoo Hill,"Shimla,Himachal Pradesh",g304552,d6496329,4.5,https://www.tripadvisor.com/ShowUserReviews-g304552-d6496329-r549176479-Jakhoo_Hill-Shimla_Shimla_District_Himachal_Pradesh.html,https://dynamic-media-cdn.tripadvisor.com/media/photo-o/1b/e8/a4/d1/viralarya.jpg?w=100&h=-1&s=1,5.0 of 5 bubbles,"Nice surroundings, Huge statue of Lord Hanuman",12,The rope way to Jhaakhoo temple has a beautiful panoramic view of the city and hills. Peak has tall n handsome cedar trees and also a 360 degree view of Shimla and many other surrounding hills. The majestic statue of Lord Hanuman standing tall on peak is  revered. There are some eating options but best being ‘Under the tree’.,Dec 2021,,,,2024-03-02T16:54:23Z
Jakhoo Hill,"Shimla,Himachal Pradesh",g304552,d6496329,4.5,https://www.tripadvisor.com/ShowUserReviews-g304552-d6496329-r336893413-Jakhoo_Hill-Shimla_Shimla_District_Himachal_Pradesh.html,https://dynamic-media-cdn.tripadvisor.com/media/photo-o/19/52/9b/cf/manish-b.jpg?w=100&h=-1&s=1,5.0 of 5 bubbles,Nice place but....,4,"Jakhoo Temple is one of the must visit place in Shimla. Trekking is bit Tough for a person who donot have daily walking habbit like me. Best part is one can drive upto the Temple or choose Rope way however it is bit expensive around 500/- per person.  Once you reach there you will find peace and a pure Nature. Few Shops for refreshments like Tea and poori cholle. You can find budget stay nearby temple hill starting.  Best time if you start early morning and enjoy breathtaking forest view.Kufri being another place you can cover. Visit Kufri zoo, an Hour long and around 1 km long place tour. Nearby Lalit Cafe at walking distance is best place for meal and Shopping. Enjoy lovely Icecream scoops outside the Cafe. Don't forget to get clicked with Yak which you can fine on Road side near Kufri at Just 50/- Rs. Per person.If you have your personal vehicle than its great you can save time and Money, else hire a cab for full day.",Jul 2021,,,,2024-03-02T16:54:23Z
Jakhoo Hill,"Shimla,Himachal Pradesh",g304552,d6496329,4.5,https://www.tripadvisor.com/ShowUserReviews-g304552-d6496329-r330677128-Jakhoo_Hill-Shimla_Shimla_District_Himachal_Pradesh.html,https://dynamic-media-cdn.tripadvisor.com/media/photo-o/04/93/8e/11/andy-f.jpg?w=100&h=-1&s=1,5.0 of 5 bubbles,An attraction in Shimla,1,"awesome place to visit in Shimla, it was a temple of Lord Hanumaan having a big Statue of Lord Hanuman. epic place",Jan 2021,,,,2024-03-02T16:54:23Z
Jakhoo Hill,"Shimla,Himachal Pradesh",g304552,d6496329,4.5,https://www.tripadvisor.com/ShowUserReviews-g304552-d6496329-r915769693-Jakhoo_Hill-Shimla_Shimla_District_Himachal_Pradesh.html,https://dynamic-media-cdn.tripadvisor.com/media/photo-o/16/25/fe/33/anilrthakur.jpg?w=100&h=-1&s=1,3.0 of 5 bubbles,Perfect place to watch Sunrise and Sunset,15,"People generally dont go there just for worshiping Hanuman but also to have rope way ride. Lots of monkeys around make you scared and its  a daring act reaching till the rope way pickup point. you may go down to Mall road by rope way and do shopping and come back on top, or vice-versa.",Jul 2021,,,,2024-03-02T16:54:23Z
Jakhoo Hill,"Shimla,Himachal Pradesh",g304552,d6496329,4.5,https://www.tripadvisor.com/ShowUserReviews-g304552-d6496329-r822744841-Jakhoo_Hill-Shimla_Shimla_District_Himachal_Pradesh.html,https://dynamic-media-cdn.tripadvisor.com/media/photo-o/1a/f6/f1/79/default-avatar-2020-21.jpg?w=100&h=-1&s=1,4.0 of 5 bubbles,Highest Peak.,54,The Jakhoo hill has a very serene Hanuman mandir on top.  The winch journey to this hill from near the Ridge area  (walk for quite some time to reach the starting point of the winch) is very steep and thrilling with good views of Shimla town and the hills around.,Jul 2019,,,,2024-03-02T16:54:23Z
Jakhoo Hill,"Shimla,Himachal Pradesh",g304552,d6496329,4.5,https://www.tripadvisor.com/ShowUserReviews-g304552-d6496329-r691412603-Jakhoo_Hill-Shimla_Shimla_District_Himachal_Pradesh.html,https://dynamic-media-cdn.tripadvisor.com/media/photo-o/11/e0/80/6b/jam4ika.jpg?w=100&h=-1&s=1,3.0 of 5 bubbles,Monkey Business!,1,"The big statue of lord Hanuman atop Jakhu hill can be seen from the ridge.The ropeway to reach atop the hill also from Mall Road,but is expensive.Another way you can climb the stiff hill to reach the temple,which may not be possible for all.The best way to go is to hire a cab,pliantly available near Ridge and other places from Shimla.Taxi charge Rs.1500/--Ra.1800/- for to & fro journey. Prefer small taxi as the road to top of the temple is narrow & stiff.",May 2019,,,,2024-03-02T16:54:23Z
Jakhoo Hill,"Shimla,Himachal Pradesh",g304552,d6496329,4.5,https://www.tripadvisor.com/ShowUserReviews-g304552-d6496329-r752209842-Jakhoo_Hill-Shimla_Shimla_District_Himachal_Pradesh.html,https://dynamic-media-cdn.tripadvisor.com/media/photo-o/16/25/fe/33/anilrthakur.jpg?w=100&h=-1&s=1,5.0 of 5 bubbles,Hanuman Temple on top,1,"The big statue of lord Hanuman atop Jakhu hill can be seen from the ridge.The ropeway to reach atop the hill also from Mall Road,but is expensive.Another way you can climb the stiff hill to reach the temple,which may not be possible for all.The best way to go is to hire a cab,pliantly available near Ridge and other places from Shimla.Taxi charge Rs.1500/--Ra.1800/- for to & fro journey. Prefer small taxi as the road to top of the temple is narrow & stiff.",May 2019,,,,2024-03-02T16:54:25Z
Jakhoo Hill,"Shimla,Himachal Pradesh",g304552,d6496329,4.5,https://www.tripadvisor.com/ShowUserReviews-g304552-d6496329-r496399880-Jakhoo_Hill-Shimla_Shimla_District_Himachal_Pradesh.html,https://dynamic-media-cdn.tripadvisor.com/media/photo-o/1a/f6/e9/ef/default-avatar-2020-66.jpg?w=100&h=-1&s=1,5.0 of 5 bubbles,"Nice surroundings, Huge statue of Lord Hanuman",15,"Jakhu is a must visit place in Shimla, not because of the old Hanuman Temple alone, but also due to its picturesque surroundins. It can be reached either by taxi or by rope-way from mall road. Enthusiasts can go by foot also that for a young person takes about 40 mts. We reached Jakhu peak by rope-way which is a short 5 mts enjoyable ride. However the price of ropeway tickets is quite steep (Rs 500 bothways) which is the reason why it remains deserted even in the peak season. If they keep a reasonable price, many tourists would like to take rope way ride and the Himachal Tourism would also make a profit. They must think on those lines.",Jun 2017,,,,2024-03-02T16:54:25Z
Jakhoo Hill,"Shimla,Himachal Pradesh",g304552,d6496329,4.5,https://www.tripadvisor.com/ShowUserReviews-g304552-d6496329-r261419584-Jakhoo_Hill-Shimla_Shimla_District_Himachal_Pradesh.html,https://dynamic-media-cdn.tripadvisor.com/media/photo-o/1c/22/fd/1c/caption.jpg?w=100&h=-1&s=1,5.0 of 5 bubbles,Nice place but....,2,"Being highest point of Shimla city, you get to see some really nice views from here and the 108 feet feet high statue of Lord Hanuman adds to the charm of the place. But most important aspect of the place is to be beware of the monkeys here !!! Never ever have any eatbles in you hands while visiting here. Also if possible do not wear any kind of eyewear whatsoever. The monkeys are not at all afraid of humans and will harass you upto the point of frustration in case they find anything attractive upon you. If possible have a stick with you but dont threaten them unnecesserely. all in all a fine place Jakhoo is but do take your precautions.",Feb 2015,,,,2024-03-02T16:54:25Z
Jakhoo Hill,"Shimla,Himachal Pradesh",g304552,d6496329,4.5,https://www.tripadvisor.com/ShowUserReviews-g304552-d6496329-r689957219-Jakhoo_Hill-Shimla_Shimla_District_Himachal_Pradesh.html,https://dynamic-media-cdn.tripadvisor.com/media/photo-o/1a/f6/f1/79/default-avatar-2020-21.jpg?w=100&h=-1&s=1,5.0 of 5 bubbles,An attraction in Shimla,110,"The hill gives a Panoramic view of Shimla, beside having a hundred foot statue of Hanuman at the hill TOP, next to the temple. The hill TOP is also connected by a rope way, which gives an excellent view as you ride it.",Jul 2019,,,,2024-03-02T16:54:25Z
Jakhoo Hill,"Shimla,Himachal Pradesh",g304552,d6496329,4.5,https://www.tripadvisor.com/ShowUserReviews-g304552-d6496329-r549176479-Jakhoo_Hill-Shimla_Shimla_District_Himachal_Pradesh.html,https://dynamic-media-cdn.tripadvisor.com/media/photo-o/1a/f6/ee/db/default-avatar-2020-10.jpg?w=100&h=-1&s=1,5.0 of 5 bubbles,Perfect place to watch Sunrise and Sunset,634,"Jakhoo Hill is perfect place in Shimla to watch Sunrise or Sunset. Here you can worship in Jakhoo Temple, here you can enjoy picturesque views, food is also available here. You can reach here by limited local transport or by 2km uphill tracking.",Nov 2017,,,,2024-03-02T16:54:25Z
Jakhoo Hill,"Shimla,Himachal Pradesh",g304552,d6496329,4.5,https://www.tripadvisor.com/ShowUserReviews-g304552-d6496329-r336893413-Jakhoo_Hill-Shimla_Shimla_District_Himachal_Pradesh.html,https://dynamic-media-cdn.tripadvisor.com/media/photo-o/0d/a0/21/a4/govind-p.jpg?w=100&h=-1&s=1,5.0 of 5 bubbles,Highest Peak.,1,Highest point of the city shimla. The hill is covered with pine trees and at the top its the flat surface having temple and 108 feet long statue of lord hanumaan. Must see place,Dec 2015,,,,2024-03-02T16:54:25Z
Jakhoo Hill,"Shimla,Himachal Pradesh",g304552,d6496329,4.5,https://www.tripadvisor.com/ShowUserReviews-g304552-d6496329-r330677128-Jakhoo_Hill-Shimla_Shimla_District_Himachal_Pradesh.html,https://dynamic-media-cdn.tripadvisor.com/media/photo-o/1a/f6/e3/6a/default-avatar-2020-47.jpg?w=100&h=-1&s=1,5.0 of 5 bubbles,Monkey Business!,1,"Health warnings - the trail/ road up to the summit is tight & tortuous, there are a lot of steps, and the macaque monkeys are a real pain! The hindu temple is small, but the most obviously impressive thing is the 100 foot high orange image of the monkey god. The temple is old but the statue is modern. Invest 50 rupees in a stick - you'll need it to keep the marauding monkeys at bay. They are a real pest, and quite fearless of humans.",Nov 2015,,,,2024-03-02T16:54:25Z
Jakhoo Hill,"Shimla,Himachal Pradesh",g304552,d6496329,4.5,https://www.tripadvisor.com/ShowUserReviews-g304552-d6496329-r915769693-Jakhoo_Hill-Shimla_Shimla_District_Himachal_Pradesh.html,https://dynamic-media-cdn.tripadvisor.com/media/photo-o/1a/f6/e4/2d/default-avatar-2020-48.jpg?w=100&h=-1&s=1,3.0 of 5 bubbles,Should be in the Bucket list if you are in Shimla ,935,"Visited here using Ropeway which was too costly in my opinion but it was worth spending. The hill top is just awesome. But be aware of Monkeys they will come to you like anything and Take Prashad from you , But if you don't have parashad they will take your stuff Mobile phone, Gogle specs and all.But in a nice and peaceful area you can easily spend the entire day here.Must Visit if you are here in Shimla",Sep 2023,,,,2024-03-02T16:54:25Z
Jakhoo Hill,"Shimla,Himachal Pradesh",g304552,d6496329,4.5,https://www.tripadvisor.com/ShowUserReviews-g304552-d6496329-r822744841-Jakhoo_Hill-Shimla_Shimla_District_Himachal_Pradesh.html,https://dynamic-media-cdn.tripadvisor.com/media/photo-o/1b/6f/ea/c8/sibsagarvish.jpg?w=100&h=-1&s=1,4.0 of 5 bubbles,Jakhoo temple hill,942,"Jakhoo temple is situated in the jakhoo temple hill. The pathway to this starts from one end of mall road. There is also a roap way to reach the temple. The walk up to the hill is very steep, however enjoyable.",Dec 2021,,,,2024-03-02T16:54:25Z
Jakhoo Hill,"Shimla,Himachal Pradesh",g304552,d6496329,4.5,https://www.tripadvisor.com/ShowUserReviews-g304552-d6496329-r691412603-Jakhoo_Hill-Shimla_Shimla_District_Himachal_Pradesh.html,https://dynamic-media-cdn.tripadvisor.com/media/photo-s/03/2f/8f/ec/debashis77-12.jpg?w=100&h=-1&s=1,3.0 of 5 bubbles,serene nature in the clouds,138,The only reason to visit this hill is to see Hanuman Mandir. The place is clean and beautiful. In the canteen is given veg prasadam.,Jun 2019,,,,2024-03-02T16:54:25Z
Jakhoo Hill,"Shimla,Himachal Pradesh",g304552,d6496329,4.5,https://www.tripadvisor.com/ShowUserReviews-g304552-d6496329-r752209842-Jakhoo_Hill-Shimla_Shimla_District_Himachal_Pradesh.html,https://dynamic-media-cdn.tripadvisor.com/media/photo-s/03/2f/8f/ec/debashis77-12.jpg?w=100&h=-1&s=1,4.0 of 5 bubbles,Should be in the Bucket list if you are in Shimla ,111,"The big statue of lord Hanuman atop Jakhu hill can be seen from the ridge.The ropeway to reach atop the hill also from Mall Road,but is expensive.Another way you can climb the stiff hill to reach the temple,which may not be possible for all.The best way to go is to hire a cab,pliantly available near Ridge and other places from Shimla.Taxi charge Rs.1500/--Ra.1800/- for to & fro journey. Prefer small taxi as the road to top of the temple is narrow & stiff.",May 2019,,,,2024-03-02T16:54:26Z
Jakhoo Hill,"Shimla,Himachal Pradesh",g304552,d6496329,4.5,https://www.tripadvisor.com/ShowUserReviews-g304552-d6496329-r496399880-Jakhoo_Hill-Shimla_Shimla_District_Himachal_Pradesh.html,https://dynamic-media-cdn.tripadvisor.com/media/photo-o/0f/b1/d7/b8/adarsh54.jpg?w=100&h=-1&s=1,5.0 of 5 bubbles,A temple as it should be - Calm and peaceful,4,"Jakhu is a must visit place in Shimla, not because of the old Hanuman Temple alone, but also due to its picturesque surroundins. It can be reached either by taxi or by rope-way from mall road. Enthusiasts can go by foot also that for a young person takes about 40 mts. We reached Jakhu peak by rope-way which is a short 5 mts enjoyable ride. However the price of ropeway tickets is quite steep (Rs 500 bothways) which is the reason why it remains deserted even in the peak season. If they keep a reasonable price, many tourists would like to take rope way ride and the Himachal Tourism would also make a profit. They must think on those lines.",Jun 2017,,,,2024-03-02T16:54:26Z
Jakhoo Hill,"Shimla,Himachal Pradesh",g304552,d6496329,4.5,https://www.tripadvisor.com/ShowUserReviews-g304552-d6496329-r261419584-Jakhoo_Hill-Shimla_Shimla_District_Himachal_Pradesh.html,https://dynamic-media-cdn.tripadvisor.com/media/photo-o/17/02/6d/da/l0wkey.jpg?w=100&h=-1&s=1,5.0 of 5 bubbles,Hanuman In Shimla Hills,12,"Being highest point of Shimla city, you get to see some really nice views from here and the 108 feet feet high statue of Lord Hanuman adds to the charm of the place. But most important aspect of the place is to be beware of the monkeys here !!! Never ever have any eatbles in you hands while visiting here. Also if possible do not wear any kind of eyewear whatsoever. The monkeys are not at all afraid of humans and will harass you upto the point of frustration in case they find anything attractive upon you. If possible have a stick with you but dont threaten them unnecesserely. all in all a fine place Jakhoo is but do take your precautions.",Feb 2015,,,,2024-03-02T16:54:26Z
Jakhoo Hill,"Shimla,Himachal Pradesh",g304552,d6496329,4.5,https://www.tripadvisor.com/ShowUserReviews-g304552-d6496329-r689957219-Jakhoo_Hill-Shimla_Shimla_District_Himachal_Pradesh.html,https://dynamic-media-cdn.tripadvisor.com/media/photo-o/1a/f6/ea/74/default-avatar-2020-68.jpg?w=100&h=-1&s=1,3.0 of 5 bubbles,Jakhoo temple hill,1,"The hill gives a Panoramic view of Shimla, beside having a hundred foot statue of Hanuman at the hill TOP, next to the temple. The hill TOP is also connected by a rope way, which gives an excellent view as you ride it.",Jul 2019,,,,2024-03-02T16:54:26Z
Jakhoo Hill,"Shimla,Himachal Pradesh",g304552,d6496329,4.5,https://www.tripadvisor.com/ShowUserReviews-g304552-d6496329-r549176479-Jakhoo_Hill-Shimla_Shimla_District_Himachal_Pradesh.html,https://dynamic-media-cdn.tripadvisor.com/media/photo-o/1b/e8/a4/d1/viralarya.jpg?w=100&h=-1&s=1,5.0 of 5 bubbles,Worth a visit,15,"Jakhoo Hill is perfect place in Shimla to watch Sunrise or Sunset. Here you can worship in Jakhoo Temple, here you can enjoy picturesque views, food is also available here. You can reach here by limited local transport or by 2km uphill tracking.",Nov 2017,,,,2024-03-02T16:54:26Z
Jakhoo Hill,"Shimla,Himachal Pradesh",g304552,d6496329,4.5,https://www.tripadvisor.com/ShowUserReviews-g304552-d6496329-r336893413-Jakhoo_Hill-Shimla_Shimla_District_Himachal_Pradesh.html,https://dynamic-media-cdn.tripadvisor.com/media/photo-o/19/52/9b/cf/manish-b.jpg?w=100&h=-1&s=1,3.0 of 5 bubbles,Jakhoo Temple and Kufri trip,2,Highest point of the city shimla. The hill is covered with pine trees and at the top its the flat surface having temple and 108 feet long statue of lord hanumaan. Must see place,Dec 2015,,,,2024-03-02T16:54:26Z
Jakhoo Hill,"Shimla,Himachal Pradesh",g304552,d6496329,4.5,https://www.tripadvisor.com/ShowUserReviews-g304552-d6496329-r330677128-Jakhoo_Hill-Shimla_Shimla_District_Himachal_Pradesh.html,https://dynamic-media-cdn.tripadvisor.com/media/photo-o/04/93/8e/11/andy-f.jpg?w=100&h=-1&s=1,4.0 of 5 bubbles,awesome place to visit in Shimla trip,110,"Health warnings - the trail/ road up to the summit is tight & tortuous, there are a lot of steps, and the macaque monkeys are a real pain! The hindu temple is small, but the most obviously impressive thing is the 100 foot high orange image of the monkey god. The temple is old but the statue is modern. Invest 50 rupees in a stick - you'll need it to keep the marauding monkeys at bay. They are a real pest, and quite fearless of humans.",Nov 2015,,,,2024-03-02T16:54:26Z
Jakhoo Hill,"Shimla,Himachal Pradesh",g304552,d6496329,4.5,https://www.tripadvisor.com/ShowUserReviews-g304552-d6496329-r915769693-Jakhoo_Hill-Shimla_Shimla_District_Himachal_Pradesh.html,https://dynamic-media-cdn.tripadvisor.com/media/photo-o/16/25/fe/33/anilrthakur.jpg?w=100&h=-1&s=1,5.0 of 5 bubbles,Okay okay place,634,"Visited here using Ropeway which was too costly in my opinion but it was worth spending. The hill top is just awesome. But be aware of Monkeys they will come to you like anything and Take Prashad from you , But if you don't have parashad they will take your stuff Mobile phone, Gogle specs and all.But in a nice and peaceful area you can easily spend the entire day here.Must Visit if you are here in Shimla",Sep 2023,,,,2024-03-02T16:54:26Z
Jakhoo Hill,"Shimla,Himachal Pradesh",g304552,d6496329,4.5,https://www.tripadvisor.com/ShowUserReviews-g304552-d6496329-r822744841-Jakhoo_Hill-Shimla_Shimla_District_Himachal_Pradesh.html,https://dynamic-media-cdn.tripadvisor.com/media/photo-o/1a/f6/f1/79/default-avatar-2020-21.jpg?w=100&h=-1&s=1,4.0 of 5 bubbles,Highest point of Shimla through Winch,1,"Jakhoo temple is situated in the jakhoo temple hill. The pathway to this starts from one end of mall road. There is also a roap way to reach the temple. The walk up to the hill is very steep, however enjoyable.",Dec 2021,,,,2024-03-02T16:54:26Z
Jakhoo Hill,"Shimla,Himachal Pradesh",g304552,d6496329,4.5,https://www.tripadvisor.com/ShowUserReviews-g304552-d6496329-r691412603-Jakhoo_Hill-Shimla_Shimla_District_Himachal_Pradesh.html,https://dynamic-media-cdn.tripadvisor.com/media/photo-o/11/e0/80/6b/jam4ika.jpg?w=100&h=-1&s=1,4.0 of 5 bubbles,Hanuman Temple on top,1,The only reason to visit this hill is to see Hanuman Mandir. The place is clean and beautiful. In the canteen is given veg prasadam.,Jun 2019,,,,2024-03-02T16:54:26Z
Jakhoo Hill,"Shimla,Himachal Pradesh",g304552,d6496329,4.5,https://www.tripadvisor.com/ShowUserReviews-g304552-d6496329-r915769693-Jakhoo_Hill-Shimla_Shimla_District_Himachal_Pradesh.html,https://dynamic-media-cdn.tripadvisor.com/media/photo-s/03/2f/8f/ec/debashis77-12.jpg?w=100&h=-1&s=1,3.0 of 5 bubbles,Should be in the Bucket list if you are in Shimla ,1,"Visited here using Ropeway which was too costly in my opinion but it was worth spending. The hill top is just awesome. But be aware of Monkeys they will come to you like anything and Take Prashad from you , But if you don't have parashad they will take your stuff Mobile phone, Gogle specs and all.But in a nice and peaceful area you can easily spend the entire day here.Must Visit if you are here in Shimla",May 2019,,,,2024-03-02T16:54:28Z
Jakhoo Hill,"Shimla,Himachal Pradesh",g304552,d6496329,4.5,https://www.tripadvisor.com/ShowUserReviews-g304552-d6496329-r871451351-Jakhoo_Hill-Shimla_Shimla_District_Himachal_Pradesh.html,https://dynamic-media-cdn.tripadvisor.com/media/photo-o/0f/b1/d7/b8/adarsh54.jpg?w=100&h=-1&s=1,5.0 of 5 bubbles,A temple as it should be - Calm and peaceful,15,"It was mesmerising to see 108ft Hanuman idol. The road to the temple is very well built, neat and clean surroundings, a beautiful view of the snow clad mountains from the temple, all these things makes the temple a very beautiful place. A must visit place if you ever go Shimla.",Jun 2017,,,,2024-03-02T16:54:28Z
Jakhoo Hill,"Shimla,Himachal Pradesh",g304552,d6496329,4.5,https://www.tripadvisor.com/ShowUserReviews-g304552-d6496329-r841979256-Jakhoo_Hill-Shimla_Shimla_District_Himachal_Pradesh.html,https://dynamic-media-cdn.tripadvisor.com/media/photo-o/17/02/6d/da/l0wkey.jpg?w=100&h=-1&s=1,3.0 of 5 bubbles,Hanuman In Shimla Hills,2,One of the mesmerising place to visit Jakhoo Temple of Lord Hanuman in Shimla The statue of Lord Hanuman is so big that u can see it in yeh mountains from the ground level of Mall Road There is ropeway with 550 fare for two side for an adult and 450 for kids But believe me the ripe way is very dangerous and is situated at a huge height Must visit if u r in Shimla Taxi operators are also there and they can take u to the temple with a fare of 500 only for both sides,Feb 2015,,,,2024-03-02T16:54:28Z
Jakhoo Hill,"Shimla,Himachal Pradesh",g304552,d6496329,4.5,https://www.tripadvisor.com/ShowUserReviews-g304552-d6496329-r822744841-Jakhoo_Hill-Shimla_Shimla_District_Himachal_Pradesh.html,https://dynamic-media-cdn.tripadvisor.com/media/photo-o/1a/f6/ea/74/default-avatar-2020-68.jpg?w=100&h=-1&s=1,4.0 of 5 bubbles,Jakhoo temple hill,110,"Jakhoo temple is situated in the jakhoo temple hill. The pathway to this starts from one end of mall road. There is also a roap way to reach the temple. The walk up to the hill is very steep, however enjoyable.",Jul 2019,,,,2024-03-02T16:54:28Z
Jakhoo Hill,"Shimla,Himachal Pradesh",g304552,d6496329,4.5,https://www.tripadvisor.com/ShowUserReviews-g304552-d6496329-r822661754-Jakhoo_Hill-Shimla_Shimla_District_Himachal_Pradesh.html,https://dynamic-media-cdn.tripadvisor.com/media/photo-o/1b/e8/a4/d1/viralarya.jpg?w=100&h=-1&s=1,5.0 of 5 bubbles,Worth a visit,634,The rope way to Jhaakhoo temple has a beautiful panoramic view of the city and hills. Peak has tall n handsome cedar trees and also a 360 degree view of Shimla and many other surrounding hills. The majestic statue of Lord Hanuman standing tall on peak is  revered. There are some eating options but best being ‘Under the tree’.,Nov 2017,,,,2024-03-02T16:54:28Z
Jakhoo Hill,"Shimla,Himachal Pradesh",g304552,d6496329,4.5,https://www.tripadvisor.com/ShowUserReviews-g304552-d6496329-r806019538-Jakhoo_Hill-Shimla_Shimla_District_Himachal_Pradesh.html,https://dynamic-media-cdn.tripadvisor.com/media/photo-o/19/52/9b/cf/manish-b.jpg?w=100&h=-1&s=1,4.0 of 5 bubbles,Jakhoo Temple and Kufri trip,1,"Jakhoo Temple is one of the must visit place in Shimla. Trekking is bit Tough for a person who donot have daily walking habbit like me. Best part is one can drive upto the Temple or choose Rope way however it is bit expensive around 500/- per person.  Once you reach there you will find peace and a pure Nature. Few Shops for refreshments like Tea and poori cholle. You can find budget stay nearby temple hill starting.  Best time if you start early morning and enjoy breathtaking forest view.Kufri being another place you can cover. Visit Kufri zoo, an Hour long and around 1 km long place tour. Nearby Lalit Cafe at walking distance is best place for meal and Shopping. Enjoy lovely Icecream scoops outside the Cafe. Don't forget to get clicked with Yak which you can fine on Road side near Kufri at Just 50/- Rs. Per person.If you have your personal vehicle than its great you can save time and Money, else hire a cab for full day.",Dec 2015,,,,2024-03-02T16:54:28Z
Jakhoo Hill,"Shimla,Himachal Pradesh",g304552,d6496329,4.5,https://www.tripadvisor.com/ShowUserReviews-g304552-d6496329-r798829748-Jakhoo_Hill-Shimla_Shimla_District_Himachal_Pradesh.html,https://dynamic-media-cdn.tripadvisor.com/media/photo-o/04/93/8e/11/andy-f.jpg?w=100&h=-1&s=1,4.0 of 5 bubbles,awesome place to visit in Shimla trip,1,"awesome place to visit in Shimla, it was a temple of Lord Hanumaan having a big Statue of Lord Hanuman. epic place",Nov 2015,,,,2024-03-02T16:54:28Z
Jakhoo Hill,"Shimla,Himachal Pradesh",g304552,d6496329,4.5,https://www.tripadvisor.com/ShowUserReviews-g304552-d6496329-r797094484-Jakhoo_Hill-Shimla_Shimla_District_Himachal_Pradesh.html,https://dynamic-media-cdn.tripadvisor.com/media/photo-o/16/25/fe/33/anilrthakur.jpg?w=100&h=-1&s=1,5.0 of 5 bubbles,Okay okay place,935,"People generally dont go there just for worshiping Hanuman but also to have rope way ride. Lots of monkeys around make you scared and its  a daring act reaching till the rope way pickup point. you may go down to Mall road by rope way and do shopping and come back on top, or vice-versa.",Sep 2023,,,,2024-03-02T16:54:28Z
Jakhoo Hill,"Shimla,Himachal Pradesh",g304552,d6496329,4.5,https://www.tripadvisor.com/ShowUserReviews-g304552-d6496329-r757398489-Jakhoo_Hill-Shimla_Shimla_District_Himachal_Pradesh.html,https://dynamic-media-cdn.tripadvisor.com/media/photo-o/1a/f6/f1/79/default-avatar-2020-21.jpg?w=100&h=-1&s=1,5.0 of 5 bubbles,Highest point of Shimla through Winch,942,The Jakhoo hill has a very serene Hanuman mandir on top.  The winch journey to this hill from near the Ridge area  (walk for quite some time to reach the starting point of the winch) is very steep and thrilling with good views of Shimla town and the hills around.,Dec 2021,,,,2024-03-02T16:54:28Z
Jakhoo Hill,"Shimla,Himachal Pradesh",g304552,d6496329,4.5,https://www.tripadvisor.com/ShowUserReviews-g304552-d6496329-r752209842-Jakhoo_Hill-Shimla_Shimla_District_Himachal_Pradesh.html,https://dynamic-media-cdn.tripadvisor.com/media/photo-o/11/e0/80/6b/jam4ika.jpg?w=100&h=-1&s=1,5.0 of 5 bubbles,Hanuman Temple on top,138,"The big statue of lord Hanuman atop Jakhu hill can be seen from the ridge.The ropeway to reach atop the hill also from Mall Road,but is expensive.Another way you can climb the stiff hill to reach the temple,which may not be possible for all.The best way to go is to hire a cab,pliantly available near Ridge and other places from Shimla.Taxi charge Rs.1500/--Ra.1800/- for to & fro journey. Prefer small taxi as the road to top of the temple is narrow & stiff.",Jun 2019,,,,2024-03-02T16:54:28Z
Jakhoo Hill,"Shimla,Himachal Pradesh",g304552,d6496329,4.5,https://www.tripadvisor.com/ShowUserReviews-g304552-d6496329-r752209842-Jakhoo_Hill-Shimla_Shimla_District_Himachal_Pradesh.html,https://dynamic-media-cdn.tripadvisor.com/media/photo-s/03/2f/8f/ec/debashis77-12.jpg?w=100&h=-1&s=1,5.0 of 5 bubbles,Should be in the Bucket list if you are in Shimla ,1,"The big statue of lord Hanuman atop Jakhu hill can be seen from the ridge.The ropeway to reach atop the hill also from Mall Road,but is expensive.Another way you can climb the stiff hill to reach the temple,which may not be possible for all.The best way to go is to hire a cab,pliantly available near Ridge and other places from Shimla.Taxi charge Rs.1500/--Ra.1800/- for to & fro journey. Prefer small taxi as the road to top of the temple is narrow & stiff.",May 2019,,,,2024-03-02T16:54:29Z
Jakhoo Hill,"Shimla,Himachal Pradesh",g304552,d6496329,4.5,https://www.tripadvisor.com/ShowUserReviews-g304552-d6496329-r496399880-Jakhoo_Hill-Shimla_Shimla_District_Himachal_Pradesh.html,https://dynamic-media-cdn.tripadvisor.com/media/photo-o/0f/b1/d7/b8/adarsh54.jpg?w=100&h=-1&s=1,5.0 of 5 bubbles,A temple as it should be - Calm and peaceful,15,"Jakhu is a must visit place in Shimla, not because of the old Hanuman Temple alone, but also due to its picturesque surroundins. It can be reached either by taxi or by rope-way from mall road. Enthusiasts can go by foot also that for a young person takes about 40 mts. We reached Jakhu peak by rope-way which is a short 5 mts enjoyable ride. However the price of ropeway tickets is quite steep (Rs 500 bothways) which is the reason why it remains deserted even in the peak season. If they keep a reasonable price, many tourists would like to take rope way ride and the Himachal Tourism would also make a profit. They must think on those lines.",Jun 2017,,,,2024-03-02T16:54:29Z
Jakhoo Hill,"Shimla,Himachal Pradesh",g304552,d6496329,4.5,https://www.tripadvisor.com/ShowUserReviews-g304552-d6496329-r261419584-Jakhoo_Hill-Shimla_Shimla_District_Himachal_Pradesh.html,https://dynamic-media-cdn.tripadvisor.com/media/photo-o/17/02/6d/da/l0wkey.jpg?w=100&h=-1&s=1,5.0 of 5 bubbles,Hanuman In Shimla Hills,2,"Being highest point of Shimla city, you get to see some really nice views from here and the 108 feet feet high statue of Lord Hanuman adds to the charm of the place. But most important aspect of the place is to be beware of the monkeys here !!! Never ever have any eatbles in you hands while visiting here. Also if possible do not wear any kind of eyewear whatsoever. The monkeys are not at all afraid of humans and will harass you upto the point of frustration in case they find anything attractive upon you. If possible have a stick with you but dont threaten them unnecesserely. all in all a fine place Jakhoo is but do take your precautions.",Feb 2015,,,,2024-03-02T16:54:29Z
Jakhoo Hill,"Shimla,Himachal Pradesh",g304552,d6496329,4.5,https://www.tripadvisor.com/ShowUserReviews-g304552-d6496329-r689957219-Jakhoo_Hill-Shimla_Shimla_District_Himachal_Pradesh.html,https://dynamic-media-cdn.tripadvisor.com/media/photo-o/1a/f6/ea/74/default-avatar-2020-68.jpg?w=100&h=-1&s=1,5.0 of 5 bubbles,Jakhoo temple hill,110,"The hill gives a Panoramic view of Shimla, beside having a hundred foot statue of Hanuman at the hill TOP, next to the temple. The hill TOP is also connected by a rope way, which gives an excellent view as you ride it.",Jul 2019,,,,2024-03-02T16:54:29Z
Jakhoo Hill,"Shimla,Himachal Pradesh",g304552,d6496329,4.5,https://www.tripadvisor.com/ShowUserReviews-g304552-d6496329-r549176479-Jakhoo_Hill-Shimla_Shimla_District_Himachal_Pradesh.html,https://dynamic-media-cdn.tripadvisor.com/media/photo-o/1b/e8/a4/d1/viralarya.jpg?w=100&h=-1&s=1,5.0 of 5 bubbles,Worth a visit,634,"Jakhoo Hill is perfect place in Shimla to watch Sunrise or Sunset. Here you can worship in Jakhoo Temple, here you can enjoy picturesque views, food is also available here. You can reach here by limited local transport or by 2km uphill tracking.",Nov 2017,,,,2024-03-02T16:54:29Z
Jakhoo Hill,"Shimla,Himachal Pradesh",g304552,d6496329,4.5,https://www.tripadvisor.com/ShowUserReviews-g304552-d6496329-r336893413-Jakhoo_Hill-Shimla_Shimla_District_Himachal_Pradesh.html,https://dynamic-media-cdn.tripadvisor.com/media/photo-o/19/52/9b/cf/manish-b.jpg?w=100&h=-1&s=1,5.0 of 5 bubbles,Jakhoo Temple and Kufri trip,1,Highest point of the city shimla. The hill is covered with pine trees and at the top its the flat surface having temple and 108 feet long statue of lord hanumaan. Must see place,Dec 2015,,,,2024-03-02T16:54:29Z
Jakhoo Hill,"Shimla,Himachal Pradesh",g304552,d6496329,4.5,https://www.tripadvisor.com/ShowUserReviews-g304552-d6496329-r330677128-Jakhoo_Hill-Shimla_Shimla_District_Himachal_Pradesh.html,https://dynamic-media-cdn.tripadvisor.com/media/photo-o/04/93/8e/11/andy-f.jpg?w=100&h=-1&s=1,5.0 of 5 bubbles,awesome place to visit in Shimla trip,1,"Health warnings - the trail/ road up to the summit is tight & tortuous, there are a lot of steps, and the macaque monkeys are a real pain! The hindu temple is small, but the most obviously impressive thing is the 100 foot high orange image of the monkey god. The temple is old but the statue is modern. Invest 50 rupees in a stick - you'll need it to keep the marauding monkeys at bay. They are a real pest, and quite fearless of humans.",Nov 2015,,,,2024-03-02T16:54:29Z
Jakhoo Hill,"Shimla,Himachal Pradesh",g304552,d6496329,4.5,https://www.tripadvisor.com/ShowUserReviews-g304552-d6496329-r915769693-Jakhoo_Hill-Shimla_Shimla_District_Himachal_Pradesh.html,https://dynamic-media-cdn.tripadvisor.com/media/photo-o/16/25/fe/33/anilrthakur.jpg?w=100&h=-1&s=1,3.0 of 5 bubbles,Okay okay place,935,"Visited here using Ropeway which was too costly in my opinion but it was worth spending. The hill top is just awesome. But be aware of Monkeys they will come to you like anything and Take Prashad from you , But if you don't have parashad they will take your stuff Mobile phone, Gogle specs and all.But in a nice and peaceful area you can easily spend the entire day here.Must Visit if you are here in Shimla",Sep 2023,,,,2024-03-02T16:54:29Z
Jakhoo Hill,"Shimla,Himachal Pradesh",g304552,d6496329,4.5,https://www.tripadvisor.com/ShowUserReviews-g304552-d6496329-r822744841-Jakhoo_Hill-Shimla_Shimla_District_Himachal_Pradesh.html,https://dynamic-media-cdn.tripadvisor.com/media/photo-o/1a/f6/f1/79/default-avatar-2020-21.jpg?w=100&h=-1&s=1,4.0 of 5 bubbles,Highest point of Shimla through Winch,942,"Jakhoo temple is situated in the jakhoo temple hill. The pathway to this starts from one end of mall road. There is also a roap way to reach the temple. The walk up to the hill is very steep, however enjoyable.",Dec 2021,,,,2024-03-02T16:54:29Z
Jakhoo Hill,"Shimla,Himachal Pradesh",g304552,d6496329,4.5,https://www.tripadvisor.com/ShowUserReviews-g304552-d6496329-r691412603-Jakhoo_Hill-Shimla_Shimla_District_Himachal_Pradesh.html,https://dynamic-media-cdn.tripadvisor.com/media/photo-o/11/e0/80/6b/jam4ika.jpg?w=100&h=-1&s=1,3.0 of 5 bubbles,Hanuman Temple on top,138,The only reason to visit this hill is to see Hanuman Mandir. The place is clean and beautiful. In the canteen is given veg prasadam.,Jun 2019,,,,2024-03-02T16:54:29Z
Jakhoo Hill,"Shimla,Himachal Pradesh",g304552,d6496329,4.5,https://www.tripadvisor.com/ShowUserReviews-g304552-d6496329-r915769693-Jakhoo_Hill-Shimla_Shimla_District_Himachal_Pradesh.html,https://dynamic-media-cdn.tripadvisor.com/media/photo-s/03/2f/8f/ec/debashis77-12.jpg?w=100&h=-1&s=1,5.0 of 5 bubbles,Should be in the Bucket list if you are in Shimla ,1,"The big statue of lord Hanuman atop Jakhu hill can be seen from the ridge.The ropeway to reach atop the hill also from Mall Road,but is expensive.Another way you can climb the stiff hill to reach the temple,which may not be possible for all.The best way to go is to hire a cab,pliantly available near Ridge and other places from Shimla.Taxi charge Rs.1500/--Ra.1800/- for to & fro journey. Prefer small taxi as the road to top of the temple is narrow & stiff.",May 2019,,,,2024-03-02T16:54:30Z
Jakhoo Hill,"Shimla,Himachal Pradesh",g304552,d6496329,4.5,https://www.tripadvisor.com/ShowUserReviews-g304552-d6496329-r871451351-Jakhoo_Hill-Shimla_Shimla_District_Himachal_Pradesh.html,https://dynamic-media-cdn.tripadvisor.com/media/photo-o/0f/b1/d7/b8/adarsh54.jpg?w=100&h=-1&s=1,5.0 of 5 bubbles,A temple as it should be - Calm and peaceful,15,"Jakhu is a must visit place in Shimla, not because of the old Hanuman Temple alone, but also due to its picturesque surroundins. It can be reached either by taxi or by rope-way from mall road. Enthusiasts can go by foot also that for a young person takes about 40 mts. We reached Jakhu peak by rope-way which is a short 5 mts enjoyable ride. However the price of ropeway tickets is quite steep (Rs 500 bothways) which is the reason why it remains deserted even in the peak season. If they keep a reasonable price, many tourists would like to take rope way ride and the Himachal Tourism would also make a profit. They must think on those lines.",Jun 2017,,,,2024-03-02T16:54:30Z
Jakhoo Hill,"Shimla,Himachal Pradesh",g304552,d6496329,4.5,https://www.tripadvisor.com/ShowUserReviews-g304552-d6496329-r841979256-Jakhoo_Hill-Shimla_Shimla_District_Himachal_Pradesh.html,https://dynamic-media-cdn.tripadvisor.com/media/photo-o/17/02/6d/da/l0wkey.jpg?w=100&h=-1&s=1,5.0 of 5 bubbles,Hanuman In Shimla Hills,2,"Being highest point of Shimla city, you get to see some really nice views from here and the 108 feet feet high statue of Lord Hanuman adds to the charm of the place. But most important aspect of the place is to be beware of the monkeys here !!! Never ever have any eatbles in you hands while visiting here. Also if possible do not wear any kind of eyewear whatsoever. The monkeys are not at all afraid of humans and will harass you upto the point of frustration in case they find anything attractive upon you. If possible have a stick with you but dont threaten them unnecesserely. all in all a fine place Jakhoo is but do take your precautions.",Feb 2015,,,,2024-03-02T16:54:30Z
Jakhoo Hill,"Shimla,Himachal Pradesh",g304552,d6496329,4.5,https://www.tripadvisor.com/ShowUserReviews-g304552-d6496329-r822744841-Jakhoo_Hill-Shimla_Shimla_District_Himachal_Pradesh.html,https://dynamic-media-cdn.tripadvisor.com/media/photo-o/1a/f6/ea/74/default-avatar-2020-68.jpg?w=100&h=-1&s=1,5.0 of 5 bubbles,Jakhoo temple hill,110,"The hill gives a Panoramic view of Shimla, beside having a hundred foot statue of Hanuman at the hill TOP, next to the temple. The hill TOP is also connected by a rope way, which gives an excellent view as you ride it.",Jul 2019,,,,2024-03-02T16:54:30Z
Jakhoo Hill,"Shimla,Himachal Pradesh",g304552,d6496329,4.5,https://www.tripadvisor.com/ShowUserReviews-g304552-d6496329-r822661754-Jakhoo_Hill-Shimla_Shimla_District_Himachal_Pradesh.html,https://dynamic-media-cdn.tripadvisor.com/media/photo-o/1b/e8/a4/d1/viralarya.jpg?w=100&h=-1&s=1,5.0 of 5 bubbles,Worth a visit,634,"Jakhoo Hill is perfect place in Shimla to watch Sunrise or Sunset. Here you can worship in Jakhoo Temple, here you can enjoy picturesque views, food is also available here. You can reach here by limited local transport or by 2km uphill tracking.",Nov 2017,,,,2024-03-02T16:54:30Z
Jakhoo Hill,"Shimla,Himachal Pradesh",g304552,d6496329,4.5,https://www.tripadvisor.com/ShowUserReviews-g304552-d6496329-r806019538-Jakhoo_Hill-Shimla_Shimla_District_Himachal_Pradesh.html,https://dynamic-media-cdn.tripadvisor.com/media/photo-o/19/52/9b/cf/manish-b.jpg?w=100&h=-1&s=1,5.0 of 5 bubbles,Jakhoo Temple and Kufri trip,1,Highest point of the city shimla. The hill is covered with pine trees and at the top its the flat surface having temple and 108 feet long statue of lord hanumaan. Must see place,Dec 2015,,,,2024-03-02T16:54:30Z
Jakhoo Hill,"Shimla,Himachal Pradesh",g304552,d6496329,4.5,https://www.tripadvisor.com/ShowUserReviews-g304552-d6496329-r798829748-Jakhoo_Hill-Shimla_Shimla_District_Himachal_Pradesh.html,https://dynamic-media-cdn.tripadvisor.com/media/photo-o/04/93/8e/11/andy-f.jpg?w=100&h=-1&s=1,5.0 of 5 bubbles,awesome place to visit in Shimla trip,1,"Health warnings - the trail/ road up to the summit is tight & tortuous, there are a lot of steps, and the macaque monkeys are a real pain! The hindu temple is small, but the most obviously impressive thing is the 100 foot high orange image of the monkey god. The temple is old but the statue is modern. Invest 50 rupees in a stick - you'll need it to keep the marauding monkeys at bay. They are a real pest, and quite fearless of humans.",Nov 2015,,,,2024-03-02T16:54:30Z
Jakhoo Hill,"Shimla,Himachal Pradesh",g304552,d6496329,4.5,https://www.tripadvisor.com/ShowUserReviews-g304552-d6496329-r797094484-Jakhoo_Hill-Shimla_Shimla_District_Himachal_Pradesh.html,https://dynamic-media-cdn.tripadvisor.com/media/photo-o/16/25/fe/33/anilrthakur.jpg?w=100&h=-1&s=1,3.0 of 5 bubbles,Okay okay place,935,"Visited here using Ropeway which was too costly in my opinion but it was worth spending. The hill top is just awesome. But be aware of Monkeys they will come to you like anything and Take Prashad from you , But if you don't have parashad they will take your stuff Mobile phone, Gogle specs and all.But in a nice and peaceful area you can easily spend the entire day here.Must Visit if you are here in Shimla",Sep 2023,,,,2024-03-02T16:54:30Z
Jakhoo Hill,"Shimla,Himachal Pradesh",g304552,d6496329,4.5,https://www.tripadvisor.com/ShowUserReviews-g304552-d6496329-r757398489-Jakhoo_Hill-Shimla_Shimla_District_Himachal_Pradesh.html,https://dynamic-media-cdn.tripadvisor.com/media/photo-o/1a/f6/f1/79/default-avatar-2020-21.jpg?w=100&h=-1&s=1,4.0 of 5 bubbles,Highest point of Shimla through Winch,942,"Jakhoo temple is situated in the jakhoo temple hill. The pathway to this starts from one end of mall road. There is also a roap way to reach the temple. The walk up to the hill is very steep, however enjoyable.",Dec 2021,,,,2024-03-02T16:54:30Z
Jakhoo Hill,"Shimla,Himachal Pradesh",g304552,d6496329,4.5,https://www.tripadvisor.com/ShowUserReviews-g304552-d6496329-r752209842-Jakhoo_Hill-Shimla_Shimla_District_Himachal_Pradesh.html,https://dynamic-media-cdn.tripadvisor.com/media/photo-o/11/e0/80/6b/jam4ika.jpg?w=100&h=-1&s=1,3.0 of 5 bubbles,Hanuman Temple on top,138,The only reason to visit this hill is to see Hanuman Mandir. The place is clean and beautiful. In the canteen is given veg prasadam.,Jun 2019,,,,2024-03-02T16:54:30Z
Jakhoo Hill,"Shimla,Himachal Pradesh",g304552,d6496329,4.5,https://www.tripadvisor.com/ShowUserReviews-g304552-d6496329-r915769693-Jakhoo_Hill-Shimla_Shimla_District_Himachal_Pradesh.html,https://dynamic-media-cdn.tripadvisor.com/media/photo-o/1a/f6/e8/91/default-avatar-2020-62.jpg?w=100&h=-1&s=1,5.0 of 5 bubbles,Hanuman Temple on top,1,"Visited here using Ropeway which was too costly in my opinion but it was worth spending. The hill top is just awesome. But be aware of Monkeys they will come to you like anything and Take Prashad from you , But if you don't have parashad they will take your stuff Mobile phone, Gogle specs and all.But in a nice and peaceful area you can easily spend the entire day here.Must Visit if you are here in Shimla",May 2019,,,,2024-03-02T16:54:31Z
Jakhoo Hill,"Shimla,Himachal Pradesh",g304552,d6496329,4.5,https://www.tripadvisor.com/ShowUserReviews-g304552-d6496329-r871451351-Jakhoo_Hill-Shimla_Shimla_District_Himachal_Pradesh.html,https://dynamic-media-cdn.tripadvisor.com/media/photo-o/0d/a0/21/a4/govind-p.jpg?w=100&h=-1&s=1,5.0 of 5 bubbles,"Nice surroundings, Huge statue of Lord Hanuman",15,"It was mesmerising to see 108ft Hanuman idol. The road to the temple is very well built, neat and clean surroundings, a beautiful view of the snow clad mountains from the temple, all these things makes the temple a very beautiful place. A must visit place if you ever go Shimla.",Jun 2017,,,,2024-03-02T16:54:31Z
Jakhoo Hill,"Shimla,Himachal Pradesh",g304552,d6496329,4.5,https://www.tripadvisor.com/ShowUserReviews-g304552-d6496329-r841979256-Jakhoo_Hill-Shimla_Shimla_District_Himachal_Pradesh.html,https://dynamic-media-cdn.tripadvisor.com/media/photo-o/1a/f6/ee/db/default-avatar-2020-10.jpg?w=100&h=-1&s=1,5.0 of 5 bubbles,Nice place but....,2,One of the mesmerising place to visit Jakhoo Temple of Lord Hanuman in Shimla The statue of Lord Hanuman is so big that u can see it in yeh mountains from the ground level of Mall Road There is ropeway with 550 fare for two side for an adult and 450 for kids But believe me the ripe way is very dangerous and is situated at a huge height Must visit if u r in Shimla Taxi operators are also there and they can take u to the temple with a fare of 500 only for both sides,Feb 2015,,,,2024-03-02T16:54:31Z
Jakhoo Hill,"Shimla,Himachal Pradesh",g304552,d6496329,4.5,https://www.tripadvisor.com/ShowUserReviews-g304552-d6496329-r822744841-Jakhoo_Hill-Shimla_Shimla_District_Himachal_Pradesh.html,https://dynamic-media-cdn.tripadvisor.com/media/photo-s/03/2f/8f/ec/debashis77-12.jpg?w=100&h=-1&s=1,5.0 of 5 bubbles,An attraction in Shimla,110,"Jakhoo temple is situated in the jakhoo temple hill. The pathway to this starts from one end of mall road. There is also a roap way to reach the temple. The walk up to the hill is very steep, however enjoyable.",Jul 2019,,,,2024-03-02T16:54:31Z
Jakhoo Hill,"Shimla,Himachal Pradesh",g304552,d6496329,4.5,https://www.tripadvisor.com/ShowUserReviews-g304552-d6496329-r822661754-Jakhoo_Hill-Shimla_Shimla_District_Himachal_Pradesh.html,https://dynamic-media-cdn.tripadvisor.com/media/photo-o/0f/b1/d7/b8/adarsh54.jpg?w=100&h=-1&s=1,5.0 of 5 bubbles,Perfect place to watch Sunrise and Sunset,634,The rope way to Jhaakhoo temple has a beautiful panoramic view of the city and hills. Peak has tall n handsome cedar trees and also a 360 degree view of Shimla and many other surrounding hills. The majestic statue of Lord Hanuman standing tall on peak is  revered. There are some eating options but best being ‘Under the tree’.,Nov 2017,,,,2024-03-02T16:54:31Z
Jakhoo Hill,"Shimla,Himachal Pradesh",g304552,d6496329,4.5,https://www.tripadvisor.com/ShowUserReviews-g304552-d6496329-r806019538-Jakhoo_Hill-Shimla_Shimla_District_Himachal_Pradesh.html,https://dynamic-media-cdn.tripadvisor.com/media/photo-o/17/02/6d/da/l0wkey.jpg?w=100&h=-1&s=1,5.0 of 5 bubbles,Highest Peak.,1,"Jakhoo Temple is one of the must visit place in Shimla. Trekking is bit Tough for a person who donot have daily walking habbit like me. Best part is one can drive upto the Temple or choose Rope way however it is bit expensive around 500/- per person.  Once you reach there you will find peace and a pure Nature. Few Shops for refreshments like Tea and poori cholle. You can find budget stay nearby temple hill starting.  Best time if you start early morning and enjoy breathtaking forest view.Kufri being another place you can cover. Visit Kufri zoo, an Hour long and around 1 km long place tour. Nearby Lalit Cafe at walking distance is best place for meal and Shopping. Enjoy lovely Icecream scoops outside the Cafe. Don't forget to get clicked with Yak which you can fine on Road side near Kufri at Just 50/- Rs. Per person.If you have your personal vehicle than its great you can save time and Money, else hire a cab for full day.",Dec 2015,,,,2024-03-02T16:54:31Z
Jakhoo Hill,"Shimla,Himachal Pradesh",g304552,d6496329,4.5,https://www.tripadvisor.com/ShowUserReviews-g304552-d6496329-r798829748-Jakhoo_Hill-Shimla_Shimla_District_Himachal_Pradesh.html,https://dynamic-media-cdn.tripadvisor.com/media/photo-o/1a/f6/ea/74/default-avatar-2020-68.jpg?w=100&h=-1&s=1,5.0 of 5 bubbles,Monkey Business!,1,"awesome place to visit in Shimla, it was a temple of Lord Hanumaan having a big Statue of Lord Hanuman. epic place",Nov 2015,,,,2024-03-02T16:54:31Z
Jakhoo Hill,"Shimla,Himachal Pradesh",g304552,d6496329,4.5,https://www.tripadvisor.com/ShowUserReviews-g304552-d6496329-r797094484-Jakhoo_Hill-Shimla_Shimla_District_Himachal_Pradesh.html,https://dynamic-media-cdn.tripadvisor.com/media/photo-o/1b/e8/a4/d1/viralarya.jpg?w=100&h=-1&s=1,3.0 of 5 bubbles,Should be in the Bucket list if you are in Shimla ,935,"People generally dont go there just for worshiping Hanuman but also to have rope way ride. Lots of monkeys around make you scared and its  a daring act reaching till the rope way pickup point. you may go down to Mall road by rope way and do shopping and come back on top, or vice-versa.",Sep 2023,,,,2024-03-02T16:54:31Z
Jakhoo Hill,"Shimla,Himachal Pradesh",g304552,d6496329,4.5,https://www.tripadvisor.com/ShowUserReviews-g304552-d6496329-r757398489-Jakhoo_Hill-Shimla_Shimla_District_Himachal_Pradesh.html,https://dynamic-media-cdn.tripadvisor.com/media/photo-o/19/52/9b/cf/manish-b.jpg?w=100&h=-1&s=1,4.0 of 5 bubbles,Jakhoo temple hill,942,The Jakhoo hill has a very serene Hanuman mandir on top.  The winch journey to this hill from near the Ridge area  (walk for quite some time to reach the starting point of the winch) is very steep and thrilling with good views of Shimla town and the hills around.,Dec 2021,,,,2024-03-02T16:54:31Z
Jakhoo Hill,"Shimla,Himachal Pradesh",g304552,d6496329,4.5,https://www.tripadvisor.com/ShowUserReviews-g304552-d6496329-r752209842-Jakhoo_Hill-Shimla_Shimla_District_Himachal_Pradesh.html,https://dynamic-media-cdn.tripadvisor.com/media/photo-o/04/93/8e/11/andy-f.jpg?w=100&h=-1&s=1,3.0 of 5 bubbles,serene nature in the clouds,138,"The big statue of lord Hanuman atop Jakhu hill can be seen from the ridge.The ropeway to reach atop the hill also from Mall Road,but is expensive.Another way you can climb the stiff hill to reach the temple,which may not be possible for all.The best way to go is to hire a cab,pliantly available near Ridge and other places from Shimla.Taxi charge Rs.1500/--Ra.1800/- for to & fro journey. Prefer small taxi as the road to top of the temple is narrow & stiff.",Jun 2019,,,,2024-03-02T16:54:31Z
Jakhoo Hill,"Shimla,Himachal Pradesh",g304552,d6496329,4.5,https://www.tripadvisor.com/ShowUserReviews-g304552-d6496329-r915769693-Jakhoo_Hill-Shimla_Shimla_District_Himachal_Pradesh.html,https://dynamic-media-cdn.tripadvisor.com/media/photo-s/03/2f/8f/ec/debashis77-12.jpg?w=100&h=-1&s=1,3.0 of 5 bubbles,Should be in the Bucket list if you are in Shimla ,1,"The big statue of lord Hanuman atop Jakhu hill can be seen from the ridge.The ropeway to reach atop the hill also from Mall Road,but is expensive.Another way you can climb the stiff hill to reach the temple,which may not be possible for all.The best way to go is to hire a cab,pliantly available near Ridge and other places from Shimla.Taxi charge Rs.1500/--Ra.1800/- for to & fro journey. Prefer small taxi as the road to top of the temple is narrow & stiff.",May 2019,,,,2024-03-02T16:54:33Z
Jakhoo Hill,"Shimla,Himachal Pradesh",g304552,d6496329,4.5,https://www.tripadvisor.com/ShowUserReviews-g304552-d6496329-r871451351-Jakhoo_Hill-Shimla_Shimla_District_Himachal_Pradesh.html,https://dynamic-media-cdn.tripadvisor.com/media/photo-o/0f/b1/d7/b8/adarsh54.jpg?w=100&h=-1&s=1,5.0 of 5 bubbles,A temple as it should be - Calm and peaceful,15,"Jakhu is a must visit place in Shimla, not because of the old Hanuman Temple alone, but also due to its picturesque surroundins. It can be reached either by taxi or by rope-way from mall road. Enthusiasts can go by foot also that for a young person takes about 40 mts. We reached Jakhu peak by rope-way which is a short 5 mts enjoyable ride. However the price of ropeway tickets is quite steep (Rs 500 bothways) which is the reason why it remains deserted even in the peak season. If they keep a reasonable price, many tourists would like to take rope way ride and the Himachal Tourism would also make a profit. They must think on those lines.",Jun 2017,,,,2024-03-02T16:54:33Z
Jakhoo Hill,"Shimla,Himachal Pradesh",g304552,d6496329,4.5,https://www.tripadvisor.com/ShowUserReviews-g304552-d6496329-r841979256-Jakhoo_Hill-Shimla_Shimla_District_Himachal_Pradesh.html,https://dynamic-media-cdn.tripadvisor.com/media/photo-o/17/02/6d/da/l0wkey.jpg?w=100&h=-1&s=1,3.0 of 5 bubbles,Hanuman In Shimla Hills,2,"Being highest point of Shimla city, you get to see some really nice views from here and the 108 feet feet high statue of Lord Hanuman adds to the charm of the place. But most important aspect of the place is to be beware of the monkeys here !!! Never ever have any eatbles in you hands while visiting here. Also if possible do not wear any kind of eyewear whatsoever. The monkeys are not at all afraid of humans and will harass you upto the point of frustration in case they find anything attractive upon you. If possible have a stick with you but dont threaten them unnecesserely. all in all a fine place Jakhoo is but do take your precautions.",Feb 2015,,,,2024-03-02T16:54:33Z
Jakhoo Hill,"Shimla,Himachal Pradesh",g304552,d6496329,4.5,https://www.tripadvisor.com/ShowUserReviews-g304552-d6496329-r822744841-Jakhoo_Hill-Shimla_Shimla_District_Himachal_Pradesh.html,https://dynamic-media-cdn.tripadvisor.com/media/photo-o/1a/f6/ea/74/default-avatar-2020-68.jpg?w=100&h=-1&s=1,4.0 of 5 bubbles,Jakhoo temple hill,110,"The hill gives a Panoramic view of Shimla, beside having a hundred foot statue of Hanuman at the hill TOP, next to the temple. The hill TOP is also connected by a rope way, which gives an excellent view as you ride it.",Jul 2019,,,,2024-03-02T16:54:33Z
Jakhoo Hill,"Shimla,Himachal Pradesh",g304552,d6496329,4.5,https://www.tripadvisor.com/ShowUserReviews-g304552-d6496329-r822661754-Jakhoo_Hill-Shimla_Shimla_District_Himachal_Pradesh.html,https://dynamic-media-cdn.tripadvisor.com/media/photo-o/1b/e8/a4/d1/viralarya.jpg?w=100&h=-1&s=1,5.0 of 5 bubbles,Worth a visit,634,"Jakhoo Hill is perfect place in Shimla to watch Sunrise or Sunset. Here you can worship in Jakhoo Temple, here you can enjoy picturesque views, food is also available here. You can reach here by limited local transport or by 2km uphill tracking.",Nov 2017,,,,2024-03-02T16:54:33Z
Jakhoo Hill,"Shimla,Himachal Pradesh",g304552,d6496329,4.5,https://www.tripadvisor.com/ShowUserReviews-g304552-d6496329-r806019538-Jakhoo_Hill-Shimla_Shimla_District_Himachal_Pradesh.html,https://dynamic-media-cdn.tripadvisor.com/media/photo-o/19/52/9b/cf/manish-b.jpg?w=100&h=-1&s=1,4.0 of 5 bubbles,Jakhoo Temple and Kufri trip,1,Highest point of the city shimla. The hill is covered with pine trees and at the top its the flat surface having temple and 108 feet long statue of lord hanumaan. Must see place,Dec 2015,,,,2024-03-02T16:54:33Z
Jakhoo Hill,"Shimla,Himachal Pradesh",g304552,d6496329,4.5,https://www.tripadvisor.com/ShowUserReviews-g304552-d6496329-r798829748-Jakhoo_Hill-Shimla_Shimla_District_Himachal_Pradesh.html,https://dynamic-media-cdn.tripadvisor.com/media/photo-o/04/93/8e/11/andy-f.jpg?w=100&h=-1&s=1,4.0 of 5 bubbles,awesome place to visit in Shimla trip,1,"Health warnings - the trail/ road up to the summit is tight & tortuous, there are a lot of steps, and the macaque monkeys are a real pain! The hindu temple is small, but the most obviously impressive thing is the 100 foot high orange image of the monkey god. The temple is old but the statue is modern. Invest 50 rupees in a stick - you'll need it to keep the marauding monkeys at bay. They are a real pest, and quite fearless of humans.",Nov 2015,,,,2024-03-02T16:54:33Z
Jakhoo Hill,"Shimla,Himachal Pradesh",g304552,d6496329,4.5,https://www.tripadvisor.com/ShowUserReviews-g304552-d6496329-r797094484-Jakhoo_Hill-Shimla_Shimla_District_Himachal_Pradesh.html,https://dynamic-media-cdn.tripadvisor.com/media/photo-o/16/25/fe/33/anilrthakur.jpg?w=100&h=-1&s=1,5.0 of 5 bubbles,Okay okay place,935,"Visited here using Ropeway which was too costly in my opinion but it was worth spending. The hill top is just awesome. But be aware of Monkeys they will come to you like anything and Take Prashad from you , But if you don't have parashad they will take your stuff Mobile phone, Gogle specs and all.But in a nice and peaceful area you can easily spend the entire day here.Must Visit if you are here in Shimla",Sep 2023,,,,2024-03-02T16:54:33Z
Jakhoo Hill,"Shimla,Himachal Pradesh",g304552,d6496329,4.5,https://www.tripadvisor.com/ShowUserReviews-g304552-d6496329-r757398489-Jakhoo_Hill-Shimla_Shimla_District_Himachal_Pradesh.html,https://dynamic-media-cdn.tripadvisor.com/media/photo-o/1a/f6/f1/79/default-avatar-2020-21.jpg?w=100&h=-1&s=1,5.0 of 5 bubbles,Highest point of Shimla through Winch,942,"Jakhoo temple is situated in the jakhoo temple hill. The pathway to this starts from one end of mall road. There is also a roap way to reach the temple. The walk up to the hill is very steep, however enjoyable.",Dec 2021,,,,2024-03-02T16:54:33Z
Jakhoo Hill,"Shimla,Himachal Pradesh",g304552,d6496329,4.5,https://www.tripadvisor.com/ShowUserReviews-g304552-d6496329-r752209842-Jakhoo_Hill-Shimla_Shimla_District_Himachal_Pradesh.html,https://dynamic-media-cdn.tripadvisor.com/media/photo-o/11/e0/80/6b/jam4ika.jpg?w=100&h=-1&s=1,5.0 of 5 bubbles,Hanuman Temple on top,138,The only reason to visit this hill is to see Hanuman Mandir. The place is clean and beautiful. In the canteen is given veg prasadam.,Jun 2019,,,,2024-03-02T16:54:33Z
Jakhoo Hill,"Shimla,Himachal Pradesh",g304552,d6496329,4.5,https://www.tripadvisor.com/ShowUserReviews-g304552-d6496329-r915769693-Jakhoo_Hill-Shimla_Shimla_District_Himachal_Pradesh.html,https://dynamic-media-cdn.tripadvisor.com/media/photo-o/1a/f6/e8/91/default-avatar-2020-62.jpg?w=100&h=-1&s=1,3.0 of 5 bubbles,Hanuman Temple on top,935,"Saying is that lord hanuman stopped over on this hill while he is on his way to Himalayas searching for sanjeevini. History apart the temple is  beautifully located on hill top approx. 6 km from mall road if you choose to trek. In case trekking is not your cup of tea you can opt for rope way or cabs that drop you to and fro. No entrance ticket though for the temple. One caution "" monkeys keep roaming around and they snatch goggles in particular , trust me I didnt believe it either but i saw in real. So do not wear spectacles when you visit this temple"".Ropeway costs 250 per head while car rental is 500 for pick and drop. It might get cold during dec to feb so wear enough clothing. You bet little options of food on top so you can plan it back down to mall road.Reach mall road - take rope way or take cab",Sep 2023,,,,2024-03-02T16:54:34Z
Jakhoo Hill,"Shimla,Himachal Pradesh",g304552,d6496329,4.5,https://www.tripadvisor.com/ShowUserReviews-g304552-d6496329-r871451351-Jakhoo_Hill-Shimla_Shimla_District_Himachal_Pradesh.html,https://dynamic-media-cdn.tripadvisor.com/media/photo-o/0d/a0/21/a4/govind-p.jpg?w=100&h=-1&s=1,5.0 of 5 bubbles,"Nice surroundings, Huge statue of Lord Hanuman",5,"Jakhoo Temple is one of the must visit place in Shimla. Trekking is bit Tough for a person who donot have daily walking habbit like me. Best part is one can drive upto the Temple or choose Rope way however it is bit expensive around 500/- per person.  Once you reach there you will find peace and a pure Nature. Few Shops for refreshments like Tea and poori cholle. You can find budget stay nearby temple hill starting.  Best time if you start early morning and enjoy breathtaking forest view.Kufri being another place you can cover. Visit Kufri zoo, an Hour long and around 1 km long place tour. Nearby Lalit Cafe at walking distance is best place for meal and Shopping. Enjoy lovely Icecream scoops outside the Cafe. Don't forget to get clicked with Yak which you can fine on Road side near Kufri at Just 50/- Rs. Per person.If you have your personal vehicle than its great you can save time and Money, else hire a cab for full day.",Oct 2022,,,,2024-03-02T16:54:34Z
Jakhoo Hill,"Shimla,Himachal Pradesh",g304552,d6496329,4.5,https://www.tripadvisor.com/ShowUserReviews-g304552-d6496329-r841979256-Jakhoo_Hill-Shimla_Shimla_District_Himachal_Pradesh.html,https://dynamic-media-cdn.tripadvisor.com/media/photo-o/1a/f6/ee/db/default-avatar-2020-10.jpg?w=100&h=-1&s=1,3.0 of 5 bubbles,Nice place but....,49,The rope way to Jhaakhoo temple has a beautiful panoramic view of the city and hills. Peak has tall n handsome cedar trees and also a 360 degree view of Shimla and many other surrounding hills. The majestic statue of Lord Hanuman standing tall on peak is  revered. There are some eating options but best being ‘Under the tree’.,Jun 2022,,,,2024-03-02T16:54:34Z
Jakhoo Hill,"Shimla,Himachal Pradesh",g304552,d6496329,4.5,https://www.tripadvisor.com/ShowUserReviews-g304552-d6496329-r822744841-Jakhoo_Hill-Shimla_Shimla_District_Himachal_Pradesh.html,https://dynamic-media-cdn.tripadvisor.com/media/photo-s/03/2f/8f/ec/debashis77-12.jpg?w=100&h=-1&s=1,4.0 of 5 bubbles,An attraction in Shimla,942,"The big statue of lord Hanuman atop Jakhu hill can be seen from the ridge.The ropeway to reach atop the hill also from Mall Road,but is expensive.Another way you can climb the stiff hill to reach the temple,which may not be possible for all.The best way to go is to hire a cab,pliantly available near Ridge and other places from Shimla.Taxi charge Rs.1500/--Ra.1800/- for to & fro journey. Prefer small taxi as the road to top of the temple is narrow & stiff.",Dec 2021,,,,2024-03-02T16:54:34Z
Jakhoo Hill,"Shimla,Himachal Pradesh",g304552,d6496329,4.5,https://www.tripadvisor.com/ShowUserReviews-g304552-d6496329-r822661754-Jakhoo_Hill-Shimla_Shimla_District_Himachal_Pradesh.html,https://dynamic-media-cdn.tripadvisor.com/media/photo-o/0f/b1/d7/b8/adarsh54.jpg?w=100&h=-1&s=1,5.0 of 5 bubbles,Perfect place to watch Sunrise and Sunset,12,"Jakhu is a must visit place in Shimla, not because of the old Hanuman Temple alone, but also due to its picturesque surroundins. It can be reached either by taxi or by rope-way from mall road. Enthusiasts can go by foot also that for a young person takes about 40 mts. We reached Jakhu peak by rope-way which is a short 5 mts enjoyable ride. However the price of ropeway tickets is quite steep (Rs 500 bothways) which is the reason why it remains deserted even in the peak season. If they keep a reasonable price, many tourists would like to take rope way ride and the Himachal Tourism would also make a profit. They must think on those lines.",Dec 2021,,,,2024-03-02T16:54:34Z
Jakhoo Hill,"Shimla,Himachal Pradesh",g304552,d6496329,4.5,https://www.tripadvisor.com/ShowUserReviews-g304552-d6496329-r806019538-Jakhoo_Hill-Shimla_Shimla_District_Himachal_Pradesh.html,https://dynamic-media-cdn.tripadvisor.com/media/photo-o/17/02/6d/da/l0wkey.jpg?w=100&h=-1&s=1,4.0 of 5 bubbles,Highest Peak.,4,"Being highest point of Shimla city, you get to see some really nice views from here and the 108 feet feet high statue of Lord Hanuman adds to the charm of the place. But most important aspect of the place is to be beware of the monkeys here !!! Never ever have any eatbles in you hands while visiting here. Also if possible do not wear any kind of eyewear whatsoever. The monkeys are not at all afraid of humans and will harass you upto the point of frustration in case they find anything attractive upon you. If possible have a stick with you but dont threaten them unnecesserely. all in all a fine place Jakhoo is but do take your precautions.",Jul 2021,,,,2024-03-02T16:54:34Z
Jakhoo Hill,"Shimla,Himachal Pradesh",g304552,d6496329,4.5,https://www.tripadvisor.com/ShowUserReviews-g304552-d6496329-r798829748-Jakhoo_Hill-Shimla_Shimla_District_Himachal_Pradesh.html,https://dynamic-media-cdn.tripadvisor.com/media/photo-o/1a/f6/ea/74/default-avatar-2020-68.jpg?w=100&h=-1&s=1,4.0 of 5 bubbles,Monkey Business!,1,"The hill gives a Panoramic view of Shimla, beside having a hundred foot statue of Hanuman at the hill TOP, next to the temple. The hill TOP is also connected by a rope way, which gives an excellent view as you ride it.",Jan 2021,,,,2024-03-02T16:54:34Z
Jakhoo Hill,"Shimla,Himachal Pradesh",g304552,d6496329,4.5,https://www.tripadvisor.com/ShowUserReviews-g304552-d6496329-r797094484-Jakhoo_Hill-Shimla_Shimla_District_Himachal_Pradesh.html,https://dynamic-media-cdn.tripadvisor.com/media/photo-o/1b/e8/a4/d1/viralarya.jpg?w=100&h=-1&s=1,5.0 of 5 bubbles,Should be in the Bucket list if you are in Shimla ,15,"Jakhoo Hill is perfect place in Shimla to watch Sunrise or Sunset. Here you can worship in Jakhoo Temple, here you can enjoy picturesque views, food is also available here. You can reach here by limited local transport or by 2km uphill tracking.",Jul 2021,,,,2024-03-02T16:54:34Z
Jakhoo Hill,"Shimla,Himachal Pradesh",g304552,d6496329,4.5,https://www.tripadvisor.com/ShowUserReviews-g304552-d6496329-r757398489-Jakhoo_Hill-Shimla_Shimla_District_Himachal_Pradesh.html,https://dynamic-media-cdn.tripadvisor.com/media/photo-o/19/52/9b/cf/manish-b.jpg?w=100&h=-1&s=1,5.0 of 5 bubbles,Jakhoo temple hill,54,Highest point of the city shimla. The hill is covered with pine trees and at the top its the flat surface having temple and 108 feet long statue of lord hanumaan. Must see place,Jul 2019,,,,2024-03-02T16:54:34Z
Jakhoo Hill,"Shimla,Himachal Pradesh",g304552,d6496329,4.5,https://www.tripadvisor.com/ShowUserReviews-g304552-d6496329-r752209842-Jakhoo_Hill-Shimla_Shimla_District_Himachal_Pradesh.html,https://dynamic-media-cdn.tripadvisor.com/media/photo-o/04/93/8e/11/andy-f.jpg?w=100&h=-1&s=1,5.0 of 5 bubbles,serene nature in the clouds,1,"Health warnings - the trail/ road up to the summit is tight & tortuous, there are a lot of steps, and the macaque monkeys are a real pain! The hindu temple is small, but the most obviously impressive thing is the 100 foot high orange image of the monkey god. The temple is old but the statue is modern. Invest 50 rupees in a stick - you'll need it to keep the marauding monkeys at bay. They are a real pest, and quite fearless of humans.",May 2019,,,,2024-03-02T16:54:34Z
Jakhoo Hill,"Shimla,Himachal Pradesh",g304552,d6496329,4.5,https://www.tripadvisor.com/ShowUserReviews-g304552-d6496329-r915769693-Jakhoo_Hill-Shimla_Shimla_District_Himachal_Pradesh.html,https://dynamic-media-cdn.tripadvisor.com/media/photo-o/16/25/fe/33/anilrthakur.jpg?w=100&h=-1&s=1,3.0 of 5 bubbles,Should be in the Bucket list if you are in Shimla ,935,"The big statue of lord Hanuman atop Jakhu hill can be seen from the ridge.The ropeway to reach atop the hill also from Mall Road,but is expensive.Another way you can climb the stiff hill to reach the temple,which may not be possible for all.The best way to go is to hire a cab,pliantly available near Ridge and other places from Shimla.Taxi charge Rs.1500/--Ra.1800/- for to & fro journey. Prefer small taxi as the road to top of the temple is narrow & stiff.",May 2019,,,,2024-03-02T16:54:35Z
Jakhoo Hill,"Shimla,Himachal Pradesh",g304552,d6496329,4.5,https://www.tripadvisor.com/ShowUserReviews-g304552-d6496329-r871451351-Jakhoo_Hill-Shimla_Shimla_District_Himachal_Pradesh.html,https://dynamic-media-cdn.tripadvisor.com/media/photo-o/1a/f6/e9/ef/default-avatar-2020-66.jpg?w=100&h=-1&s=1,5.0 of 5 bubbles,A temple as it should be - Calm and peaceful,5,"Jakhu is a must visit place in Shimla, not because of the old Hanuman Temple alone, but also due to its picturesque surroundins. It can be reached either by taxi or by rope-way from mall road. Enthusiasts can go by foot also that for a young person takes about 40 mts. We reached Jakhu peak by rope-way which is a short 5 mts enjoyable ride. However the price of ropeway tickets is quite steep (Rs 500 bothways) which is the reason why it remains deserted even in the peak season. If they keep a reasonable price, many tourists would like to take rope way ride and the Himachal Tourism would also make a profit. They must think on those lines.",Jun 2017,,,,2024-03-02T16:54:35Z
Jakhoo Hill,"Shimla,Himachal Pradesh",g304552,d6496329,4.5,https://www.tripadvisor.com/ShowUserReviews-g304552-d6496329-r841979256-Jakhoo_Hill-Shimla_Shimla_District_Himachal_Pradesh.html,https://dynamic-media-cdn.tripadvisor.com/media/photo-o/1c/22/fd/1c/caption.jpg?w=100&h=-1&s=1,3.0 of 5 bubbles,Hanuman In Shimla Hills,49,"Being highest point of Shimla city, you get to see some really nice views from here and the 108 feet feet high statue of Lord Hanuman adds to the charm of the place. But most important aspect of the place is to be beware of the monkeys here !!! Never ever have any eatbles in you hands while visiting here. Also if possible do not wear any kind of eyewear whatsoever. The monkeys are not at all afraid of humans and will harass you upto the point of frustration in case they find anything attractive upon you. If possible have a stick with you but dont threaten them unnecesserely. all in all a fine place Jakhoo is but do take your precautions.",Feb 2015,,,,2024-03-02T16:54:35Z
Jakhoo Hill,"Shimla,Himachal Pradesh",g304552,d6496329,4.5,https://www.tripadvisor.com/ShowUserReviews-g304552-d6496329-r822744841-Jakhoo_Hill-Shimla_Shimla_District_Himachal_Pradesh.html,https://dynamic-media-cdn.tripadvisor.com/media/photo-o/1a/f6/f1/79/default-avatar-2020-21.jpg?w=100&h=-1&s=1,4.0 of 5 bubbles,Jakhoo temple hill,942,"The hill gives a Panoramic view of Shimla, beside having a hundred foot statue of Hanuman at the hill TOP, next to the temple. The hill TOP is also connected by a rope way, which gives an excellent view as you ride it.",Jul 2019,,,,2024-03-02T16:54:35Z
Jakhoo Hill,"Shimla,Himachal Pradesh",g304552,d6496329,4.5,https://www.tripadvisor.com/ShowUserReviews-g304552-d6496329-r822661754-Jakhoo_Hill-Shimla_Shimla_District_Himachal_Pradesh.html,https://dynamic-media-cdn.tripadvisor.com/media/photo-o/1a/f6/ee/db/default-avatar-2020-10.jpg?w=100&h=-1&s=1,5.0 of 5 bubbles,Worth a visit,12,"Jakhoo Hill is perfect place in Shimla to watch Sunrise or Sunset. Here you can worship in Jakhoo Temple, here you can enjoy picturesque views, food is also available here. You can reach here by limited local transport or by 2km uphill tracking.",Nov 2017,,,,2024-03-02T16:54:35Z
Jakhoo Hill,"Shimla,Himachal Pradesh",g304552,d6496329,4.5,https://www.tripadvisor.com/ShowUserReviews-g304552-d6496329-r806019538-Jakhoo_Hill-Shimla_Shimla_District_Himachal_Pradesh.html,https://dynamic-media-cdn.tripadvisor.com/media/photo-o/0d/a0/21/a4/govind-p.jpg?w=100&h=-1&s=1,4.0 of 5 bubbles,Jakhoo Temple and Kufri trip,4,Highest point of the city shimla. The hill is covered with pine trees and at the top its the flat surface having temple and 108 feet long statue of lord hanumaan. Must see place,Dec 2015,,,,2024-03-02T16:54:35Z
Jakhoo Hill,"Shimla,Himachal Pradesh",g304552,d6496329,4.5,https://www.tripadvisor.com/ShowUserReviews-g304552-d6496329-r798829748-Jakhoo_Hill-Shimla_Shimla_District_Himachal_Pradesh.html,https://dynamic-media-cdn.tripadvisor.com/media/photo-o/1a/f6/e3/6a/default-avatar-2020-47.jpg?w=100&h=-1&s=1,4.0 of 5 bubbles,awesome place to visit in Shimla trip,1,"Health warnings - the trail/ road up to the summit is tight & tortuous, there are a lot of steps, and the macaque monkeys are a real pain! The hindu temple is small, but the most obviously impressive thing is the 100 foot high orange image of the monkey god. The temple is old but the statue is modern. Invest 50 rupees in a stick - you'll need it to keep the marauding monkeys at bay. They are a real pest, and quite fearless of humans.",Nov 2015,,,,2024-03-02T16:54:35Z
Jakhoo Hill,"Shimla,Himachal Pradesh",g304552,d6496329,4.5,https://www.tripadvisor.com/ShowUserReviews-g304552-d6496329-r797094484-Jakhoo_Hill-Shimla_Shimla_District_Himachal_Pradesh.html,https://dynamic-media-cdn.tripadvisor.com/media/photo-o/1a/f6/e4/2d/default-avatar-2020-48.jpg?w=100&h=-1&s=1,5.0 of 5 bubbles,Okay okay place,15,"Visited here using Ropeway which was too costly in my opinion but it was worth spending. The hill top is just awesome. But be aware of Monkeys they will come to you like anything and Take Prashad from you , But if you don't have parashad they will take your stuff Mobile phone, Gogle specs and all.But in a nice and peaceful area you can easily spend the entire day here.Must Visit if you are here in Shimla",Sep 2023,,,,2024-03-02T16:54:35Z
Jakhoo Hill,"Shimla,Himachal Pradesh",g304552,d6496329,4.5,https://www.tripadvisor.com/ShowUserReviews-g304552-d6496329-r757398489-Jakhoo_Hill-Shimla_Shimla_District_Himachal_Pradesh.html,https://dynamic-media-cdn.tripadvisor.com/media/photo-o/1b/6f/ea/c8/sibsagarvish.jpg?w=100&h=-1&s=1,5.0 of 5 bubbles,Highest point of Shimla through Winch,54,"Jakhoo temple is situated in the jakhoo temple hill. The pathway to this starts from one end of mall road. There is also a roap way to reach the temple. The walk up to the hill is very steep, however enjoyable.",Dec 2021,,,,2024-03-02T16:54:35Z
Jakhoo Hill,"Shimla,Himachal Pradesh",g304552,d6496329,4.5,https://www.tripadvisor.com/ShowUserReviews-g304552-d6496329-r752209842-Jakhoo_Hill-Shimla_Shimla_District_Himachal_Pradesh.html,https://dynamic-media-cdn.tripadvisor.com/media/photo-s/03/2f/8f/ec/debashis77-12.jpg?w=100&h=-1&s=1,5.0 of 5 bubbles,Hanuman Temple on top,1,The only reason to visit this hill is to see Hanuman Mandir. The place is clean and beautiful. In the canteen is given veg prasadam.,Jun 2019,,,,2024-03-02T16:54:35Z
Jakhoo Hill,"Shimla,Himachal Pradesh",g304552,d6496329,4.5,https://www.tripadvisor.com/ShowUserReviews-g304552-d6496329-r915769693-Jakhoo_Hill-Shimla_Shimla_District_Himachal_Pradesh.html,https://dynamic-media-cdn.tripadvisor.com/media/photo-s/03/2f/8f/ec/debashis77-12.jpg?w=100&h=-1&s=1,5.0 of 5 bubbles,Should be in the Bucket list if you are in Shimla ,1,"The big statue of lord Hanuman atop Jakhu hill can be seen from the ridge.The ropeway to reach atop the hill also from Mall Road,but is expensive.Another way you can climb the stiff hill to reach the temple,which may not be possible for all.The best way to go is to hire a cab,pliantly available near Ridge and other places from Shimla.Taxi charge Rs.1500/--Ra.1800/- for to & fro journey. Prefer small taxi as the road to top of the temple is narrow & stiff.",Sep 2023,,,,2024-03-02T16:54:37Z
Jakhoo Hill,"Shimla,Himachal Pradesh",g304552,d6496329,4.5,https://www.tripadvisor.com/ShowUserReviews-g304552-d6496329-r871451351-Jakhoo_Hill-Shimla_Shimla_District_Himachal_Pradesh.html,https://dynamic-media-cdn.tripadvisor.com/media/photo-o/0f/b1/d7/b8/adarsh54.jpg?w=100&h=-1&s=1,5.0 of 5 bubbles,A temple as it should be - Calm and peaceful,15,"Jakhu is a must visit place in Shimla, not because of the old Hanuman Temple alone, but also due to its picturesque surroundins. It can be reached either by taxi or by rope-way from mall road. Enthusiasts can go by foot also that for a young person takes about 40 mts. We reached Jakhu peak by rope-way which is a short 5 mts enjoyable ride. However the price of ropeway tickets is quite steep (Rs 500 bothways) which is the reason why it remains deserted even in the peak season. If they keep a reasonable price, many tourists would like to take rope way ride and the Himachal Tourism would also make a profit. They must think on those lines.",Oct 2022,,,,2024-03-02T16:54:37Z
Jakhoo Hill,"Shimla,Himachal Pradesh",g304552,d6496329,4.5,https://www.tripadvisor.com/ShowUserReviews-g304552-d6496329-r841979256-Jakhoo_Hill-Shimla_Shimla_District_Himachal_Pradesh.html,https://dynamic-media-cdn.tripadvisor.com/media/photo-o/17/02/6d/da/l0wkey.jpg?w=100&h=-1&s=1,5.0 of 5 bubbles,Hanuman In Shimla Hills,2,"Being highest point of Shimla city, you get to see some really nice views from here and the 108 feet feet high statue of Lord Hanuman adds to the charm of the place. But most important aspect of the place is to be beware of the monkeys here !!! Never ever have any eatbles in you hands while visiting here. Also if possible do not wear any kind of eyewear whatsoever. The monkeys are not at all afraid of humans and will harass you upto the point of frustration in case they find anything attractive upon you. If possible have a stick with you but dont threaten them unnecesserely. all in all a fine place Jakhoo is but do take your precautions.",Jun 2022,,,,2024-03-02T16:54:37Z
Jakhoo Hill,"Shimla,Himachal Pradesh",g304552,d6496329,4.5,https://www.tripadvisor.com/ShowUserReviews-g304552-d6496329-r822744841-Jakhoo_Hill-Shimla_Shimla_District_Himachal_Pradesh.html,https://dynamic-media-cdn.tripadvisor.com/media/photo-o/1a/f6/ea/74/default-avatar-2020-68.jpg?w=100&h=-1&s=1,5.0 of 5 bubbles,Jakhoo temple hill,110,"The hill gives a Panoramic view of Shimla, beside having a hundred foot statue of Hanuman at the hill TOP, next to the temple. The hill TOP is also connected by a rope way, which gives an excellent view as you ride it.",Dec 2021,,,,2024-03-02T16:54:37Z
Jakhoo Hill,"Shimla,Himachal Pradesh",g304552,d6496329,4.5,https://www.tripadvisor.com/ShowUserReviews-g304552-d6496329-r822661754-Jakhoo_Hill-Shimla_Shimla_District_Himachal_Pradesh.html,https://dynamic-media-cdn.tripadvisor.com/media/photo-o/1b/e8/a4/d1/viralarya.jpg?w=100&h=-1&s=1,5.0 of 5 bubbles,Worth a visit,634,"Jakhoo Hill is perfect place in Shimla to watch Sunrise or Sunset. Here you can worship in Jakhoo Temple, here you can enjoy picturesque views, food is also available here. You can reach here by limited local transport or by 2km uphill tracking.",Dec 2021,,,,2024-03-02T16:54:37Z
Jakhoo Hill,"Shimla,Himachal Pradesh",g304552,d6496329,4.5,https://www.tripadvisor.com/ShowUserReviews-g304552-d6496329-r806019538-Jakhoo_Hill-Shimla_Shimla_District_Himachal_Pradesh.html,https://dynamic-media-cdn.tripadvisor.com/media/photo-o/19/52/9b/cf/manish-b.jpg?w=100&h=-1&s=1,5.0 of 5 bubbles,Jakhoo Temple and Kufri trip,1,Highest point of the city shimla. The hill is covered with pine trees and at the top its the flat surface having temple and 108 feet long statue of lord hanumaan. Must see place,Jul 2021,,,,2024-03-02T16:54:37Z
Jakhoo Hill,"Shimla,Himachal Pradesh",g304552,d6496329,4.5,https://www.tripadvisor.com/ShowUserReviews-g304552-d6496329-r798829748-Jakhoo_Hill-Shimla_Shimla_District_Himachal_Pradesh.html,https://dynamic-media-cdn.tripadvisor.com/media/photo-o/04/93/8e/11/andy-f.jpg?w=100&h=-1&s=1,5.0 of 5 bubbles,awesome place to visit in Shimla trip,1,"Health warnings - the trail/ road up to the summit is tight & tortuous, there are a lot of steps, and the macaque monkeys are a real pain! The hindu temple is small, but the most obviously impressive thing is the 100 foot high orange image of the monkey god. The temple is old but the statue is modern. Invest 50 rupees in a stick - you'll need it to keep the marauding monkeys at bay. They are a real pest, and quite fearless of humans.",Jan 2021,,,,2024-03-02T16:54:37Z
Jakhoo Hill,"Shimla,Himachal Pradesh",g304552,d6496329,4.5,https://www.tripadvisor.com/ShowUserReviews-g304552-d6496329-r797094484-Jakhoo_Hill-Shimla_Shimla_District_Himachal_Pradesh.html,https://dynamic-media-cdn.tripadvisor.com/media/photo-o/16/25/fe/33/anilrthakur.jpg?w=100&h=-1&s=1,3.0 of 5 bubbles,Okay okay place,935,"Visited here using Ropeway which was too costly in my opinion but it was worth spending. The hill top is just awesome. But be aware of Monkeys they will come to you like anything and Take Prashad from you , But if you don't have parashad they will take your stuff Mobile phone, Gogle specs and all.But in a nice and peaceful area you can easily spend the entire day here.Must Visit if you are here in Shimla",Jul 2021,,,,2024-03-02T16:54:37Z
Jakhoo Hill,"Shimla,Himachal Pradesh",g304552,d6496329,4.5,https://www.tripadvisor.com/ShowUserReviews-g304552-d6496329-r757398489-Jakhoo_Hill-Shimla_Shimla_District_Himachal_Pradesh.html,https://dynamic-media-cdn.tripadvisor.com/media/photo-o/1a/f6/f1/79/default-avatar-2020-21.jpg?w=100&h=-1&s=1,4.0 of 5 bubbles,Highest point of Shimla through Winch,942,"Jakhoo temple is situated in the jakhoo temple hill. The pathway to this starts from one end of mall road. There is also a roap way to reach the temple. The walk up to the hill is very steep, however enjoyable.",Jul 2019,,,,2024-03-02T16:54:37Z
Jakhoo Hill,"Shimla,Himachal Pradesh",g304552,d6496329,4.5,https://www.tripadvisor.com/ShowUserReviews-g304552-d6496329-r752209842-Jakhoo_Hill-Shimla_Shimla_District_Himachal_Pradesh.html,https://dynamic-media-cdn.tripadvisor.com/media/photo-o/11/e0/80/6b/jam4ika.jpg?w=100&h=-1&s=1,3.0 of 5 bubbles,Hanuman Temple on top,138,The only reason to visit this hill is to see Hanuman Mandir. The place is clean and beautiful. In the canteen is given veg prasadam.,May 2019,,,,2024-03-02T16:54:37Z
Jakhoo Hill,"Shimla,Himachal Pradesh",g304552,d6496329,4.5,https://www.tripadvisor.com/ShowUserReviews-g304552-d6496329-r752209842-Jakhoo_Hill-Shimla_Shimla_District_Himachal_Pradesh.html,https://dynamic-media-cdn.tripadvisor.com/media/photo-o/16/25/fe/33/anilrthakur.jpg?w=100&h=-1&s=1,3.0 of 5 bubbles,Should be in the Bucket list if you are in Shimla ,1,"Visited here using Ropeway which was too costly in my opinion but it was worth spending. The hill top is just awesome. But be aware of Monkeys they will come to you like anything and Take Prashad from you , But if you don't have parashad they will take your stuff Mobile phone, Gogle specs and all.But in a nice and peaceful area you can easily spend the entire day here.Must Visit if you are here in Shimla",Sep 2023,,,,2024-03-02T16:54:39Z
Jakhoo Hill,"Shimla,Himachal Pradesh",g304552,d6496329,4.5,https://www.tripadvisor.com/ShowUserReviews-g304552-d6496329-r496399880-Jakhoo_Hill-Shimla_Shimla_District_Himachal_Pradesh.html,https://dynamic-media-cdn.tripadvisor.com/media/photo-o/1a/f6/e9/ef/default-avatar-2020-66.jpg?w=100&h=-1&s=1,5.0 of 5 bubbles,A temple as it should be - Calm and peaceful,15,"It was mesmerising to see 108ft Hanuman idol. The road to the temple is very well built, neat and clean surroundings, a beautiful view of the snow clad mountains from the temple, all these things makes the temple a very beautiful place. A must visit place if you ever go Shimla.",Oct 2022,,,,2024-03-02T16:54:39Z
Jakhoo Hill,"Shimla,Himachal Pradesh",g304552,d6496329,4.5,https://www.tripadvisor.com/ShowUserReviews-g304552-d6496329-r261419584-Jakhoo_Hill-Shimla_Shimla_District_Himachal_Pradesh.html,https://dynamic-media-cdn.tripadvisor.com/media/photo-o/1c/22/fd/1c/caption.jpg?w=100&h=-1&s=1,3.0 of 5 bubbles,Hanuman In Shimla Hills,2,One of the mesmerising place to visit Jakhoo Temple of Lord Hanuman in Shimla The statue of Lord Hanuman is so big that u can see it in yeh mountains from the ground level of Mall Road There is ropeway with 550 fare for two side for an adult and 450 for kids But believe me the ripe way is very dangerous and is situated at a huge height Must visit if u r in Shimla Taxi operators are also there and they can take u to the temple with a fare of 500 only for both sides,Jun 2022,,,,2024-03-02T16:54:39Z
Jakhoo Hill,"Shimla,Himachal Pradesh",g304552,d6496329,4.5,https://www.tripadvisor.com/ShowUserReviews-g304552-d6496329-r689957219-Jakhoo_Hill-Shimla_Shimla_District_Himachal_Pradesh.html,https://dynamic-media-cdn.tripadvisor.com/media/photo-o/1a/f6/f1/79/default-avatar-2020-21.jpg?w=100&h=-1&s=1,4.0 of 5 bubbles,Jakhoo temple hill,110,"Jakhoo temple is situated in the jakhoo temple hill. The pathway to this starts from one end of mall road. There is also a roap way to reach the temple. The walk up to the hill is very steep, however enjoyable.",Dec 2021,,,,2024-03-02T16:54:39Z
Jakhoo Hill,"Shimla,Himachal Pradesh",g304552,d6496329,4.5,https://www.tripadvisor.com/ShowUserReviews-g304552-d6496329-r549176479-Jakhoo_Hill-Shimla_Shimla_District_Himachal_Pradesh.html,https://dynamic-media-cdn.tripadvisor.com/media/photo-o/1a/f6/ee/db/default-avatar-2020-10.jpg?w=100&h=-1&s=1,5.0 of 5 bubbles,Worth a visit,634,The rope way to Jhaakhoo temple has a beautiful panoramic view of the city and hills. Peak has tall n handsome cedar trees and also a 360 degree view of Shimla and many other surrounding hills. The majestic statue of Lord Hanuman standing tall on peak is  revered. There are some eating options but best being ‘Under the tree’.,Dec 2021,,,,2024-03-02T16:54:39Z
Jakhoo Hill,"Shimla,Himachal Pradesh",g304552,d6496329,4.5,https://www.tripadvisor.com/ShowUserReviews-g304552-d6496329-r336893413-Jakhoo_Hill-Shimla_Shimla_District_Himachal_Pradesh.html,https://dynamic-media-cdn.tripadvisor.com/media/photo-o/0d/a0/21/a4/govind-p.jpg?w=100&h=-1&s=1,4.0 of 5 bubbles,Jakhoo Temple and Kufri trip,1,"Jakhoo Temple is one of the must visit place in Shimla. Trekking is bit Tough for a person who donot have daily walking habbit like me. Best part is one can drive upto the Temple or choose Rope way however it is bit expensive around 500/- per person.  Once you reach there you will find peace and a pure Nature. Few Shops for refreshments like Tea and poori cholle. You can find budget stay nearby temple hill starting.  Best time if you start early morning and enjoy breathtaking forest view.Kufri being another place you can cover. Visit Kufri zoo, an Hour long and around 1 km long place tour. Nearby Lalit Cafe at walking distance is best place for meal and Shopping. Enjoy lovely Icecream scoops outside the Cafe. Don't forget to get clicked with Yak which you can fine on Road side near Kufri at Just 50/- Rs. Per person.If you have your personal vehicle than its great you can save time and Money, else hire a cab for full day.",Jul 2021,,,,2024-03-02T16:54:39Z
Jakhoo Hill,"Shimla,Himachal Pradesh",g304552,d6496329,4.5,https://www.tripadvisor.com/ShowUserReviews-g304552-d6496329-r330677128-Jakhoo_Hill-Shimla_Shimla_District_Himachal_Pradesh.html,https://dynamic-media-cdn.tripadvisor.com/media/photo-o/1a/f6/e3/6a/default-avatar-2020-47.jpg?w=100&h=-1&s=1,4.0 of 5 bubbles,awesome place to visit in Shimla trip,1,"awesome place to visit in Shimla, it was a temple of Lord Hanumaan having a big Statue of Lord Hanuman. epic place",Jan 2021,,,,2024-03-02T16:54:39Z
Jakhoo Hill,"Shimla,Himachal Pradesh",g304552,d6496329,4.5,https://www.tripadvisor.com/ShowUserReviews-g304552-d6496329-r915769693-Jakhoo_Hill-Shimla_Shimla_District_Himachal_Pradesh.html,https://dynamic-media-cdn.tripadvisor.com/media/photo-o/1a/f6/e4/2d/default-avatar-2020-48.jpg?w=100&h=-1&s=1,5.0 of 5 bubbles,Okay okay place,935,"People generally dont go there just for worshiping Hanuman but also to have rope way ride. Lots of monkeys around make you scared and its  a daring act reaching till the rope way pickup point. you may go down to Mall road by rope way and do shopping and come back on top, or vice-versa.",Jul 2021,,,,2024-03-02T16:54:39Z
Jakhoo Hill,"Shimla,Himachal Pradesh",g304552,d6496329,4.5,https://www.tripadvisor.com/ShowUserReviews-g304552-d6496329-r822744841-Jakhoo_Hill-Shimla_Shimla_District_Himachal_Pradesh.html,https://dynamic-media-cdn.tripadvisor.com/media/photo-o/1b/6f/ea/c8/sibsagarvish.jpg?w=100&h=-1&s=1,5.0 of 5 bubbles,Highest point of Shimla through Winch,942,The Jakhoo hill has a very serene Hanuman mandir on top.  The winch journey to this hill from near the Ridge area  (walk for quite some time to reach the starting point of the winch) is very steep and thrilling with good views of Shimla town and the hills around.,Jul 2019,,,,2024-03-02T16:54:39Z
Jakhoo Hill,"Shimla,Himachal Pradesh",g304552,d6496329,4.5,https://www.tripadvisor.com/ShowUserReviews-g304552-d6496329-r691412603-Jakhoo_Hill-Shimla_Shimla_District_Himachal_Pradesh.html,https://dynamic-media-cdn.tripadvisor.com/media/photo-s/03/2f/8f/ec/debashis77-12.jpg?w=100&h=-1&s=1,5.0 of 5 bubbles,Hanuman Temple on top,138,"The big statue of lord Hanuman atop Jakhu hill can be seen from the ridge.The ropeway to reach atop the hill also from Mall Road,but is expensive.Another way you can climb the stiff hill to reach the temple,which may not be possible for all.The best way to go is to hire a cab,pliantly available near Ridge and other places from Shimla.Taxi charge Rs.1500/--Ra.1800/- for to & fro journey. Prefer small taxi as the road to top of the temple is narrow & stiff.",May 2019,,,,2024-03-02T16:54:39Z
Jakhoo Hill,"Shimla,Himachal Pradesh",g304552,d6496329,4.5,https://www.tripadvisor.com/ShowUserReviews-g304552-d6496329-r752209842-Jakhoo_Hill-Shimla_Shimla_District_Himachal_Pradesh.html,https://dynamic-media-cdn.tripadvisor.com/media/photo-s/03/2f/8f/ec/debashis77-12.jpg?w=100&h=-1&s=1,5.0 of 5 bubbles,Should be in the Bucket list if you are in Shimla ,935,"The big statue of lord Hanuman atop Jakhu hill can be seen from the ridge.The ropeway to reach atop the hill also from Mall Road,but is expensive.Another way you can climb the stiff hill to reach the temple,which may not be possible for all.The best way to go is to hire a cab,pliantly available near Ridge and other places from Shimla.Taxi charge Rs.1500/--Ra.1800/- for to & fro journey. Prefer small taxi as the road to top of the temple is narrow & stiff.",May 2019,,,,2024-03-02T16:54:40Z
Jakhoo Hill,"Shimla,Himachal Pradesh",g304552,d6496329,4.5,https://www.tripadvisor.com/ShowUserReviews-g304552-d6496329-r496399880-Jakhoo_Hill-Shimla_Shimla_District_Himachal_Pradesh.html,https://dynamic-media-cdn.tripadvisor.com/media/photo-o/0f/b1/d7/b8/adarsh54.jpg?w=100&h=-1&s=1,5.0 of 5 bubbles,A temple as it should be - Calm and peaceful,5,"Jakhu is a must visit place in Shimla, not because of the old Hanuman Temple alone, but also due to its picturesque surroundins. It can be reached either by taxi or by rope-way from mall road. Enthusiasts can go by foot also that for a young person takes about 40 mts. We reached Jakhu peak by rope-way which is a short 5 mts enjoyable ride. However the price of ropeway tickets is quite steep (Rs 500 bothways) which is the reason why it remains deserted even in the peak season. If they keep a reasonable price, many tourists would like to take rope way ride and the Himachal Tourism would also make a profit. They must think on those lines.",Jun 2017,,,,2024-03-02T16:54:40Z
Jakhoo Hill,"Shimla,Himachal Pradesh",g304552,d6496329,4.5,https://www.tripadvisor.com/ShowUserReviews-g304552-d6496329-r261419584-Jakhoo_Hill-Shimla_Shimla_District_Himachal_Pradesh.html,https://dynamic-media-cdn.tripadvisor.com/media/photo-o/17/02/6d/da/l0wkey.jpg?w=100&h=-1&s=1,5.0 of 5 bubbles,Hanuman In Shimla Hills,49,"Being highest point of Shimla city, you get to see some really nice views from here and the 108 feet feet high statue of Lord Hanuman adds to the charm of the place. But most important aspect of the place is to be beware of the monkeys here !!! Never ever have any eatbles in you hands while visiting here. Also if possible do not wear any kind of eyewear whatsoever. The monkeys are not at all afraid of humans and will harass you upto the point of frustration in case they find anything attractive upon you. If possible have a stick with you but dont threaten them unnecesserely. all in all a fine place Jakhoo is but do take your precautions.",Feb 2015,,,,2024-03-02T16:54:40Z
Jakhoo Hill,"Shimla,Himachal Pradesh",g304552,d6496329,4.5,https://www.tripadvisor.com/ShowUserReviews-g304552-d6496329-r689957219-Jakhoo_Hill-Shimla_Shimla_District_Himachal_Pradesh.html,https://dynamic-media-cdn.tripadvisor.com/media/photo-o/1a/f6/ea/74/default-avatar-2020-68.jpg?w=100&h=-1&s=1,5.0 of 5 bubbles,Jakhoo temple hill,942,"The hill gives a Panoramic view of Shimla, beside having a hundred foot statue of Hanuman at the hill TOP, next to the temple. The hill TOP is also connected by a rope way, which gives an excellent view as you ride it.",Jul 2019,,,,2024-03-02T16:54:40Z
Jakhoo Hill,"Shimla,Himachal Pradesh",g304552,d6496329,4.5,https://www.tripadvisor.com/ShowUserReviews-g304552-d6496329-r549176479-Jakhoo_Hill-Shimla_Shimla_District_Himachal_Pradesh.html,https://dynamic-media-cdn.tripadvisor.com/media/photo-o/1b/e8/a4/d1/viralarya.jpg?w=100&h=-1&s=1,5.0 of 5 bubbles,Worth a visit,12,"Jakhoo Hill is perfect place in Shimla to watch Sunrise or Sunset. Here you can worship in Jakhoo Temple, here you can enjoy picturesque views, food is also available here. You can reach here by limited local transport or by 2km uphill tracking.",Nov 2017,,,,2024-03-02T16:54:40Z
Jakhoo Hill,"Shimla,Himachal Pradesh",g304552,d6496329,4.5,https://www.tripadvisor.com/ShowUserReviews-g304552-d6496329-r336893413-Jakhoo_Hill-Shimla_Shimla_District_Himachal_Pradesh.html,https://dynamic-media-cdn.tripadvisor.com/media/photo-o/19/52/9b/cf/manish-b.jpg?w=100&h=-1&s=1,5.0 of 5 bubbles,Jakhoo Temple and Kufri trip,4,Highest point of the city shimla. The hill is covered with pine trees and at the top its the flat surface having temple and 108 feet long statue of lord hanumaan. Must see place,Dec 2015,,,,2024-03-02T16:54:40Z
Jakhoo Hill,"Shimla,Himachal Pradesh",g304552,d6496329,4.5,https://www.tripadvisor.com/ShowUserReviews-g304552-d6496329-r330677128-Jakhoo_Hill-Shimla_Shimla_District_Himachal_Pradesh.html,https://dynamic-media-cdn.tripadvisor.com/media/photo-o/04/93/8e/11/andy-f.jpg?w=100&h=-1&s=1,5.0 of 5 bubbles,awesome place to visit in Shimla trip,1,"Health warnings - the trail/ road up to the summit is tight & tortuous, there are a lot of steps, and the macaque monkeys are a real pain! The hindu temple is small, but the most obviously impressive thing is the 100 foot high orange image of the monkey god. The temple is old but the statue is modern. Invest 50 rupees in a stick - you'll need it to keep the marauding monkeys at bay. They are a real pest, and quite fearless of humans.",Nov 2015,,,,2024-03-02T16:54:40Z
Jakhoo Hill,"Shimla,Himachal Pradesh",g304552,d6496329,4.5,https://www.tripadvisor.com/ShowUserReviews-g304552-d6496329-r915769693-Jakhoo_Hill-Shimla_Shimla_District_Himachal_Pradesh.html,https://dynamic-media-cdn.tripadvisor.com/media/photo-o/16/25/fe/33/anilrthakur.jpg?w=100&h=-1&s=1,3.0 of 5 bubbles,Okay okay place,15,"Visited here using Ropeway which was too costly in my opinion but it was worth spending. The hill top is just awesome. But be aware of Monkeys they will come to you like anything and Take Prashad from you , But if you don't have parashad they will take your stuff Mobile phone, Gogle specs and all.But in a nice and peaceful area you can easily spend the entire day here.Must Visit if you are here in Shimla",Sep 2023,,,,2024-03-02T16:54:40Z
Jakhoo Hill,"Shimla,Himachal Pradesh",g304552,d6496329,4.5,https://www.tripadvisor.com/ShowUserReviews-g304552-d6496329-r822744841-Jakhoo_Hill-Shimla_Shimla_District_Himachal_Pradesh.html,https://dynamic-media-cdn.tripadvisor.com/media/photo-o/1a/f6/f1/79/default-avatar-2020-21.jpg?w=100&h=-1&s=1,4.0 of 5 bubbles,Highest point of Shimla through Winch,54,"Jakhoo temple is situated in the jakhoo temple hill. The pathway to this starts from one end of mall road. There is also a roap way to reach the temple. The walk up to the hill is very steep, however enjoyable.",Dec 2021,,,,2024-03-02T16:54:40Z
Jakhoo Hill,"Shimla,Himachal Pradesh",g304552,d6496329,4.5,https://www.tripadvisor.com/ShowUserReviews-g304552-d6496329-r691412603-Jakhoo_Hill-Shimla_Shimla_District_Himachal_Pradesh.html,https://dynamic-media-cdn.tripadvisor.com/media/photo-o/11/e0/80/6b/jam4ika.jpg?w=100&h=-1&s=1,3.0 of 5 bubbles,Hanuman Temple on top,1,The only reason to visit this hill is to see Hanuman Mandir. The place is clean and beautiful. In the canteen is given veg prasadam.,Jun 2019,,,,2024-03-02T16:54:40Z
