"names","address","geo_id","hotel_id","rating","url","profile_image","review_score","review_heading","profile_contr","review_body","date_of_stay","company_responder","company_response","company_response_date","timestamp"
"Annandale Army Heritage Museum","Shimla,Himachal Pradesh","g304552","d4103929","4.5","https://www.tripadvisor.com/ShowUserReviews-g304552-d4103929-r899334425-Annandale_Army_Heritage_Museum-Shimla_Shimla_District_Himachal_Pradesh.html","https://dynamic-media-cdn.tripadvisor.com/media/photo-o/0b/19/cd/d1/madhulika-l.jpg?w=100&h=-1&s=1","4.0 of 5 bubbles","A peek into the Indian Army",4,"The Army Heritage Museum in Annadale sits below the main Shimla town, in a very picturesque setting: a golf course stretches on one side, and the mountains all round are thickly clad with deodar woods. It’s very green and beautiful, and the carefully maintained gardens of the entire complex are a pleasure to visit. The Army Heritage Museum spreads over several levels. On the lower level, a hall contains the colours of different military regiments of the Indian Army, along with details of the major battles fought by the Army.On the upper level, which is the main building of the museum, a series of connected rooms, all fairly small, examine different aspects of Indian military. Ancient Indian military ethos, great commanders, military facts from across ancient, medieval and colonial India are covered here, as are uniforms, military music and bands, military honours and awards, weapon displays, the Army’s role in sports and adventure, and interesting insights into the history of the Indian Army, such as old photos of the Indian Military Academy (IMA) and its distinguished graduates.Above the museum building is a well-maintained and rather nice cactus house. Behind the main museum building is a souvenir shop and a cafeteria which sells basic snacks, such as patties, doughnuts and samosas, along with instant (Maggi) noodles, packaged soft drinks, tea, and coffee. Entry to the museum is free and photography is allowed. In the summer (April to October) timings are 10 to 2 and 3 to 5 on all days except Monday and gazetted holidays. Winter timings, on the same days of the week, are 10 to 2 and 3 to 4.","Jun 2023","","","","2024-03-02T16:48:58Z"
"Annandale Army Heritage Museum","Shimla,Himachal Pradesh","g304552","d4103929","4.5","https://www.tripadvisor.com/ShowUserReviews-g304552-d4103929-r237951122-Annandale_Army_Heritage_Museum-Shimla_Shimla_District_Himachal_Pradesh.html","https://dynamic-media-cdn.tripadvisor.com/media/photo-o/1a/f6/e3/1f/default-avatar-2020-46.jpg?w=100&h=-1&s=1","4.0 of 5 bubbles","Valley of wonder.",502,"Annadale, popularly mis-spelt as Annandale, is an Indian army structure, situated in a valley, approachable by car, through good metalled road. This masterpiece in Shimla is a cluster of many tourist interesting points, surrounded by thick deodar woods. Mainly this is Indian Army's training, heritage environment & transit complex with a Army heritage museum, play ground, golf course, helipad, and cactus garden. Regular army activities ensure its proper upkeep to maintain pristine glory amidst sylvan surroundings.   The heritage museum comprising of armaments, cactus garden with substantial variety, and the well maintained lawns & gardens are a treat. A stone embodiment of the text of Shimla Agreement signed between Smt. Indira Gandhi, the then Prime minister of Republic of India and Mr. Zulfikar Ali Bhutto, the then President of Islamic Republic of Pakistan has been displayed here. Worth visiting place.","Oct 2014","","","","2024-03-02T16:48:58Z"
"Annandale Army Heritage Museum","Shimla,Himachal Pradesh","g304552","d4103929","4.5","https://www.tripadvisor.com/ShowUserReviews-g304552-d4103929-r255911258-Annandale_Army_Heritage_Museum-Shimla_Shimla_District_Himachal_Pradesh.html","https://dynamic-media-cdn.tripadvisor.com/media/photo-o/1a/f6/f2/eb/default-avatar-2020-27.jpg?w=100&h=-1&s=1","4.0 of 5 bubbles","serene and quite",2,"annadale is one of that places in shimla which dosent offer much in ways of sightseeing. its a plateau (ground) at one of the lowest elevations in shimla. its surrounded by local residencial area on one side and by forest on another three. can be reached either from HP vidhansabha or cart road near victory tunnel. its a place you would want to visit if u like the quietness and nature around you. provides a nice break from hustle and bustle of shimla city. The ground is owned by Army so you are not allowed to walk in the ground itself. however they have a very good army museum at one side which is a must visit if you are here. also the ground has a 9 hole golf course accessible mostly to high ranking army and govt officials.","Jan 2015","","","","2024-03-02T16:48:58Z"
"Annandale Army Heritage Museum","Shimla,Himachal Pradesh","g304552","d4103929","4.5","https://www.tripadvisor.com/ShowUserReviews-g304552-d4103929-r236778874-Annandale_Army_Heritage_Museum-Shimla_Shimla_District_Himachal_Pradesh.html","https://dynamic-media-cdn.tripadvisor.com/media/photo-o/06/e0/44/ad/ruchimehta2014.jpg?w=100&h=-1&s=1","4.0 of 5 bubbles","Nice and quiet destination away from the main city",7,"I went there to visit the Army museum which houses a ton of information and artefacts for history fans. There is a nice little golf course next to the museum. The greenhouse that houses more than 2 dozen varieties of cacti must not be missed!","Oct 2014","","","","2024-03-02T16:48:58Z"
"Annandale Army Heritage Museum","Shimla,Himachal Pradesh","g304552","d4103929","4.5","https://www.tripadvisor.com/ShowUserReviews-g304552-d4103929-r268852868-Annandale_Army_Heritage_Museum-Shimla_Shimla_District_Himachal_Pradesh.html","https://dynamic-media-cdn.tripadvisor.com/media/photo-o/1a/f6/f2/11/default-avatar-2020-23.jpg?w=100&h=-1&s=1","5.0 of 5 bubbles","Awesome and informative ",45,"Sometimes wrongly spelled as Annandale,is a must visit place for tourists.it is open from 10am till 4pm on all days except Monday's.once a place used for parties,games etc Annadale is now maintained by Indian Army.it houses Army museum,golf course and a small glass house. One can learn the history of Indian army.it has many place sfor photography","Jun 2017","","","","2024-03-02T16:48:58Z"
"Annandale Army Heritage Museum","Shimla,Himachal Pradesh","g304552","d4103929","4.5","https://www.tripadvisor.com/ShowUserReviews-g304552-d4103929-r494846549-Annandale_Army_Heritage_Museum-Shimla_Shimla_District_Himachal_Pradesh.html","https://dynamic-media-cdn.tripadvisor.com/media/photo-o/1a/f6/df/99/default-avatar-2020-40.jpg?w=100&h=-1&s=1","5.0 of 5 bubbles","Superb, Sylvan surroundings. A must visit place in Shimla",15,"Annadale is within Shimla, about 3 km from down down in a valley. The place is characterised by an army museum and a big golf course. Set in a lush green Sylvan surroundings its a serene place where you can easily spend a couple of hours and enjoy peace and clean air. Even the approach Road to this place is a pleasure drive or trek for the enthusiasts. Army museum is spic and span and exhibits gallantry and valour of achievers in great Indian Army. There is a small public cafetaria too. Pl checkout the visiting hrs of Army museum which I think closes at 17 hrs.Don't miss your visit to Annadale. This is one of the must visit places Shimla offers.","May 2019","","","","2024-03-02T16:48:58Z"
"Annandale Army Heritage Museum","Shimla,Himachal Pradesh","g304552","d4103929","4.5","https://www.tripadvisor.com/ShowUserReviews-g304552-d4103929-r678857315-Annandale_Army_Heritage_Museum-Shimla_Shimla_District_Himachal_Pradesh.html","https://dynamic-media-cdn.tripadvisor.com/media/photo-o/0b/8d/73/a1/sayanjeetm.jpg?w=100&h=-1&s=1","4.0 of 5 bubbles","Refreshingly green",157,"The grounds were beautifully kept and green, with a small snack stall at the back. The army museum was interesting for the kids but the real highlight was the stunning greenhouse that is home to a large variety of cacti. We spent a pleasant afternoon enjoying the view as golfers played on the Annandale (tourists are not allowed) and drinking milkshakes from the stall. Do remember that a valid government ID proof is required to prove your nationality as an Indian to enter.","Oct 2018","","","","2024-03-02T16:48:58Z"
"Annandale Army Heritage Museum","Shimla,Himachal Pradesh","g304552","d4103929","4.5","https://www.tripadvisor.com/ShowUserReviews-g304552-d4103929-r631754050-Annandale_Army_Heritage_Museum-Shimla_Shimla_District_Himachal_Pradesh.html","https://dynamic-media-cdn.tripadvisor.com/media/photo-o/12/2a/4f/79/pradeepprahllad.jpg?w=100&h=-1&s=1","4.0 of 5 bubbles","A peaceful picturesque place - worth a visit",207,"Looking like it might have been in Canada, this compact museum about Indian Army matters is well worth a visit if you can fit it in.  It is in a bowl at the foot of Shimla and very well looked after.  Bring your passport (or a copy) as it may be required - this is an army site.","Jan 2018","","","","2024-03-02T16:48:58Z"
"Annandale Army Heritage Museum","Shimla,Himachal Pradesh","g304552","d4103929","4.5","https://www.tripadvisor.com/ShowUserReviews-g304552-d4103929-r554894399-Annandale_Army_Heritage_Museum-Shimla_Shimla_District_Himachal_Pradesh.html","https://dynamic-media-cdn.tripadvisor.com/media/photo-o/07/53/4f/a4/sudha-r.jpg?w=100&h=-1&s=1","4.0 of 5 bubbles","Disciplined & serene",236,"The first thing to watch here is the Army Museum. Please be noted that the Museum remains closed in all Mondays and ket open between 10:00am to 4:00pm in the other days.","Mar 2017","","","","2024-03-02T16:48:58Z"
"Annandale Army Heritage Museum","Shimla,Himachal Pradesh","g304552","d4103929","4.5","https://www.tripadvisor.com/ShowUserReviews-g304552-d4103929-r470620585-Annandale_Army_Heritage_Museum-Shimla_Shimla_District_Himachal_Pradesh.html","https://dynamic-media-cdn.tripadvisor.com/media/photo-s/01/b0/8a/42/dcckid.jpg?w=100&h=-1&s=1","5.0 of 5 bubbles","Peaceful!",50,"There are very few places that are as scenic and peaceful as this one. The panoramic views are simply marvellous and there's a small cafe where one can enjoy these views for hours.Apart from that, there is a very well setup and maintained army museum to navigate through.","Jun 2023","","","","2024-03-02T16:48:58Z"
"Annandale Army Heritage Museum","Shimla,Himachal Pradesh","g304552","d4103929","4.5","https://www.tripadvisor.com/ShowUserReviews-g304552-d4103929-r899334425-Annandale_Army_Heritage_Museum-Shimla_Shimla_District_Himachal_Pradesh.html","https://dynamic-media-cdn.tripadvisor.com/media/photo-o/0b/19/cd/d1/madhulika-l.jpg?w=100&h=-1&s=1","4.0 of 5 bubbles","A peek into the Indian Army",4,"The Army Heritage Museum in Annadale sits below the main Shimla town, in a very picturesque setting: a golf course stretches on one side, and the mountains all round are thickly clad with deodar woods. It’s very green and beautiful, and the carefully maintained gardens of the entire complex are a pleasure to visit. The Army Heritage Museum spreads over several levels. On the lower level, a hall contains the colours of different military regiments of the Indian Army, along with details of the major battles fought by the Army.On the upper level, which is the main building of the museum, a series of connected rooms, all fairly small, examine different aspects of Indian military. Ancient Indian military ethos, great commanders, military facts from across ancient, medieval and colonial India are covered here, as are uniforms, military music and bands, military honours and awards, weapon displays, the Army’s role in sports and adventure, and interesting insights into the history of the Indian Army, such as old photos of the Indian Military Academy (IMA) and its distinguished graduates.Above the museum building is a well-maintained and rather nice cactus house. Behind the main museum building is a souvenir shop and a cafeteria which sells basic snacks, such as patties, doughnuts and samosas, along with instant (Maggi) noodles, packaged soft drinks, tea, and coffee. Entry to the museum is free and photography is allowed. In the summer (April to October) timings are 10 to 2 and 3 to 5 on all days except Monday and gazetted holidays. Winter timings, on the same days of the week, are 10 to 2 and 3 to 4.","Oct 2014","","","","2024-03-02T16:48:59Z"
"Annandale Army Heritage Museum","Shimla,Himachal Pradesh","g304552","d4103929","4.5","https://www.tripadvisor.com/ShowUserReviews-g304552-d4103929-r237951122-Annandale_Army_Heritage_Museum-Shimla_Shimla_District_Himachal_Pradesh.html","https://dynamic-media-cdn.tripadvisor.com/media/photo-o/1a/f6/e3/1f/default-avatar-2020-46.jpg?w=100&h=-1&s=1","4.0 of 5 bubbles","Valley of wonder.",164,"Annadale, popularly mis-spelt as Annandale, is an Indian army structure, situated in a valley, approachable by car, through good metalled road. This masterpiece in Shimla is a cluster of many tourist interesting points, surrounded by thick deodar woods. Mainly this is Indian Army's training, heritage environment & transit complex with a Army heritage museum, play ground, golf course, helipad, and cactus garden. Regular army activities ensure its proper upkeep to maintain pristine glory amidst sylvan surroundings.   The heritage museum comprising of armaments, cactus garden with substantial variety, and the well maintained lawns & gardens are a treat. A stone embodiment of the text of Shimla Agreement signed between Smt. Indira Gandhi, the then Prime minister of Republic of India and Mr. Zulfikar Ali Bhutto, the then President of Islamic Republic of Pakistan has been displayed here. Worth visiting place.","Jan 2015","","","","2024-03-02T16:48:59Z"
"Annandale Army Heritage Museum","Shimla,Himachal Pradesh","g304552","d4103929","4.5","https://www.tripadvisor.com/ShowUserReviews-g304552-d4103929-r255911258-Annandale_Army_Heritage_Museum-Shimla_Shimla_District_Himachal_Pradesh.html","https://dynamic-media-cdn.tripadvisor.com/media/photo-o/1a/f6/f2/eb/default-avatar-2020-27.jpg?w=100&h=-1&s=1","4.0 of 5 bubbles","serene and quite",13,"annadale is one of that places in shimla which dosent offer much in ways of sightseeing. its a plateau (ground) at one of the lowest elevations in shimla. its surrounded by local residencial area on one side and by forest on another three. can be reached either from HP vidhansabha or cart road near victory tunnel. its a place you would want to visit if u like the quietness and nature around you. provides a nice break from hustle and bustle of shimla city. The ground is owned by Army so you are not allowed to walk in the ground itself. however they have a very good army museum at one side which is a must visit if you are here. also the ground has a 9 hole golf course accessible mostly to high ranking army and govt officials.","Oct 2014","","","","2024-03-02T16:48:59Z"
"Annandale Army Heritage Museum","Shimla,Himachal Pradesh","g304552","d4103929","4.5","https://www.tripadvisor.com/ShowUserReviews-g304552-d4103929-r236778874-Annandale_Army_Heritage_Museum-Shimla_Shimla_District_Himachal_Pradesh.html","https://dynamic-media-cdn.tripadvisor.com/media/photo-o/06/e0/44/ad/ruchimehta2014.jpg?w=100&h=-1&s=1","4.0 of 5 bubbles","Nice and quiet destination away from the main city",157,"I went there to visit the Army museum which houses a ton of information and artefacts for history fans. There is a nice little golf course next to the museum. The greenhouse that houses more than 2 dozen varieties of cacti must not be missed!","Jun 2017","","","","2024-03-02T16:48:59Z"
"Annandale Army Heritage Museum","Shimla,Himachal Pradesh","g304552","d4103929","4.5","https://www.tripadvisor.com/ShowUserReviews-g304552-d4103929-r268852868-Annandale_Army_Heritage_Museum-Shimla_Shimla_District_Himachal_Pradesh.html","https://dynamic-media-cdn.tripadvisor.com/media/photo-o/1a/f6/f2/11/default-avatar-2020-23.jpg?w=100&h=-1&s=1","5.0 of 5 bubbles","Awesome and informative ",30,"Sometimes wrongly spelled as Annandale,is a must visit place for tourists.it is open from 10am till 4pm on all days except Monday's.once a place used for parties,games etc Annadale is now maintained by Indian Army.it houses Army museum,golf course and a small glass house. One can learn the history of Indian army.it has many place sfor photography","May 2019","","","","2024-03-02T16:48:59Z"
"Annandale Army Heritage Museum","Shimla,Himachal Pradesh","g304552","d4103929","4.5","https://www.tripadvisor.com/ShowUserReviews-g304552-d4103929-r494846549-Annandale_Army_Heritage_Museum-Shimla_Shimla_District_Himachal_Pradesh.html","https://dynamic-media-cdn.tripadvisor.com/media/photo-o/1a/f6/df/99/default-avatar-2020-40.jpg?w=100&h=-1&s=1","5.0 of 5 bubbles","Superb, Sylvan surroundings. A must visit place in Shimla",9,"Annadale is within Shimla, about 3 km from down down in a valley. The place is characterised by an army museum and a big golf course. Set in a lush green Sylvan surroundings its a serene place where you can easily spend a couple of hours and enjoy peace and clean air. Even the approach Road to this place is a pleasure drive or trek for the enthusiasts. Army museum is spic and span and exhibits gallantry and valour of achievers in great Indian Army. There is a small public cafetaria too. Pl checkout the visiting hrs of Army museum which I think closes at 17 hrs.Don't miss your visit to Annadale. This is one of the must visit places Shimla offers.","Oct 2018","","","","2024-03-02T16:48:59Z"
"Annandale Army Heritage Museum","Shimla,Himachal Pradesh","g304552","d4103929","4.5","https://www.tripadvisor.com/ShowUserReviews-g304552-d4103929-r678857315-Annandale_Army_Heritage_Museum-Shimla_Shimla_District_Himachal_Pradesh.html","https://dynamic-media-cdn.tripadvisor.com/media/photo-o/0b/8d/73/a1/sayanjeetm.jpg?w=100&h=-1&s=1","4.0 of 5 bubbles","Refreshingly green",1,"The grounds were beautifully kept and green, with a small snack stall at the back. The army museum was interesting for the kids but the real highlight was the stunning greenhouse that is home to a large variety of cacti. We spent a pleasant afternoon enjoying the view as golfers played on the Annandale (tourists are not allowed) and drinking milkshakes from the stall. Do remember that a valid government ID proof is required to prove your nationality as an Indian to enter.","Jan 2018","","","","2024-03-02T16:48:59Z"
"Annandale Army Heritage Museum","Shimla,Himachal Pradesh","g304552","d4103929","4.5","https://www.tripadvisor.com/ShowUserReviews-g304552-d4103929-r631754050-Annandale_Army_Heritage_Museum-Shimla_Shimla_District_Himachal_Pradesh.html","https://dynamic-media-cdn.tripadvisor.com/media/photo-o/12/2a/4f/79/pradeepprahllad.jpg?w=100&h=-1&s=1","4.0 of 5 bubbles","A peaceful picturesque place - worth a visit",10,"Looking like it might have been in Canada, this compact museum about Indian Army matters is well worth a visit if you can fit it in.  It is in a bowl at the foot of Shimla and very well looked after.  Bring your passport (or a copy) as it may be required - this is an army site.","Mar 2017","","","","2024-03-02T16:48:59Z"
"Annandale Army Heritage Museum","Shimla,Himachal Pradesh","g304552","d4103929","4.5","https://www.tripadvisor.com/ShowUserReviews-g304552-d4103929-r554894399-Annandale_Army_Heritage_Museum-Shimla_Shimla_District_Himachal_Pradesh.html","https://dynamic-media-cdn.tripadvisor.com/media/photo-o/07/53/4f/a4/sudha-r.jpg?w=100&h=-1&s=1","4.0 of 5 bubbles","Disciplined & serene",26,"The first thing to watch here is the Army Museum. Please be noted that the Museum remains closed in all Mondays and ket open between 10:00am to 4:00pm in the other days.","Jun 2023","","","","2024-03-02T16:48:59Z"
"Annandale Army Heritage Museum","Shimla,Himachal Pradesh","g304552","d4103929","4.5","https://www.tripadvisor.com/ShowUserReviews-g304552-d4103929-r470620585-Annandale_Army_Heritage_Museum-Shimla_Shimla_District_Himachal_Pradesh.html","https://dynamic-media-cdn.tripadvisor.com/media/photo-s/01/b0/8a/42/dcckid.jpg?w=100&h=-1&s=1","5.0 of 5 bubbles","Peaceful!",207,"There are very few places that are as scenic and peaceful as this one. The panoramic views are simply marvellous and there's a small cafe where one can enjoy these views for hours.Apart from that, there is a very well setup and maintained army museum to navigate through.","Oct 2014","","","","2024-03-02T16:48:59Z"
"Annandale Army Heritage Museum","Shimla,Himachal Pradesh","g304552","d4103929","4.5","https://www.tripadvisor.com/ShowUserReviews-g304552-d4103929-r899334425-Annandale_Army_Heritage_Museum-Shimla_Shimla_District_Himachal_Pradesh.html","https://dynamic-media-cdn.tripadvisor.com/media/photo-o/0b/19/cd/d1/madhulika-l.jpg?w=100&h=-1&s=1","4.0 of 5 bubbles","A peek into the Indian Army",4,"The Army Heritage Museum in Annadale sits below the main Shimla town, in a very picturesque setting: a golf course stretches on one side, and the mountains all round are thickly clad with deodar woods. It’s very green and beautiful, and the carefully maintained gardens of the entire complex are a pleasure to visit. The Army Heritage Museum spreads over several levels. On the lower level, a hall contains the colours of different military regiments of the Indian Army, along with details of the major battles fought by the Army.On the upper level, which is the main building of the museum, a series of connected rooms, all fairly small, examine different aspects of Indian military. Ancient Indian military ethos, great commanders, military facts from across ancient, medieval and colonial India are covered here, as are uniforms, military music and bands, military honours and awards, weapon displays, the Army’s role in sports and adventure, and interesting insights into the history of the Indian Army, such as old photos of the Indian Military Academy (IMA) and its distinguished graduates.Above the museum building is a well-maintained and rather nice cactus house. Behind the main museum building is a souvenir shop and a cafeteria which sells basic snacks, such as patties, doughnuts and samosas, along with instant (Maggi) noodles, packaged soft drinks, tea, and coffee. Entry to the museum is free and photography is allowed. In the summer (April to October) timings are 10 to 2 and 3 to 5 on all days except Monday and gazetted holidays. Winter timings, on the same days of the week, are 10 to 2 and 3 to 4.","Jan 2015","","","","2024-03-02T16:49:01Z"
"Annandale Army Heritage Museum","Shimla,Himachal Pradesh","g304552","d4103929","4.5","https://www.tripadvisor.com/ShowUserReviews-g304552-d4103929-r879949522-Annandale_Army_Heritage_Museum-Shimla_Shimla_District_Himachal_Pradesh.html","https://dynamic-media-cdn.tripadvisor.com/media/photo-o/1a/f6/e3/1f/default-avatar-2020-46.jpg?w=100&h=-1&s=1","5.0 of 5 bubbles","Valley of wonder.",502,"Annadale, popularly mis-spelt as Annandale, is an Indian army structure, situated in a valley, approachable by car, through good metalled road. This masterpiece in Shimla is a cluster of many tourist interesting points, surrounded by thick deodar woods. Mainly this is Indian Army's training, heritage environment & transit complex with a Army heritage museum, play ground, golf course, helipad, and cactus garden. Regular army activities ensure its proper upkeep to maintain pristine glory amidst sylvan surroundings.   The heritage museum comprising of armaments, cactus garden with substantial variety, and the well maintained lawns & gardens are a treat. A stone embodiment of the text of Shimla Agreement signed between Smt. Indira Gandhi, the then Prime minister of Republic of India and Mr. Zulfikar Ali Bhutto, the then President of Islamic Republic of Pakistan has been displayed here. Worth visiting place.","Oct 2014","","","","2024-03-02T16:49:01Z"
"Annandale Army Heritage Museum","Shimla,Himachal Pradesh","g304552","d4103929","4.5","https://www.tripadvisor.com/ShowUserReviews-g304552-d4103929-r685611283-Annandale_Army_Heritage_Museum-Shimla_Shimla_District_Himachal_Pradesh.html","https://dynamic-media-cdn.tripadvisor.com/media/photo-o/1a/f6/f2/eb/default-avatar-2020-27.jpg?w=100&h=-1&s=1","5.0 of 5 bubbles","serene and quite",2,"annadale is one of that places in shimla which dosent offer much in ways of sightseeing. its a plateau (ground) at one of the lowest elevations in shimla. its surrounded by local residencial area on one side and by forest on another three. can be reached either from HP vidhansabha or cart road near victory tunnel. its a place you would want to visit if u like the quietness and nature around you. provides a nice break from hustle and bustle of shimla city. The ground is owned by Army so you are not allowed to walk in the ground itself. however they have a very good army museum at one side which is a must visit if you are here. also the ground has a 9 hole golf course accessible mostly to high ranking army and govt officials.","Jun 2017","","","","2024-03-02T16:49:01Z"
"Annandale Army Heritage Museum","Shimla,Himachal Pradesh","g304552","d4103929","4.5","https://www.tripadvisor.com/ShowUserReviews-g304552-d4103929-r678857315-Annandale_Army_Heritage_Museum-Shimla_Shimla_District_Himachal_Pradesh.html","https://dynamic-media-cdn.tripadvisor.com/media/photo-o/06/e0/44/ad/ruchimehta2014.jpg?w=100&h=-1&s=1","4.0 of 5 bubbles","Nice and quiet destination away from the main city",7,"I went there to visit the Army museum which houses a ton of information and artefacts for history fans. There is a nice little golf course next to the museum. The greenhouse that houses more than 2 dozen varieties of cacti must not be missed!","May 2019","","","","2024-03-02T16:49:01Z"
"Annandale Army Heritage Museum","Shimla,Himachal Pradesh","g304552","d4103929","4.5","https://www.tripadvisor.com/ShowUserReviews-g304552-d4103929-r672403190-Annandale_Army_Heritage_Museum-Shimla_Shimla_District_Himachal_Pradesh.html","https://dynamic-media-cdn.tripadvisor.com/media/photo-o/1a/f6/f2/11/default-avatar-2020-23.jpg?w=100&h=-1&s=1","4.0 of 5 bubbles","Awesome and informative ",45,"Sometimes wrongly spelled as Annandale,is a must visit place for tourists.it is open from 10am till 4pm on all days except Monday's.once a place used for parties,games etc Annadale is now maintained by Indian Army.it houses Army museum,golf course and a small glass house. One can learn the history of Indian army.it has many place sfor photography","Oct 2018","","","","2024-03-02T16:49:01Z"
"Annandale Army Heritage Museum","Shimla,Himachal Pradesh","g304552","d4103929","4.5","https://www.tripadvisor.com/ShowUserReviews-g304552-d4103929-r643373232-Annandale_Army_Heritage_Museum-Shimla_Shimla_District_Himachal_Pradesh.html","https://dynamic-media-cdn.tripadvisor.com/media/photo-o/1a/f6/df/99/default-avatar-2020-40.jpg?w=100&h=-1&s=1","3.0 of 5 bubbles","Superb, Sylvan surroundings. A must visit place in Shimla",15,"Annadale is within Shimla, about 3 km from down down in a valley. The place is characterised by an army museum and a big golf course. Set in a lush green Sylvan surroundings its a serene place where you can easily spend a couple of hours and enjoy peace and clean air. Even the approach Road to this place is a pleasure drive or trek for the enthusiasts. Army museum is spic and span and exhibits gallantry and valour of achievers in great Indian Army. There is a small public cafetaria too. Pl checkout the visiting hrs of Army museum which I think closes at 17 hrs.Don't miss your visit to Annadale. This is one of the must visit places Shimla offers.","Jan 2018","","","","2024-03-02T16:49:01Z"
"Annandale Army Heritage Museum","Shimla,Himachal Pradesh","g304552","d4103929","4.5","https://www.tripadvisor.com/ShowUserReviews-g304552-d4103929-r641242542-Annandale_Army_Heritage_Museum-Shimla_Shimla_District_Himachal_Pradesh.html","https://dynamic-media-cdn.tripadvisor.com/media/photo-o/0b/8d/73/a1/sayanjeetm.jpg?w=100&h=-1&s=1","5.0 of 5 bubbles","Refreshingly green",157,"The grounds were beautifully kept and green, with a small snack stall at the back. The army museum was interesting for the kids but the real highlight was the stunning greenhouse that is home to a large variety of cacti. We spent a pleasant afternoon enjoying the view as golfers played on the Annandale (tourists are not allowed) and drinking milkshakes from the stall. Do remember that a valid government ID proof is required to prove your nationality as an Indian to enter.","Mar 2017","","","","2024-03-02T16:49:01Z"
"Annandale Army Heritage Museum","Shimla,Himachal Pradesh","g304552","d4103929","4.5","https://www.tripadvisor.com/ShowUserReviews-g304552-d4103929-r638844314-Annandale_Army_Heritage_Museum-Shimla_Shimla_District_Himachal_Pradesh.html","https://dynamic-media-cdn.tripadvisor.com/media/photo-o/12/2a/4f/79/pradeepprahllad.jpg?w=100&h=-1&s=1","5.0 of 5 bubbles","A peaceful picturesque place - worth a visit",207,"Looking like it might have been in Canada, this compact museum about Indian Army matters is well worth a visit if you can fit it in.  It is in a bowl at the foot of Shimla and very well looked after.  Bring your passport (or a copy) as it may be required - this is an army site.","Jun 2023","","","","2024-03-02T16:49:01Z"
"Annandale Army Heritage Museum","Shimla,Himachal Pradesh","g304552","d4103929","4.5","https://www.tripadvisor.com/ShowUserReviews-g304552-d4103929-r633549483-Annandale_Army_Heritage_Museum-Shimla_Shimla_District_Himachal_Pradesh.html","https://dynamic-media-cdn.tripadvisor.com/media/photo-o/07/53/4f/a4/sudha-r.jpg?w=100&h=-1&s=1","4.0 of 5 bubbles","Disciplined & serene",236,"The first thing to watch here is the Army Museum. Please be noted that the Museum remains closed in all Mondays and ket open between 10:00am to 4:00pm in the other days.","Feb 2023","","","","2024-03-02T16:49:01Z"
"Annandale Army Heritage Museum","Shimla,Himachal Pradesh","g304552","d4103929","4.5","https://www.tripadvisor.com/ShowUserReviews-g304552-d4103929-r631754050-Annandale_Army_Heritage_Museum-Shimla_Shimla_District_Himachal_Pradesh.html","https://dynamic-media-cdn.tripadvisor.com/media/photo-s/01/b0/8a/42/dcckid.jpg?w=100&h=-1&s=1","4.0 of 5 bubbles","Peaceful!",50,"There are very few places that are as scenic and peaceful as this one. The panoramic views are simply marvellous and there's a small cafe where one can enjoy these views for hours.Apart from that, there is a very well setup and maintained army museum to navigate through.","Jun 2019","","","","2024-03-02T16:49:01Z"
"Annandale Army Heritage Museum","Shimla,Himachal Pradesh","g304552","d4103929","4.5","https://www.tripadvisor.com/ShowUserReviews-g304552-d4103929-r899334425-Annandale_Army_Heritage_Museum-Shimla_Shimla_District_Himachal_Pradesh.html","https://dynamic-media-cdn.tripadvisor.com/media/photo-o/0b/19/cd/d1/madhulika-l.jpg?w=100&h=-1&s=1","4.0 of 5 bubbles","A peek into the Indian Army",4,"The Army Heritage Museum in Annadale sits below the main Shimla town, in a very picturesque setting: a golf course stretches on one side, and the mountains all round are thickly clad with deodar woods. It’s very green and beautiful, and the carefully maintained gardens of the entire complex are a pleasure to visit. The Army Heritage Museum spreads over several levels. On the lower level, a hall contains the colours of different military regiments of the Indian Army, along with details of the major battles fought by the Army.On the upper level, which is the main building of the museum, a series of connected rooms, all fairly small, examine different aspects of Indian military. Ancient Indian military ethos, great commanders, military facts from across ancient, medieval and colonial India are covered here, as are uniforms, military music and bands, military honours and awards, weapon displays, the Army’s role in sports and adventure, and interesting insights into the history of the Indian Army, such as old photos of the Indian Military Academy (IMA) and its distinguished graduates.Above the museum building is a well-maintained and rather nice cactus house. Behind the main museum building is a souvenir shop and a cafeteria which sells basic snacks, such as patties, doughnuts and samosas, along with instant (Maggi) noodles, packaged soft drinks, tea, and coffee. Entry to the museum is free and photography is allowed. In the summer (April to October) timings are 10 to 2 and 3 to 5 on all days except Monday and gazetted holidays. Winter timings, on the same days of the week, are 10 to 2 and 3 to 4.","May 2019","","","","2024-03-02T16:49:02Z"
"Annandale Army Heritage Museum","Shimla,Himachal Pradesh","g304552","d4103929","4.5","https://www.tripadvisor.com/ShowUserReviews-g304552-d4103929-r879949522-Annandale_Army_Heritage_Museum-Shimla_Shimla_District_Himachal_Pradesh.html","https://dynamic-media-cdn.tripadvisor.com/media/photo-o/1a/f6/e3/1f/default-avatar-2020-46.jpg?w=100&h=-1&s=1","5.0 of 5 bubbles","Valley of wonder.",164,"Annadale, popularly mis-spelt as Annandale, is an Indian army structure, situated in a valley, approachable by car, through good metalled road. This masterpiece in Shimla is a cluster of many tourist interesting points, surrounded by thick deodar woods. Mainly this is Indian Army's training, heritage environment & transit complex with a Army heritage museum, play ground, golf course, helipad, and cactus garden. Regular army activities ensure its proper upkeep to maintain pristine glory amidst sylvan surroundings.   The heritage museum comprising of armaments, cactus garden with substantial variety, and the well maintained lawns & gardens are a treat. A stone embodiment of the text of Shimla Agreement signed between Smt. Indira Gandhi, the then Prime minister of Republic of India and Mr. Zulfikar Ali Bhutto, the then President of Islamic Republic of Pakistan has been displayed here. Worth visiting place.","Sep 2018","","","","2024-03-02T16:49:02Z"
"Annandale Army Heritage Museum","Shimla,Himachal Pradesh","g304552","d4103929","4.5","https://www.tripadvisor.com/ShowUserReviews-g304552-d4103929-r685611283-Annandale_Army_Heritage_Museum-Shimla_Shimla_District_Himachal_Pradesh.html","https://dynamic-media-cdn.tripadvisor.com/media/photo-o/1a/f6/f2/eb/default-avatar-2020-27.jpg?w=100&h=-1&s=1","5.0 of 5 bubbles","serene and quite",13,"annadale is one of that places in shimla which dosent offer much in ways of sightseeing. its a plateau (ground) at one of the lowest elevations in shimla. its surrounded by local residencial area on one side and by forest on another three. can be reached either from HP vidhansabha or cart road near victory tunnel. its a place you would want to visit if u like the quietness and nature around you. provides a nice break from hustle and bustle of shimla city. The ground is owned by Army so you are not allowed to walk in the ground itself. however they have a very good army museum at one side which is a must visit if you are here. also the ground has a 9 hole golf course accessible mostly to high ranking army and govt officials.","Dec 2018","","","","2024-03-02T16:49:02Z"
"Annandale Army Heritage Museum","Shimla,Himachal Pradesh","g304552","d4103929","4.5","https://www.tripadvisor.com/ShowUserReviews-g304552-d4103929-r678857315-Annandale_Army_Heritage_Museum-Shimla_Shimla_District_Himachal_Pradesh.html","https://dynamic-media-cdn.tripadvisor.com/media/photo-o/06/e0/44/ad/ruchimehta2014.jpg?w=100&h=-1&s=1","4.0 of 5 bubbles","Nice and quiet destination away from the main city",157,"I went there to visit the Army museum which houses a ton of information and artefacts for history fans. There is a nice little golf course next to the museum. The greenhouse that houses more than 2 dozen varieties of cacti must not be missed!","Dec 2018","","","","2024-03-02T16:49:02Z"
"Annandale Army Heritage Museum","Shimla,Himachal Pradesh","g304552","d4103929","4.5","https://www.tripadvisor.com/ShowUserReviews-g304552-d4103929-r672403190-Annandale_Army_Heritage_Museum-Shimla_Shimla_District_Himachal_Pradesh.html","https://dynamic-media-cdn.tripadvisor.com/media/photo-o/1a/f6/f2/11/default-avatar-2020-23.jpg?w=100&h=-1&s=1","4.0 of 5 bubbles","Awesome and informative ",30,"Sometimes wrongly spelled as Annandale,is a must visit place for tourists.it is open from 10am till 4pm on all days except Monday's.once a place used for parties,games etc Annadale is now maintained by Indian Army.it houses Army museum,golf course and a small glass house. One can learn the history of Indian army.it has many place sfor photography","May 2018","","","","2024-03-02T16:49:02Z"
"Annandale Army Heritage Museum","Shimla,Himachal Pradesh","g304552","d4103929","4.5","https://www.tripadvisor.com/ShowUserReviews-g304552-d4103929-r643373232-Annandale_Army_Heritage_Museum-Shimla_Shimla_District_Himachal_Pradesh.html","https://dynamic-media-cdn.tripadvisor.com/media/photo-o/1a/f6/df/99/default-avatar-2020-40.jpg?w=100&h=-1&s=1","3.0 of 5 bubbles","Superb, Sylvan surroundings. A must visit place in Shimla",9,"Annadale is within Shimla, about 3 km from down down in a valley. The place is characterised by an army museum and a big golf course. Set in a lush green Sylvan surroundings its a serene place where you can easily spend a couple of hours and enjoy peace and clean air. Even the approach Road to this place is a pleasure drive or trek for the enthusiasts. Army museum is spic and span and exhibits gallantry and valour of achievers in great Indian Army. There is a small public cafetaria too. Pl checkout the visiting hrs of Army museum which I think closes at 17 hrs.Don't miss your visit to Annadale. This is one of the must visit places Shimla offers.","Nov 2018","","","","2024-03-02T16:49:02Z"
"Annandale Army Heritage Museum","Shimla,Himachal Pradesh","g304552","d4103929","4.5","https://www.tripadvisor.com/ShowUserReviews-g304552-d4103929-r641242542-Annandale_Army_Heritage_Museum-Shimla_Shimla_District_Himachal_Pradesh.html","https://dynamic-media-cdn.tripadvisor.com/media/photo-o/0b/8d/73/a1/sayanjeetm.jpg?w=100&h=-1&s=1","5.0 of 5 bubbles","Refreshingly green",1,"The grounds were beautifully kept and green, with a small snack stall at the back. The army museum was interesting for the kids but the real highlight was the stunning greenhouse that is home to a large variety of cacti. We spent a pleasant afternoon enjoying the view as golfers played on the Annandale (tourists are not allowed) and drinking milkshakes from the stall. Do remember that a valid government ID proof is required to prove your nationality as an Indian to enter.","Oct 2018","","","","2024-03-02T16:49:02Z"
"Annandale Army Heritage Museum","Shimla,Himachal Pradesh","g304552","d4103929","4.5","https://www.tripadvisor.com/ShowUserReviews-g304552-d4103929-r638844314-Annandale_Army_Heritage_Museum-Shimla_Shimla_District_Himachal_Pradesh.html","https://dynamic-media-cdn.tripadvisor.com/media/photo-o/12/2a/4f/79/pradeepprahllad.jpg?w=100&h=-1&s=1","5.0 of 5 bubbles","A peaceful picturesque place - worth a visit",10,"Looking like it might have been in Canada, this compact museum about Indian Army matters is well worth a visit if you can fit it in.  It is in a bowl at the foot of Shimla and very well looked after.  Bring your passport (or a copy) as it may be required - this is an army site.","Jun 2023","","","","2024-03-02T16:49:02Z"
"Annandale Army Heritage Museum","Shimla,Himachal Pradesh","g304552","d4103929","4.5","https://www.tripadvisor.com/ShowUserReviews-g304552-d4103929-r633549483-Annandale_Army_Heritage_Museum-Shimla_Shimla_District_Himachal_Pradesh.html","https://dynamic-media-cdn.tripadvisor.com/media/photo-o/07/53/4f/a4/sudha-r.jpg?w=100&h=-1&s=1","4.0 of 5 bubbles","Disciplined & serene",26,"The first thing to watch here is the Army Museum. Please be noted that the Museum remains closed in all Mondays and ket open between 10:00am to 4:00pm in the other days.","Feb 2023","","","","2024-03-02T16:49:02Z"
"Annandale Army Heritage Museum","Shimla,Himachal Pradesh","g304552","d4103929","4.5","https://www.tripadvisor.com/ShowUserReviews-g304552-d4103929-r631754050-Annandale_Army_Heritage_Museum-Shimla_Shimla_District_Himachal_Pradesh.html","https://dynamic-media-cdn.tripadvisor.com/media/photo-s/01/b0/8a/42/dcckid.jpg?w=100&h=-1&s=1","4.0 of 5 bubbles","Peaceful!",207,"There are very few places that are as scenic and peaceful as this one. The panoramic views are simply marvellous and there's a small cafe where one can enjoy these views for hours.Apart from that, there is a very well setup and maintained army museum to navigate through.","Jun 2019","","","","2024-03-02T16:49:02Z"
"Annandale Army Heritage Museum","Shimla,Himachal Pradesh","g304552","d4103929","4.5","https://www.tripadvisor.com/ShowUserReviews-g304552-d4103929-r899334425-Annandale_Army_Heritage_Museum-Shimla_Shimla_District_Himachal_Pradesh.html","https://dynamic-media-cdn.tripadvisor.com/media/photo-o/0b/19/cd/d1/madhulika-l.jpg?w=100&h=-1&s=1","4.0 of 5 bubbles","A peek into the Indian Army",4,"The Army Heritage Museum in Annadale sits below the main Shimla town, in a very picturesque setting: a golf course stretches on one side, and the mountains all round are thickly clad with deodar woods. It’s very green and beautiful, and the carefully maintained gardens of the entire complex are a pleasure to visit. The Army Heritage Museum spreads over several levels. On the lower level, a hall contains the colours of different military regiments of the Indian Army, along with details of the major battles fought by the Army.On the upper level, which is the main building of the museum, a series of connected rooms, all fairly small, examine different aspects of Indian military. Ancient Indian military ethos, great commanders, military facts from across ancient, medieval and colonial India are covered here, as are uniforms, military music and bands, military honours and awards, weapon displays, the Army’s role in sports and adventure, and interesting insights into the history of the Indian Army, such as old photos of the Indian Military Academy (IMA) and its distinguished graduates.Above the museum building is a well-maintained and rather nice cactus house. Behind the main museum building is a souvenir shop and a cafeteria which sells basic snacks, such as patties, doughnuts and samosas, along with instant (Maggi) noodles, packaged soft drinks, tea, and coffee. Entry to the museum is free and photography is allowed. In the summer (April to October) timings are 10 to 2 and 3 to 5 on all days except Monday and gazetted holidays. Winter timings, on the same days of the week, are 10 to 2 and 3 to 4.","May 2019","","","","2024-03-02T16:49:04Z"
"Annandale Army Heritage Museum","Shimla,Himachal Pradesh","g304552","d4103929","4.5","https://www.tripadvisor.com/ShowUserReviews-g304552-d4103929-r237951122-Annandale_Army_Heritage_Museum-Shimla_Shimla_District_Himachal_Pradesh.html","https://dynamic-media-cdn.tripadvisor.com/media/photo-o/1a/f6/e3/1f/default-avatar-2020-46.jpg?w=100&h=-1&s=1","5.0 of 5 bubbles","Valley of wonder.",502,"Annadale, popularly mis-spelt as Annandale, is an Indian army structure, situated in a valley, approachable by car, through good metalled road. This masterpiece in Shimla is a cluster of many tourist interesting points, surrounded by thick deodar woods. Mainly this is Indian Army's training, heritage environment & transit complex with a Army heritage museum, play ground, golf course, helipad, and cactus garden. Regular army activities ensure its proper upkeep to maintain pristine glory amidst sylvan surroundings.   The heritage museum comprising of armaments, cactus garden with substantial variety, and the well maintained lawns & gardens are a treat. A stone embodiment of the text of Shimla Agreement signed between Smt. Indira Gandhi, the then Prime minister of Republic of India and Mr. Zulfikar Ali Bhutto, the then President of Islamic Republic of Pakistan has been displayed here. Worth visiting place.","Sep 2018","","","","2024-03-02T16:49:04Z"
"Annandale Army Heritage Museum","Shimla,Himachal Pradesh","g304552","d4103929","4.5","https://www.tripadvisor.com/ShowUserReviews-g304552-d4103929-r255911258-Annandale_Army_Heritage_Museum-Shimla_Shimla_District_Himachal_Pradesh.html","https://dynamic-media-cdn.tripadvisor.com/media/photo-o/1a/f6/f2/eb/default-avatar-2020-27.jpg?w=100&h=-1&s=1","5.0 of 5 bubbles","serene and quite",2,"annadale is one of that places in shimla which dosent offer much in ways of sightseeing. its a plateau (ground) at one of the lowest elevations in shimla. its surrounded by local residencial area on one side and by forest on another three. can be reached either from HP vidhansabha or cart road near victory tunnel. its a place you would want to visit if u like the quietness and nature around you. provides a nice break from hustle and bustle of shimla city. The ground is owned by Army so you are not allowed to walk in the ground itself. however they have a very good army museum at one side which is a must visit if you are here. also the ground has a 9 hole golf course accessible mostly to high ranking army and govt officials.","Dec 2018","","","","2024-03-02T16:49:04Z"
"Annandale Army Heritage Museum","Shimla,Himachal Pradesh","g304552","d4103929","4.5","https://www.tripadvisor.com/ShowUserReviews-g304552-d4103929-r236778874-Annandale_Army_Heritage_Museum-Shimla_Shimla_District_Himachal_Pradesh.html","https://dynamic-media-cdn.tripadvisor.com/media/photo-o/06/e0/44/ad/ruchimehta2014.jpg?w=100&h=-1&s=1","4.0 of 5 bubbles","Nice and quiet destination away from the main city",7,"I went there to visit the Army museum which houses a ton of information and artefacts for history fans. There is a nice little golf course next to the museum. The greenhouse that houses more than 2 dozen varieties of cacti must not be missed!","Dec 2018","","","","2024-03-02T16:49:04Z"
"Annandale Army Heritage Museum","Shimla,Himachal Pradesh","g304552","d4103929","4.5","https://www.tripadvisor.com/ShowUserReviews-g304552-d4103929-r268852868-Annandale_Army_Heritage_Museum-Shimla_Shimla_District_Himachal_Pradesh.html","https://dynamic-media-cdn.tripadvisor.com/media/photo-o/1a/f6/f2/11/default-avatar-2020-23.jpg?w=100&h=-1&s=1","4.0 of 5 bubbles","Awesome and informative ",45,"Sometimes wrongly spelled as Annandale,is a must visit place for tourists.it is open from 10am till 4pm on all days except Monday's.once a place used for parties,games etc Annadale is now maintained by Indian Army.it houses Army museum,golf course and a small glass house. One can learn the history of Indian army.it has many place sfor photography","May 2018","","","","2024-03-02T16:49:04Z"
"Annandale Army Heritage Museum","Shimla,Himachal Pradesh","g304552","d4103929","4.5","https://www.tripadvisor.com/ShowUserReviews-g304552-d4103929-r494846549-Annandale_Army_Heritage_Museum-Shimla_Shimla_District_Himachal_Pradesh.html","https://dynamic-media-cdn.tripadvisor.com/media/photo-o/1a/f6/df/99/default-avatar-2020-40.jpg?w=100&h=-1&s=1","3.0 of 5 bubbles","Superb, Sylvan surroundings. A must visit place in Shimla",15,"Annadale is within Shimla, about 3 km from down down in a valley. The place is characterised by an army museum and a big golf course. Set in a lush green Sylvan surroundings its a serene place where you can easily spend a couple of hours and enjoy peace and clean air. Even the approach Road to this place is a pleasure drive or trek for the enthusiasts. Army museum is spic and span and exhibits gallantry and valour of achievers in great Indian Army. There is a small public cafetaria too. Pl checkout the visiting hrs of Army museum which I think closes at 17 hrs.Don't miss your visit to Annadale. This is one of the must visit places Shimla offers.","Nov 2018","","","","2024-03-02T16:49:04Z"
"Annandale Army Heritage Museum","Shimla,Himachal Pradesh","g304552","d4103929","4.5","https://www.tripadvisor.com/ShowUserReviews-g304552-d4103929-r678857315-Annandale_Army_Heritage_Museum-Shimla_Shimla_District_Himachal_Pradesh.html","https://dynamic-media-cdn.tripadvisor.com/media/photo-o/0b/8d/73/a1/sayanjeetm.jpg?w=100&h=-1&s=1","5.0 of 5 bubbles","Refreshingly green",157,"The grounds were beautifully kept and green, with a small snack stall at the back. The army museum was interesting for the kids but the real highlight was the stunning greenhouse that is home to a large variety of cacti. We spent a pleasant afternoon enjoying the view as golfers played on the Annandale (tourists are not allowed) and drinking milkshakes from the stall. Do remember that a valid government ID proof is required to prove your nationality as an Indian to enter.","Oct 2018","","","","2024-03-02T16:49:04Z"
"Annandale Army Heritage Museum","Shimla,Himachal Pradesh","g304552","d4103929","4.5","https://www.tripadvisor.com/ShowUserReviews-g304552-d4103929-r631754050-Annandale_Army_Heritage_Museum-Shimla_Shimla_District_Himachal_Pradesh.html","https://dynamic-media-cdn.tripadvisor.com/media/photo-o/12/2a/4f/79/pradeepprahllad.jpg?w=100&h=-1&s=1","5.0 of 5 bubbles","A peaceful picturesque place - worth a visit",207,"Looking like it might have been in Canada, this compact museum about Indian Army matters is well worth a visit if you can fit it in.  It is in a bowl at the foot of Shimla and very well looked after.  Bring your passport (or a copy) as it may be required - this is an army site.","Jun 2023","","","","2024-03-02T16:49:04Z"
"Annandale Army Heritage Museum","Shimla,Himachal Pradesh","g304552","d4103929","4.5","https://www.tripadvisor.com/ShowUserReviews-g304552-d4103929-r554894399-Annandale_Army_Heritage_Museum-Shimla_Shimla_District_Himachal_Pradesh.html","https://dynamic-media-cdn.tripadvisor.com/media/photo-o/07/53/4f/a4/sudha-r.jpg?w=100&h=-1&s=1","4.0 of 5 bubbles","Disciplined & serene",236,"The first thing to watch here is the Army Museum. Please be noted that the Museum remains closed in all Mondays and ket open between 10:00am to 4:00pm in the other days.","Oct 2014","","","","2024-03-02T16:49:04Z"
"Annandale Army Heritage Museum","Shimla,Himachal Pradesh","g304552","d4103929","4.5","https://www.tripadvisor.com/ShowUserReviews-g304552-d4103929-r470620585-Annandale_Army_Heritage_Museum-Shimla_Shimla_District_Himachal_Pradesh.html","https://dynamic-media-cdn.tripadvisor.com/media/photo-s/01/b0/8a/42/dcckid.jpg?w=100&h=-1&s=1","4.0 of 5 bubbles","Peaceful!",50,"There are very few places that are as scenic and peaceful as this one. The panoramic views are simply marvellous and there's a small cafe where one can enjoy these views for hours.Apart from that, there is a very well setup and maintained army museum to navigate through.","Jan 2015","","","","2024-03-02T16:49:04Z"
"Annandale Army Heritage Museum","Shimla,Himachal Pradesh","g304552","d4103929","4.5","https://www.tripadvisor.com/ShowUserReviews-g304552-d4103929-r899334425-Annandale_Army_Heritage_Museum-Shimla_Shimla_District_Himachal_Pradesh.html","https://dynamic-media-cdn.tripadvisor.com/media/photo-o/0b/19/cd/d1/madhulika-l.jpg?w=100&h=-1&s=1","4.0 of 5 bubbles","A peek into the Indian Army",4,"The Army Heritage Museum in Annadale sits below the main Shimla town, in a very picturesque setting: a golf course stretches on one side, and the mountains all round are thickly clad with deodar woods. It’s very green and beautiful, and the carefully maintained gardens of the entire complex are a pleasure to visit. The Army Heritage Museum spreads over several levels. On the lower level, a hall contains the colours of different military regiments of the Indian Army, along with details of the major battles fought by the Army.On the upper level, which is the main building of the museum, a series of connected rooms, all fairly small, examine different aspects of Indian military. Ancient Indian military ethos, great commanders, military facts from across ancient, medieval and colonial India are covered here, as are uniforms, military music and bands, military honours and awards, weapon displays, the Army’s role in sports and adventure, and interesting insights into the history of the Indian Army, such as old photos of the Indian Military Academy (IMA) and its distinguished graduates.Above the museum building is a well-maintained and rather nice cactus house. Behind the main museum building is a souvenir shop and a cafeteria which sells basic snacks, such as patties, doughnuts and samosas, along with instant (Maggi) noodles, packaged soft drinks, tea, and coffee. Entry to the museum is free and photography is allowed. In the summer (April to October) timings are 10 to 2 and 3 to 5 on all days except Monday and gazetted holidays. Winter timings, on the same days of the week, are 10 to 2 and 3 to 4.","Oct 2014","","","","2024-03-02T16:49:06Z"
"Annandale Army Heritage Museum","Shimla,Himachal Pradesh","g304552","d4103929","4.5","https://www.tripadvisor.com/ShowUserReviews-g304552-d4103929-r879949522-Annandale_Army_Heritage_Museum-Shimla_Shimla_District_Himachal_Pradesh.html","https://dynamic-media-cdn.tripadvisor.com/media/photo-o/1a/f6/e3/1f/default-avatar-2020-46.jpg?w=100&h=-1&s=1","5.0 of 5 bubbles","Valley of wonder.",164,"Annadale, popularly mis-spelt as Annandale, is an Indian army structure, situated in a valley, approachable by car, through good metalled road. This masterpiece in Shimla is a cluster of many tourist interesting points, surrounded by thick deodar woods. Mainly this is Indian Army's training, heritage environment & transit complex with a Army heritage museum, play ground, golf course, helipad, and cactus garden. Regular army activities ensure its proper upkeep to maintain pristine glory amidst sylvan surroundings.   The heritage museum comprising of armaments, cactus garden with substantial variety, and the well maintained lawns & gardens are a treat. A stone embodiment of the text of Shimla Agreement signed between Smt. Indira Gandhi, the then Prime minister of Republic of India and Mr. Zulfikar Ali Bhutto, the then President of Islamic Republic of Pakistan has been displayed here. Worth visiting place.","Jun 2017","","","","2024-03-02T16:49:06Z"
"Annandale Army Heritage Museum","Shimla,Himachal Pradesh","g304552","d4103929","4.5","https://www.tripadvisor.com/ShowUserReviews-g304552-d4103929-r685611283-Annandale_Army_Heritage_Museum-Shimla_Shimla_District_Himachal_Pradesh.html","https://dynamic-media-cdn.tripadvisor.com/media/photo-o/1a/f6/f2/eb/default-avatar-2020-27.jpg?w=100&h=-1&s=1","5.0 of 5 bubbles","serene and quite",13,"annadale is one of that places in shimla which dosent offer much in ways of sightseeing. its a plateau (ground) at one of the lowest elevations in shimla. its surrounded by local residencial area on one side and by forest on another three. can be reached either from HP vidhansabha or cart road near victory tunnel. its a place you would want to visit if u like the quietness and nature around you. provides a nice break from hustle and bustle of shimla city. The ground is owned by Army so you are not allowed to walk in the ground itself. however they have a very good army museum at one side which is a must visit if you are here. also the ground has a 9 hole golf course accessible mostly to high ranking army and govt officials.","May 2019","","","","2024-03-02T16:49:06Z"
"Annandale Army Heritage Museum","Shimla,Himachal Pradesh","g304552","d4103929","4.5","https://www.tripadvisor.com/ShowUserReviews-g304552-d4103929-r678857315-Annandale_Army_Heritage_Museum-Shimla_Shimla_District_Himachal_Pradesh.html","https://dynamic-media-cdn.tripadvisor.com/media/photo-o/06/e0/44/ad/ruchimehta2014.jpg?w=100&h=-1&s=1","4.0 of 5 bubbles","Nice and quiet destination away from the main city",157,"I went there to visit the Army museum which houses a ton of information and artefacts for history fans. There is a nice little golf course next to the museum. The greenhouse that houses more than 2 dozen varieties of cacti must not be missed!","Oct 2018","","","","2024-03-02T16:49:06Z"
"Annandale Army Heritage Museum","Shimla,Himachal Pradesh","g304552","d4103929","4.5","https://www.tripadvisor.com/ShowUserReviews-g304552-d4103929-r672403190-Annandale_Army_Heritage_Museum-Shimla_Shimla_District_Himachal_Pradesh.html","https://dynamic-media-cdn.tripadvisor.com/media/photo-o/1a/f6/f2/11/default-avatar-2020-23.jpg?w=100&h=-1&s=1","4.0 of 5 bubbles","Awesome and informative ",30,"Sometimes wrongly spelled as Annandale,is a must visit place for tourists.it is open from 10am till 4pm on all days except Monday's.once a place used for parties,games etc Annadale is now maintained by Indian Army.it houses Army museum,golf course and a small glass house. One can learn the history of Indian army.it has many place sfor photography","Jan 2018","","","","2024-03-02T16:49:06Z"
"Annandale Army Heritage Museum","Shimla,Himachal Pradesh","g304552","d4103929","4.5","https://www.tripadvisor.com/ShowUserReviews-g304552-d4103929-r643373232-Annandale_Army_Heritage_Museum-Shimla_Shimla_District_Himachal_Pradesh.html","https://dynamic-media-cdn.tripadvisor.com/media/photo-o/1a/f6/df/99/default-avatar-2020-40.jpg?w=100&h=-1&s=1","3.0 of 5 bubbles","Superb, Sylvan surroundings. A must visit place in Shimla",9,"Annadale is within Shimla, about 3 km from down down in a valley. The place is characterised by an army museum and a big golf course. Set in a lush green Sylvan surroundings its a serene place where you can easily spend a couple of hours and enjoy peace and clean air. Even the approach Road to this place is a pleasure drive or trek for the enthusiasts. Army museum is spic and span and exhibits gallantry and valour of achievers in great Indian Army. There is a small public cafetaria too. Pl checkout the visiting hrs of Army museum which I think closes at 17 hrs.Don't miss your visit to Annadale. This is one of the must visit places Shimla offers.","Mar 2017","","","","2024-03-02T16:49:06Z"
"Annandale Army Heritage Museum","Shimla,Himachal Pradesh","g304552","d4103929","4.5","https://www.tripadvisor.com/ShowUserReviews-g304552-d4103929-r641242542-Annandale_Army_Heritage_Museum-Shimla_Shimla_District_Himachal_Pradesh.html","https://dynamic-media-cdn.tripadvisor.com/media/photo-o/0b/8d/73/a1/sayanjeetm.jpg?w=100&h=-1&s=1","5.0 of 5 bubbles","Refreshingly green",1,"The grounds were beautifully kept and green, with a small snack stall at the back. The army museum was interesting for the kids but the real highlight was the stunning greenhouse that is home to a large variety of cacti. We spent a pleasant afternoon enjoying the view as golfers played on the Annandale (tourists are not allowed) and drinking milkshakes from the stall. Do remember that a valid government ID proof is required to prove your nationality as an Indian to enter.","Jun 2023","","","","2024-03-02T16:49:06Z"
"Annandale Army Heritage Museum","Shimla,Himachal Pradesh","g304552","d4103929","4.5","https://www.tripadvisor.com/ShowUserReviews-g304552-d4103929-r638844314-Annandale_Army_Heritage_Museum-Shimla_Shimla_District_Himachal_Pradesh.html","https://dynamic-media-cdn.tripadvisor.com/media/photo-o/12/2a/4f/79/pradeepprahllad.jpg?w=100&h=-1&s=1","5.0 of 5 bubbles","A peaceful picturesque place - worth a visit",10,"Looking like it might have been in Canada, this compact museum about Indian Army matters is well worth a visit if you can fit it in.  It is in a bowl at the foot of Shimla and very well looked after.  Bring your passport (or a copy) as it may be required - this is an army site.","Oct 2014","","","","2024-03-02T16:49:06Z"
"Annandale Army Heritage Museum","Shimla,Himachal Pradesh","g304552","d4103929","4.5","https://www.tripadvisor.com/ShowUserReviews-g304552-d4103929-r633549483-Annandale_Army_Heritage_Museum-Shimla_Shimla_District_Himachal_Pradesh.html","https://dynamic-media-cdn.tripadvisor.com/media/photo-o/07/53/4f/a4/sudha-r.jpg?w=100&h=-1&s=1","4.0 of 5 bubbles","Disciplined & serene",26,"The first thing to watch here is the Army Museum. Please be noted that the Museum remains closed in all Mondays and ket open between 10:00am to 4:00pm in the other days.","Jan 2015","","","","2024-03-02T16:49:06Z"
"Annandale Army Heritage Museum","Shimla,Himachal Pradesh","g304552","d4103929","4.5","https://www.tripadvisor.com/ShowUserReviews-g304552-d4103929-r631754050-Annandale_Army_Heritage_Museum-Shimla_Shimla_District_Himachal_Pradesh.html","https://dynamic-media-cdn.tripadvisor.com/media/photo-s/01/b0/8a/42/dcckid.jpg?w=100&h=-1&s=1","4.0 of 5 bubbles","Peaceful!",207,"There are very few places that are as scenic and peaceful as this one. The panoramic views are simply marvellous and there's a small cafe where one can enjoy these views for hours.Apart from that, there is a very well setup and maintained army museum to navigate through.","Oct 2014","","","","2024-03-02T16:49:06Z"
"Annandale Army Heritage Museum","Shimla,Himachal Pradesh","g304552","d4103929","4.5","https://www.tripadvisor.com/ShowUserReviews-g304552-d4103929-r899334425-Annandale_Army_Heritage_Museum-Shimla_Shimla_District_Himachal_Pradesh.html","https://dynamic-media-cdn.tripadvisor.com/media/photo-o/0b/19/cd/d1/madhulika-l.jpg?w=100&h=-1&s=1","4.0 of 5 bubbles","A peek into the Indian Army",4,"The Army Heritage Museum in Annadale sits below the main Shimla town, in a very picturesque setting: a golf course stretches on one side, and the mountains all round are thickly clad with deodar woods. It’s very green and beautiful, and the carefully maintained gardens of the entire complex are a pleasure to visit. The Army Heritage Museum spreads over several levels. On the lower level, a hall contains the colours of different military regiments of the Indian Army, along with details of the major battles fought by the Army.On the upper level, which is the main building of the museum, a series of connected rooms, all fairly small, examine different aspects of Indian military. Ancient Indian military ethos, great commanders, military facts from across ancient, medieval and colonial India are covered here, as are uniforms, military music and bands, military honours and awards, weapon displays, the Army’s role in sports and adventure, and interesting insights into the history of the Indian Army, such as old photos of the Indian Military Academy (IMA) and its distinguished graduates.Above the museum building is a well-maintained and rather nice cactus house. Behind the main museum building is a souvenir shop and a cafeteria which sells basic snacks, such as patties, doughnuts and samosas, along with instant (Maggi) noodles, packaged soft drinks, tea, and coffee. Entry to the museum is free and photography is allowed. In the summer (April to October) timings are 10 to 2 and 3 to 5 on all days except Monday and gazetted holidays. Winter timings, on the same days of the week, are 10 to 2 and 3 to 4.","Jun 2017","","","","2024-03-02T16:49:09Z"
"Annandale Army Heritage Museum","Shimla,Himachal Pradesh","g304552","d4103929","4.5","https://www.tripadvisor.com/ShowUserReviews-g304552-d4103929-r879949522-Annandale_Army_Heritage_Museum-Shimla_Shimla_District_Himachal_Pradesh.html","https://dynamic-media-cdn.tripadvisor.com/media/photo-o/1a/f6/eb/a3/default-avatar-2020-38.jpg?w=100&h=-1&s=1","5.0 of 5 bubbles","Valley of wonder.",502,"Annandale Army Heritage Museum is a small museum surrounded by lush green trees and mountains displaying various artifacts related to Indian Army.","May 2019","","","","2024-03-02T16:49:09Z"
"Annandale Army Heritage Museum","Shimla,Himachal Pradesh","g304552","d4103929","4.5","https://www.tripadvisor.com/ShowUserReviews-g304552-d4103929-r685611283-Annandale_Army_Heritage_Museum-Shimla_Shimla_District_Himachal_Pradesh.html","https://dynamic-media-cdn.tripadvisor.com/media/photo-o/17/02/6d/da/l0wkey.jpg?w=100&h=-1&s=1","5.0 of 5 bubbles","serene and quite",2,"Very well managed and maintained. Does not take long to cover. Give a glimpse of Shimla and Army. Jai Hind.","Oct 2018","","","","2024-03-02T16:49:09Z"
"Annandale Army Heritage Museum","Shimla,Himachal Pradesh","g304552","d4103929","4.5","https://www.tripadvisor.com/ShowUserReviews-g304552-d4103929-r678857315-Annandale_Army_Heritage_Museum-Shimla_Shimla_District_Himachal_Pradesh.html","https://dynamic-media-cdn.tripadvisor.com/media/photo-l/01/2a/fd/a1/avatar.jpg?w=100&h=-1&s=1","4.0 of 5 bubbles","Nice and quiet destination away from the main city",7,"The grounds were beautifully kept and green, with a small snack stall at the back. The army museum was interesting for the kids but the real highlight was the stunning greenhouse that is home to a large variety of cacti. We spent a pleasant afternoon enjoying the view as golfers played on the Annandale (tourists are not allowed) and drinking milkshakes from the stall. Do remember that a valid government ID proof is required to prove your nationality as an Indian to enter.","Jan 2018","","","","2024-03-02T16:49:09Z"
"Annandale Army Heritage Museum","Shimla,Himachal Pradesh","g304552","d4103929","4.5","https://www.tripadvisor.com/ShowUserReviews-g304552-d4103929-r672403190-Annandale_Army_Heritage_Museum-Shimla_Shimla_District_Himachal_Pradesh.html","https://dynamic-media-cdn.tripadvisor.com/media/photo-o/1a/f6/f1/42/default-avatar-2020-20.jpg?w=100&h=-1&s=1","4.0 of 5 bubbles","Awesome and informative ",45,"A hidden place in mountains and forest. I thanked 3 times to my taxi driver who took me to such a place.","Mar 2017","","","","2024-03-02T16:49:09Z"
"Annandale Army Heritage Museum","Shimla,Himachal Pradesh","g304552","d4103929","4.5","https://www.tripadvisor.com/ShowUserReviews-g304552-d4103929-r643373232-Annandale_Army_Heritage_Museum-Shimla_Shimla_District_Himachal_Pradesh.html","https://dynamic-media-cdn.tripadvisor.com/media/photo-o/0f/b1/d7/b8/adarsh54.jpg?w=100&h=-1&s=1","3.0 of 5 bubbles","Superb, Sylvan surroundings. A must visit place in Shimla",15,"Not really my interest but for someone who is interested in army history this is the place to go. Lovely grounds and great views. Bring your passport because the guards will ask to see identification.","Jun 2023","","","","2024-03-02T16:49:09Z"
"Annandale Army Heritage Museum","Shimla,Himachal Pradesh","g304552","d4103929","4.5","https://www.tripadvisor.com/ShowUserReviews-g304552-d4103929-r641242542-Annandale_Army_Heritage_Museum-Shimla_Shimla_District_Himachal_Pradesh.html","https://dynamic-media-cdn.tripadvisor.com/media/photo-o/06/e0/44/ad/ruchimehta2014.jpg?w=100&h=-1&s=1","5.0 of 5 bubbles","Refreshingly green",157,"This museum is all about the pride and valour of our Indian Navy,Army & Airforce. Contains the landmark events of 1971 battle & Kargil war. Also has various other facets like Medals given at INA, Service medals, The head-ribbon of different army regiments.A must visit","Feb 2023","","","","2024-03-02T16:49:09Z"
"Annandale Army Heritage Museum","Shimla,Himachal Pradesh","g304552","d4103929","4.5","https://www.tripadvisor.com/ShowUserReviews-g304552-d4103929-r638844314-Annandale_Army_Heritage_Museum-Shimla_Shimla_District_Himachal_Pradesh.html","https://dynamic-media-cdn.tripadvisor.com/media/photo-s/01/b0/8a/42/dcckid.jpg?w=100&h=-1&s=1","5.0 of 5 bubbles","A peaceful picturesque place - worth a visit",207,"very well maintained. extremely good place has. it has a room with guns on display very enjoyable for kids.","Jun 2019","","","","2024-03-02T16:49:09Z"
"Annandale Army Heritage Museum","Shimla,Himachal Pradesh","g304552","d4103929","4.5","https://www.tripadvisor.com/ShowUserReviews-g304552-d4103929-r633549483-Annandale_Army_Heritage_Museum-Shimla_Shimla_District_Himachal_Pradesh.html","https://dynamic-media-cdn.tripadvisor.com/media/photo-o/1a/f6/f1/79/default-avatar-2020-21.jpg?w=100&h=-1&s=1","4.0 of 5 bubbles","Disciplined & serene",236,"Kindly take kids along with you. A very nice museum and kids should know about these things. You can learn a lot...","May 2019","","","","2024-03-02T16:49:09Z"
"Annandale Army Heritage Museum","Shimla,Himachal Pradesh","g304552","d4103929","4.5","https://www.tripadvisor.com/ShowUserReviews-g304552-d4103929-r631754050-Annandale_Army_Heritage_Museum-Shimla_Shimla_District_Himachal_Pradesh.html","https://dynamic-media-cdn.tripadvisor.com/media/photo-o/1a/f6/77/ae/default-avatar-2020-2.jpg?w=100&h=-1&s=1","4.0 of 5 bubbles","Peaceful!",50,"Looking like it might have been in Canada, this compact museum about Indian Army matters is well worth a visit if you can fit it in.  It is in a bowl at the foot of Shimla and very well looked after.  Bring your passport (or a copy) as it may be required - this is an army site.","Sep 2018","","","","2024-03-02T16:49:09Z"
"Annandale Army Heritage Museum","Shimla,Himachal Pradesh","g304552","d4103929","4.5","https://www.tripadvisor.com/ShowUserReviews-g304552-d4103929-r899334425-Annandale_Army_Heritage_Museum-Shimla_Shimla_District_Himachal_Pradesh.html","https://dynamic-media-cdn.tripadvisor.com/media/photo-o/0b/19/cd/d1/madhulika-l.jpg?w=100&h=-1&s=1","4.0 of 5 bubbles","A peek into the Indian Army",4,"The Army Heritage Museum in Annadale sits below the main Shimla town, in a very picturesque setting: a golf course stretches on one side, and the mountains all round are thickly clad with deodar woods. It’s very green and beautiful, and the carefully maintained gardens of the entire complex are a pleasure to visit. The Army Heritage Museum spreads over several levels. On the lower level, a hall contains the colours of different military regiments of the Indian Army, along with details of the major battles fought by the Army.On the upper level, which is the main building of the museum, a series of connected rooms, all fairly small, examine different aspects of Indian military. Ancient Indian military ethos, great commanders, military facts from across ancient, medieval and colonial India are covered here, as are uniforms, military music and bands, military honours and awards, weapon displays, the Army’s role in sports and adventure, and interesting insights into the history of the Indian Army, such as old photos of the Indian Military Academy (IMA) and its distinguished graduates.Above the museum building is a well-maintained and rather nice cactus house. Behind the main museum building is a souvenir shop and a cafeteria which sells basic snacks, such as patties, doughnuts and samosas, along with instant (Maggi) noodles, packaged soft drinks, tea, and coffee. Entry to the museum is free and photography is allowed. In the summer (April to October) timings are 10 to 2 and 3 to 5 on all days except Monday and gazetted holidays. Winter timings, on the same days of the week, are 10 to 2 and 3 to 4.","Dec 2018","","","","2024-03-02T16:49:11Z"
"Annandale Army Heritage Museum","Shimla,Himachal Pradesh","g304552","d4103929","4.5","https://www.tripadvisor.com/ShowUserReviews-g304552-d4103929-r879949522-Annandale_Army_Heritage_Museum-Shimla_Shimla_District_Himachal_Pradesh.html","https://dynamic-media-cdn.tripadvisor.com/media/photo-o/1a/f6/eb/a3/default-avatar-2020-38.jpg?w=100&h=-1&s=1","5.0 of 5 bubbles","Nice Army Museum",164,"Annadale, popularly mis-spelt as Annandale, is an Indian army structure, situated in a valley, approachable by car, through good metalled road. This masterpiece in Shimla is a cluster of many tourist interesting points, surrounded by thick deodar woods. Mainly this is Indian Army's training, heritage environment & transit complex with a Army heritage museum, play ground, golf course, helipad, and cactus garden. Regular army activities ensure its proper upkeep to maintain pristine glory amidst sylvan surroundings.   The heritage museum comprising of armaments, cactus garden with substantial variety, and the well maintained lawns & gardens are a treat. A stone embodiment of the text of Shimla Agreement signed between Smt. Indira Gandhi, the then Prime minister of Republic of India and Mr. Zulfikar Ali Bhutto, the then President of Islamic Republic of Pakistan has been displayed here. Worth visiting place.","Dec 2018","","","","2024-03-02T16:49:11Z"
"Annandale Army Heritage Museum","Shimla,Himachal Pradesh","g304552","d4103929","4.5","https://www.tripadvisor.com/ShowUserReviews-g304552-d4103929-r685611283-Annandale_Army_Heritage_Museum-Shimla_Shimla_District_Himachal_Pradesh.html","https://dynamic-media-cdn.tripadvisor.com/media/photo-o/17/02/6d/da/l0wkey.jpg?w=100&h=-1&s=1","5.0 of 5 bubbles","Small but very good",13,"annadale is one of that places in shimla which dosent offer much in ways of sightseeing. its a plateau (ground) at one of the lowest elevations in shimla. its surrounded by local residencial area on one side and by forest on another three. can be reached either from HP vidhansabha or cart road near victory tunnel. its a place you would want to visit if u like the quietness and nature around you. provides a nice break from hustle and bustle of shimla city. The ground is owned by Army so you are not allowed to walk in the ground itself. however they have a very good army museum at one side which is a must visit if you are here. also the ground has a 9 hole golf course accessible mostly to high ranking army and govt officials.","May 2018","","","","2024-03-02T16:49:11Z"
"Annandale Army Heritage Museum","Shimla,Himachal Pradesh","g304552","d4103929","4.5","https://www.tripadvisor.com/ShowUserReviews-g304552-d4103929-r678857315-Annandale_Army_Heritage_Museum-Shimla_Shimla_District_Himachal_Pradesh.html","https://dynamic-media-cdn.tripadvisor.com/media/photo-l/01/2a/fd/a1/avatar.jpg?w=100&h=-1&s=1","4.0 of 5 bubbles","Refreshingly green",157,"I went there to visit the Army museum which houses a ton of information and artefacts for history fans. There is a nice little golf course next to the museum. The greenhouse that houses more than 2 dozen varieties of cacti must not be missed!","Nov 2018","","","","2024-03-02T16:49:11Z"
"Annandale Army Heritage Museum","Shimla,Himachal Pradesh","g304552","d4103929","4.5","https://www.tripadvisor.com/ShowUserReviews-g304552-d4103929-r672403190-Annandale_Army_Heritage_Museum-Shimla_Shimla_District_Himachal_Pradesh.html","https://dynamic-media-cdn.tripadvisor.com/media/photo-o/1a/f6/f1/42/default-avatar-2020-20.jpg?w=100&h=-1&s=1","4.0 of 5 bubbles","Proud to be an Indian",30,"Sometimes wrongly spelled as Annandale,is a must visit place for tourists.it is open from 10am till 4pm on all days except Monday's.once a place used for parties,games etc Annadale is now maintained by Indian Army.it houses Army museum,golf course and a small glass house. One can learn the history of Indian army.it has many place sfor photography","Oct 2018","","","","2024-03-02T16:49:11Z"
"Annandale Army Heritage Museum","Shimla,Himachal Pradesh","g304552","d4103929","4.5","https://www.tripadvisor.com/ShowUserReviews-g304552-d4103929-r643373232-Annandale_Army_Heritage_Museum-Shimla_Shimla_District_Himachal_Pradesh.html","https://dynamic-media-cdn.tripadvisor.com/media/photo-o/0f/b1/d7/b8/adarsh54.jpg?w=100&h=-1&s=1","3.0 of 5 bubbles","Nice grounds",9,"Annadale is within Shimla, about 3 km from down down in a valley. The place is characterised by an army museum and a big golf course. Set in a lush green Sylvan surroundings its a serene place where you can easily spend a couple of hours and enjoy peace and clean air. Even the approach Road to this place is a pleasure drive or trek for the enthusiasts. Army museum is spic and span and exhibits gallantry and valour of achievers in great Indian Army. There is a small public cafetaria too. Pl checkout the visiting hrs of Army museum which I think closes at 17 hrs.Don't miss your visit to Annadale. This is one of the must visit places Shimla offers.","Jun 2023","","","","2024-03-02T16:49:11Z"
"Annandale Army Heritage Museum","Shimla,Himachal Pradesh","g304552","d4103929","4.5","https://www.tripadvisor.com/ShowUserReviews-g304552-d4103929-r641242542-Annandale_Army_Heritage_Museum-Shimla_Shimla_District_Himachal_Pradesh.html","https://dynamic-media-cdn.tripadvisor.com/media/photo-o/06/e0/44/ad/ruchimehta2014.jpg?w=100&h=-1&s=1","5.0 of 5 bubbles","Museum of pride, honour, bravery & sacrifice",1,"The grounds were beautifully kept and green, with a small snack stall at the back. The army museum was interesting for the kids but the real highlight was the stunning greenhouse that is home to a large variety of cacti. We spent a pleasant afternoon enjoying the view as golfers played on the Annandale (tourists are not allowed) and drinking milkshakes from the stall. Do remember that a valid government ID proof is required to prove your nationality as an Indian to enter.","Feb 2023","","","","2024-03-02T16:49:11Z"
"Annandale Army Heritage Museum","Shimla,Himachal Pradesh","g304552","d4103929","4.5","https://www.tripadvisor.com/ShowUserReviews-g304552-d4103929-r638844314-Annandale_Army_Heritage_Museum-Shimla_Shimla_District_Himachal_Pradesh.html","https://dynamic-media-cdn.tripadvisor.com/media/photo-s/01/b0/8a/42/dcckid.jpg?w=100&h=-1&s=1","5.0 of 5 bubbles","a very good place",10,"Looking like it might have been in Canada, this compact museum about Indian Army matters is well worth a visit if you can fit it in.  It is in a bowl at the foot of Shimla and very well looked after.  Bring your passport (or a copy) as it may be required - this is an army site.","Jun 2019","","","","2024-03-02T16:49:11Z"
"Annandale Army Heritage Museum","Shimla,Himachal Pradesh","g304552","d4103929","4.5","https://www.tripadvisor.com/ShowUserReviews-g304552-d4103929-r633549483-Annandale_Army_Heritage_Museum-Shimla_Shimla_District_Himachal_Pradesh.html","https://dynamic-media-cdn.tripadvisor.com/media/photo-o/1a/f6/f1/79/default-avatar-2020-21.jpg?w=100&h=-1&s=1","4.0 of 5 bubbles","Good One... A Must visit",26,"The first thing to watch here is the Army Museum. Please be noted that the Museum remains closed in all Mondays and ket open between 10:00am to 4:00pm in the other days.","May 2019","","","","2024-03-02T16:49:11Z"
"Annandale Army Heritage Museum","Shimla,Himachal Pradesh","g304552","d4103929","4.5","https://www.tripadvisor.com/ShowUserReviews-g304552-d4103929-r631754050-Annandale_Army_Heritage_Museum-Shimla_Shimla_District_Himachal_Pradesh.html","https://dynamic-media-cdn.tripadvisor.com/media/photo-o/1a/f6/77/ae/default-avatar-2020-2.jpg?w=100&h=-1&s=1","4.0 of 5 bubbles","A peaceful picturesque place - worth a visit",207,"There are very few places that are as scenic and peaceful as this one. The panoramic views are simply marvellous and there's a small cafe where one can enjoy these views for hours.Apart from that, there is a very well setup and maintained army museum to navigate through.","Sep 2018","","","","2024-03-02T16:49:11Z"
"Annandale Army Heritage Museum","Shimla,Himachal Pradesh","g304552","d4103929","4.5","https://www.tripadvisor.com/ShowUserReviews-g304552-d4103929-r899334425-Annandale_Army_Heritage_Museum-Shimla_Shimla_District_Himachal_Pradesh.html","https://dynamic-media-cdn.tripadvisor.com/media/photo-o/0b/19/cd/d1/madhulika-l.jpg?w=100&h=-1&s=1","4.0 of 5 bubbles","A peek into the Indian Army",4,"The Army Heritage Museum in Annadale sits below the main Shimla town, in a very picturesque setting: a golf course stretches on one side, and the mountains all round are thickly clad with deodar woods. It’s very green and beautiful, and the carefully maintained gardens of the entire complex are a pleasure to visit. The Army Heritage Museum spreads over several levels. On the lower level, a hall contains the colours of different military regiments of the Indian Army, along with details of the major battles fought by the Army.On the upper level, which is the main building of the museum, a series of connected rooms, all fairly small, examine different aspects of Indian military. Ancient Indian military ethos, great commanders, military facts from across ancient, medieval and colonial India are covered here, as are uniforms, military music and bands, military honours and awards, weapon displays, the Army’s role in sports and adventure, and interesting insights into the history of the Indian Army, such as old photos of the Indian Military Academy (IMA) and its distinguished graduates.Above the museum building is a well-maintained and rather nice cactus house. Behind the main museum building is a souvenir shop and a cafeteria which sells basic snacks, such as patties, doughnuts and samosas, along with instant (Maggi) noodles, packaged soft drinks, tea, and coffee. Entry to the museum is free and photography is allowed. In the summer (April to October) timings are 10 to 2 and 3 to 5 on all days except Monday and gazetted holidays. Winter timings, on the same days of the week, are 10 to 2 and 3 to 4.","Dec 2018","","","","2024-03-02T16:49:13Z"
"Annandale Army Heritage Museum","Shimla,Himachal Pradesh","g304552","d4103929","4.5","https://www.tripadvisor.com/ShowUserReviews-g304552-d4103929-r879949522-Annandale_Army_Heritage_Museum-Shimla_Shimla_District_Himachal_Pradesh.html","https://dynamic-media-cdn.tripadvisor.com/media/photo-o/1a/f6/e3/1f/default-avatar-2020-46.jpg?w=100&h=-1&s=1","5.0 of 5 bubbles","Valley of wonder.",164,"Annadale, popularly mis-spelt as Annandale, is an Indian army structure, situated in a valley, approachable by car, through good metalled road. This masterpiece in Shimla is a cluster of many tourist interesting points, surrounded by thick deodar woods. Mainly this is Indian Army's training, heritage environment & transit complex with a Army heritage museum, play ground, golf course, helipad, and cactus garden. Regular army activities ensure its proper upkeep to maintain pristine glory amidst sylvan surroundings.   The heritage museum comprising of armaments, cactus garden with substantial variety, and the well maintained lawns & gardens are a treat. A stone embodiment of the text of Shimla Agreement signed between Smt. Indira Gandhi, the then Prime minister of Republic of India and Mr. Zulfikar Ali Bhutto, the then President of Islamic Republic of Pakistan has been displayed here. Worth visiting place.","Dec 2018","","","","2024-03-02T16:49:13Z"
"Annandale Army Heritage Museum","Shimla,Himachal Pradesh","g304552","d4103929","4.5","https://www.tripadvisor.com/ShowUserReviews-g304552-d4103929-r685611283-Annandale_Army_Heritage_Museum-Shimla_Shimla_District_Himachal_Pradesh.html","https://dynamic-media-cdn.tripadvisor.com/media/photo-o/1a/f6/f2/eb/default-avatar-2020-27.jpg?w=100&h=-1&s=1","5.0 of 5 bubbles","serene and quite",13,"annadale is one of that places in shimla which dosent offer much in ways of sightseeing. its a plateau (ground) at one of the lowest elevations in shimla. its surrounded by local residencial area on one side and by forest on another three. can be reached either from HP vidhansabha or cart road near victory tunnel. its a place you would want to visit if u like the quietness and nature around you. provides a nice break from hustle and bustle of shimla city. The ground is owned by Army so you are not allowed to walk in the ground itself. however they have a very good army museum at one side which is a must visit if you are here. also the ground has a 9 hole golf course accessible mostly to high ranking army and govt officials.","May 2018","","","","2024-03-02T16:49:13Z"
"Annandale Army Heritage Museum","Shimla,Himachal Pradesh","g304552","d4103929","4.5","https://www.tripadvisor.com/ShowUserReviews-g304552-d4103929-r678857315-Annandale_Army_Heritage_Museum-Shimla_Shimla_District_Himachal_Pradesh.html","https://dynamic-media-cdn.tripadvisor.com/media/photo-o/06/e0/44/ad/ruchimehta2014.jpg?w=100&h=-1&s=1","4.0 of 5 bubbles","Nice and quiet destination away from the main city",157,"I went there to visit the Army museum which houses a ton of information and artefacts for history fans. There is a nice little golf course next to the museum. The greenhouse that houses more than 2 dozen varieties of cacti must not be missed!","Nov 2018","","","","2024-03-02T16:49:13Z"
"Annandale Army Heritage Museum","Shimla,Himachal Pradesh","g304552","d4103929","4.5","https://www.tripadvisor.com/ShowUserReviews-g304552-d4103929-r672403190-Annandale_Army_Heritage_Museum-Shimla_Shimla_District_Himachal_Pradesh.html","https://dynamic-media-cdn.tripadvisor.com/media/photo-o/1a/f6/f2/11/default-avatar-2020-23.jpg?w=100&h=-1&s=1","4.0 of 5 bubbles","Awesome and informative ",30,"Sometimes wrongly spelled as Annandale,is a must visit place for tourists.it is open from 10am till 4pm on all days except Monday's.once a place used for parties,games etc Annadale is now maintained by Indian Army.it houses Army museum,golf course and a small glass house. One can learn the history of Indian army.it has many place sfor photography","Oct 2018","","","","2024-03-02T16:49:13Z"
"Annandale Army Heritage Museum","Shimla,Himachal Pradesh","g304552","d4103929","4.5","https://www.tripadvisor.com/ShowUserReviews-g304552-d4103929-r643373232-Annandale_Army_Heritage_Museum-Shimla_Shimla_District_Himachal_Pradesh.html","https://dynamic-media-cdn.tripadvisor.com/media/photo-o/1a/f6/df/99/default-avatar-2020-40.jpg?w=100&h=-1&s=1","3.0 of 5 bubbles","Superb, Sylvan surroundings. A must visit place in Shimla",9,"Annadale is within Shimla, about 3 km from down down in a valley. The place is characterised by an army museum and a big golf course. Set in a lush green Sylvan surroundings its a serene place where you can easily spend a couple of hours and enjoy peace and clean air. Even the approach Road to this place is a pleasure drive or trek for the enthusiasts. Army museum is spic and span and exhibits gallantry and valour of achievers in great Indian Army. There is a small public cafetaria too. Pl checkout the visiting hrs of Army museum which I think closes at 17 hrs.Don't miss your visit to Annadale. This is one of the must visit places Shimla offers.","Jun 2023","","","","2024-03-02T16:49:13Z"
"Annandale Army Heritage Museum","Shimla,Himachal Pradesh","g304552","d4103929","4.5","https://www.tripadvisor.com/ShowUserReviews-g304552-d4103929-r641242542-Annandale_Army_Heritage_Museum-Shimla_Shimla_District_Himachal_Pradesh.html","https://dynamic-media-cdn.tripadvisor.com/media/photo-o/0b/8d/73/a1/sayanjeetm.jpg?w=100&h=-1&s=1","5.0 of 5 bubbles","Refreshingly green",1,"The grounds were beautifully kept and green, with a small snack stall at the back. The army museum was interesting for the kids but the real highlight was the stunning greenhouse that is home to a large variety of cacti. We spent a pleasant afternoon enjoying the view as golfers played on the Annandale (tourists are not allowed) and drinking milkshakes from the stall. Do remember that a valid government ID proof is required to prove your nationality as an Indian to enter.","Feb 2023","","","","2024-03-02T16:49:13Z"
"Annandale Army Heritage Museum","Shimla,Himachal Pradesh","g304552","d4103929","4.5","https://www.tripadvisor.com/ShowUserReviews-g304552-d4103929-r638844314-Annandale_Army_Heritage_Museum-Shimla_Shimla_District_Himachal_Pradesh.html","https://dynamic-media-cdn.tripadvisor.com/media/photo-o/12/2a/4f/79/pradeepprahllad.jpg?w=100&h=-1&s=1","5.0 of 5 bubbles","A peaceful picturesque place - worth a visit",10,"Looking like it might have been in Canada, this compact museum about Indian Army matters is well worth a visit if you can fit it in.  It is in a bowl at the foot of Shimla and very well looked after.  Bring your passport (or a copy) as it may be required - this is an army site.","Jun 2019","","","","2024-03-02T16:49:13Z"
"Annandale Army Heritage Museum","Shimla,Himachal Pradesh","g304552","d4103929","4.5","https://www.tripadvisor.com/ShowUserReviews-g304552-d4103929-r633549483-Annandale_Army_Heritage_Museum-Shimla_Shimla_District_Himachal_Pradesh.html","https://dynamic-media-cdn.tripadvisor.com/media/photo-o/07/53/4f/a4/sudha-r.jpg?w=100&h=-1&s=1","4.0 of 5 bubbles","Disciplined & serene",26,"The first thing to watch here is the Army Museum. Please be noted that the Museum remains closed in all Mondays and ket open between 10:00am to 4:00pm in the other days.","May 2019","","","","2024-03-02T16:49:13Z"
"Annandale Army Heritage Museum","Shimla,Himachal Pradesh","g304552","d4103929","4.5","https://www.tripadvisor.com/ShowUserReviews-g304552-d4103929-r631754050-Annandale_Army_Heritage_Museum-Shimla_Shimla_District_Himachal_Pradesh.html","https://dynamic-media-cdn.tripadvisor.com/media/photo-s/01/b0/8a/42/dcckid.jpg?w=100&h=-1&s=1","4.0 of 5 bubbles","Peaceful!",207,"There are very few places that are as scenic and peaceful as this one. The panoramic views are simply marvellous and there's a small cafe where one can enjoy these views for hours.Apart from that, there is a very well setup and maintained army museum to navigate through.","Sep 2018","","","","2024-03-02T16:49:13Z"
"Annandale Army Heritage Museum","Shimla,Himachal Pradesh","g304552","d4103929","4.5","https://www.tripadvisor.com/ShowUserReviews-g304552-d4103929-r899334425-Annandale_Army_Heritage_Museum-Shimla_Shimla_District_Himachal_Pradesh.html","https://dynamic-media-cdn.tripadvisor.com/media/photo-o/0b/19/cd/d1/madhulika-l.jpg?w=100&h=-1&s=1","4.0 of 5 bubbles","A peek into the Indian Army",4,"The Army Heritage Museum in Annadale sits below the main Shimla town, in a very picturesque setting: a golf course stretches on one side, and the mountains all round are thickly clad with deodar woods. It’s very green and beautiful, and the carefully maintained gardens of the entire complex are a pleasure to visit. The Army Heritage Museum spreads over several levels. On the lower level, a hall contains the colours of different military regiments of the Indian Army, along with details of the major battles fought by the Army.On the upper level, which is the main building of the museum, a series of connected rooms, all fairly small, examine different aspects of Indian military. Ancient Indian military ethos, great commanders, military facts from across ancient, medieval and colonial India are covered here, as are uniforms, military music and bands, military honours and awards, weapon displays, the Army’s role in sports and adventure, and interesting insights into the history of the Indian Army, such as old photos of the Indian Military Academy (IMA) and its distinguished graduates.Above the museum building is a well-maintained and rather nice cactus house. Behind the main museum building is a souvenir shop and a cafeteria which sells basic snacks, such as patties, doughnuts and samosas, along with instant (Maggi) noodles, packaged soft drinks, tea, and coffee. Entry to the museum is free and photography is allowed. In the summer (April to October) timings are 10 to 2 and 3 to 5 on all days except Monday and gazetted holidays. Winter timings, on the same days of the week, are 10 to 2 and 3 to 4.","Dec 2018","","","","2024-03-02T16:49:14Z"
"Annandale Army Heritage Museum","Shimla,Himachal Pradesh","g304552","d4103929","4.5","https://www.tripadvisor.com/ShowUserReviews-g304552-d4103929-r879949522-Annandale_Army_Heritage_Museum-Shimla_Shimla_District_Himachal_Pradesh.html","https://dynamic-media-cdn.tripadvisor.com/media/photo-o/1a/f6/e3/1f/default-avatar-2020-46.jpg?w=100&h=-1&s=1","5.0 of 5 bubbles","Nice Army Museum",164,"Annadale, popularly mis-spelt as Annandale, is an Indian army structure, situated in a valley, approachable by car, through good metalled road. This masterpiece in Shimla is a cluster of many tourist interesting points, surrounded by thick deodar woods. Mainly this is Indian Army's training, heritage environment & transit complex with a Army heritage museum, play ground, golf course, helipad, and cactus garden. Regular army activities ensure its proper upkeep to maintain pristine glory amidst sylvan surroundings.   The heritage museum comprising of armaments, cactus garden with substantial variety, and the well maintained lawns & gardens are a treat. A stone embodiment of the text of Shimla Agreement signed between Smt. Indira Gandhi, the then Prime minister of Republic of India and Mr. Zulfikar Ali Bhutto, the then President of Islamic Republic of Pakistan has been displayed here. Worth visiting place.","Dec 2018","","","","2024-03-02T16:49:14Z"
"Annandale Army Heritage Museum","Shimla,Himachal Pradesh","g304552","d4103929","4.5","https://www.tripadvisor.com/ShowUserReviews-g304552-d4103929-r685611283-Annandale_Army_Heritage_Museum-Shimla_Shimla_District_Himachal_Pradesh.html","https://dynamic-media-cdn.tripadvisor.com/media/photo-o/1a/f6/f2/eb/default-avatar-2020-27.jpg?w=100&h=-1&s=1","5.0 of 5 bubbles","Small but very good",13,"annadale is one of that places in shimla which dosent offer much in ways of sightseeing. its a plateau (ground) at one of the lowest elevations in shimla. its surrounded by local residencial area on one side and by forest on another three. can be reached either from HP vidhansabha or cart road near victory tunnel. its a place you would want to visit if u like the quietness and nature around you. provides a nice break from hustle and bustle of shimla city. The ground is owned by Army so you are not allowed to walk in the ground itself. however they have a very good army museum at one side which is a must visit if you are here. also the ground has a 9 hole golf course accessible mostly to high ranking army and govt officials.","May 2018","","","","2024-03-02T16:49:14Z"
"Annandale Army Heritage Museum","Shimla,Himachal Pradesh","g304552","d4103929","4.5","https://www.tripadvisor.com/ShowUserReviews-g304552-d4103929-r678857315-Annandale_Army_Heritage_Museum-Shimla_Shimla_District_Himachal_Pradesh.html","https://dynamic-media-cdn.tripadvisor.com/media/photo-o/06/e0/44/ad/ruchimehta2014.jpg?w=100&h=-1&s=1","4.0 of 5 bubbles","Refreshingly green",157,"I went there to visit the Army museum which houses a ton of information and artefacts for history fans. There is a nice little golf course next to the museum. The greenhouse that houses more than 2 dozen varieties of cacti must not be missed!","Nov 2018","","","","2024-03-02T16:49:14Z"
"Annandale Army Heritage Museum","Shimla,Himachal Pradesh","g304552","d4103929","4.5","https://www.tripadvisor.com/ShowUserReviews-g304552-d4103929-r672403190-Annandale_Army_Heritage_Museum-Shimla_Shimla_District_Himachal_Pradesh.html","https://dynamic-media-cdn.tripadvisor.com/media/photo-o/1a/f6/f2/11/default-avatar-2020-23.jpg?w=100&h=-1&s=1","4.0 of 5 bubbles","Proud to be an Indian",30,"Sometimes wrongly spelled as Annandale,is a must visit place for tourists.it is open from 10am till 4pm on all days except Monday's.once a place used for parties,games etc Annadale is now maintained by Indian Army.it houses Army museum,golf course and a small glass house. One can learn the history of Indian army.it has many place sfor photography","Oct 2018","","","","2024-03-02T16:49:14Z"
