"names","address","geo_id","hotel_id","rating","url","profile_image","review_score","review_heading","profile_contr","review_body","date_of_stay","company_responder","company_response","company_response_date","timestamp"
"Reserve Forest Sanctuary","Shimla,Himachal Pradesh","g304552","d3705246","4.5","https://www.tripadvisor.com/ShowUserReviews-g304552-d3705246-r915768026-Reserve_Forest_Sanctuary-Shimla_Shimla_District_Himachal_Pradesh.html","https://dynamic-media-cdn.tripadvisor.com/media/photo-o/16/25/fe/33/anilrthakur.jpg?w=100&h=-1&s=1","5.0 of 5 bubbles","Nice Place - Mid of the Jungle ",935,"Couldn't visit the entire site because of the Permission issue but whatever I have seen was worth visiting. Beauty Unmatched mid of the Jungle and pollution free. Must visit if you are in Shimla.","Jan 2015","","","","2024-03-02T16:22:37Z"
"Reserve Forest Sanctuary","Shimla,Himachal Pradesh","g304552","d3705246","4.5","https://www.tripadvisor.com/ShowUserReviews-g304552-d3705246-r698631642-Reserve_Forest_Sanctuary-Shimla_Shimla_District_Himachal_Pradesh.html","https://dynamic-media-cdn.tripadvisor.com/media/photo-o/1a/f6/ed/7b/default-avatar-2020-6.jpg?w=100&h=-1&s=1","5.0 of 5 bubbles","a picture out of Pinterest",3,"people who love to walk in a mist covered path and listen to the cicadas must visit during monsoon or winter. it was absolutely beautiful and Pinterest worthy. you can rent bicycles too.","Sep 2018","","","","2024-03-02T16:22:37Z"
"Reserve Forest Sanctuary","Shimla,Himachal Pradesh","g304552","d3705246","4.5","https://www.tripadvisor.com/ShowUserReviews-g304552-d3705246-r677109129-Reserve_Forest_Sanctuary-Shimla_Shimla_District_Himachal_Pradesh.html","https://dynamic-media-cdn.tripadvisor.com/media/photo-o/17/6a/94/1e/sy1-sunny.jpg?w=100&h=-1&s=1","4.0 of 5 bubbles","watershed sanctuary",186,"Reserve Forest Sanctuary, located 4 km away from Mashobra, is one of the largest watersheds of Asia.This Sanctuary is completely enveloped with plantations of cedar, oak and pine and is bounded by the Indus River.Had a privilege of going there with my childhood friends couple a yras ago nice place to hang out and chill.","Apr 2013","","","","2024-03-02T16:22:37Z"
"Reserve Forest Sanctuary","Shimla,Himachal Pradesh","g304552","d3705246","4.5","https://www.tripadvisor.com/ShowUserReviews-g304552-d3705246-r676778644-Reserve_Forest_Sanctuary-Shimla_Shimla_District_Himachal_Pradesh.html","https://dynamic-media-cdn.tripadvisor.com/media/photo-o/1a/f6/f1/42/default-avatar-2020-20.jpg?w=100&h=-1&s=1","5.0 of 5 bubbles","great place",32,"great place to be close to the nature and enjoy the view while trekking with friends. go by foot and dont rent a car","Jul 2015","","","","2024-03-02T16:22:37Z"
"Reserve Forest Sanctuary","Shimla,Himachal Pradesh","g304552","d3705246","4.5","https://www.tripadvisor.com/ShowUserReviews-g304552-d3705246-r670070367-Reserve_Forest_Sanctuary-Shimla_Shimla_District_Himachal_Pradesh.html","https://dynamic-media-cdn.tripadvisor.com/media/photo-o/1a/f6/f4/5d/default-avatar-2020-32.jpg?w=100&h=-1&s=1","5.0 of 5 bubbles","good sanctuary",376,"The place is a forest place.It has the forest feel on the visit to this place.The place is well maintained.","Mar 2015","","","","2024-03-02T16:22:37Z"
"Reserve Forest Sanctuary","Shimla,Himachal Pradesh","g304552","d3705246","4.5","https://www.tripadvisor.com/ShowUserReviews-g304552-d3705246-r667096430-Reserve_Forest_Sanctuary-Shimla_Shimla_District_Himachal_Pradesh.html","https://dynamic-media-cdn.tripadvisor.com/media/photo-o/0b/5a/e0/27/hari-n.jpg?w=100&h=-1&s=1","4.0 of 5 bubbles","Nature walk",29,"This reserve forest century is located near dhalli on shimla theog N H This is a nice place to visit and walk packed food n water needed with u. It is a nature beauty walk.be ware of wild animals.","Sep 2017","","","","2024-03-02T16:22:37Z"
"Reserve Forest Sanctuary","Shimla,Himachal Pradesh","g304552","d3705246","4.5","https://www.tripadvisor.com/ShowUserReviews-g304552-d3705246-r661128747-Reserve_Forest_Sanctuary-Shimla_Shimla_District_Himachal_Pradesh.html","https://dynamic-media-cdn.tripadvisor.com/media/photo-o/13/aa/84/93/184laksha.jpg?w=100&h=-1&s=1","5.0 of 5 bubbles","Heaven in Shimla. Ideal for nature lovers.",22,"After many months of passing by the gate on the way to Kufri, I finally managed to visit the sanctuary. After a quick 2 minute entry procedure - Where you pay the fees, rent a bicycle if you want, and understand the closing time, you are on your way inside!The Good:- Birding - As a birder, I could spot so many species! Ideally go with your binoculars and DSLR with zoom lens- Wildlife - Saw some fresh barking deer tracks. But I am sure there were Leopards, Civets, Martens and lots of other species watching me. - Path - The 7KM path is flat and can easily be ridden on the bike (hopefully your own). - Peaceful - You could spend hours inside. Would surely visit again and again and again,The Bad:- Bicycles aren't in good condition. Although you can get your own, that isnt a possibility for most people. My bum was sore for days after riding that bike on the bumpy bath for 14 kms.- Trash - SO MUCH TRASH! Within a few hundred meters, you pass under the point where cars stop on the Kufri road to view the black forest. There was just a river of plastic flowing inside. Surprised that no one picked it up. Utilize that entrance fee!- Noise Pollution - Even in the deepest part of the sanctuary, you could hear Punjabi Music blaring out of cars on the Kufri road. Since that road pretty much traverses through the sanctuary, it should be made a silent zone with strict checking","Sep 2016","","","","2024-03-02T16:22:37Z"
"Reserve Forest Sanctuary","Shimla,Himachal Pradesh","g304552","d3705246","4.5","https://www.tripadvisor.com/ShowUserReviews-g304552-d3705246-r653809582-Reserve_Forest_Sanctuary-Shimla_Shimla_District_Himachal_Pradesh.html","https://dynamic-media-cdn.tripadvisor.com/media/photo-o/1a/f6/e8/5b/default-avatar-2020-61.jpg?w=100&h=-1&s=1","4.0 of 5 bubbles","Nature friendly",149,"The place is good for wildlife photography I will feel fresh air which you will not get in cities you feel positive the place is good the animals are not so scary with humans I loved the place I will again visit the place","Apr 2015","","","","2024-03-02T16:22:37Z"
"Reserve Forest Sanctuary","Shimla,Himachal Pradesh","g304552","d3705246","4.5","https://www.tripadvisor.com/ShowUserReviews-g304552-d3705246-r646757505-Reserve_Forest_Sanctuary-Shimla_Shimla_District_Himachal_Pradesh.html","https://dynamic-media-cdn.tripadvisor.com/media/photo-o/1a/f6/e4/59/default-avatar-2020-49.jpg?w=100&h=-1&s=1","5.0 of 5 bubbles","Not to be missed ",4,"Not to be missed for nature lovers, an absolute heaven, secluded, lovely place for those seeking solitude, very romantic for couples who enjoy quite time in the midst of nature. No cars allowed. Set trail for a lovely walk.","Dec 2014","","","","2024-03-02T16:22:37Z"
"Reserve Forest Sanctuary","Shimla,Himachal Pradesh","g304552","d3705246","4.5","https://www.tripadvisor.com/ShowUserReviews-g304552-d3705246-r636626091-Reserve_Forest_Sanctuary-Shimla_Shimla_District_Himachal_Pradesh.html","https://dynamic-media-cdn.tripadvisor.com/media/photo-o/1a/f6/f0/48/default-avatar-2020-15.jpg?w=100&h=-1&s=1","3.0 of 5 bubbles","Tracking",398,"It is not official sanctuary. The place is full of nature and trees. There are kaccha road to track in the jungle.","Sep 2016","","","","2024-03-02T16:22:37Z"
"Reserve Forest Sanctuary","Shimla,Himachal Pradesh","g304552","d3705246","4.5","https://www.tripadvisor.com/ShowUserReviews-g304552-d3705246-r251822690-Reserve_Forest_Sanctuary-Shimla_Shimla_District_Himachal_Pradesh.html","https://dynamic-media-cdn.tripadvisor.com/media/photo-o/07/48/f0/bb/agupta260887.jpg?w=100&h=-1&s=1","5.0 of 5 bubbles","Lovely Trek",87,"Couldn't visit the entire site because of the Permission issue but whatever I have seen was worth visiting. Beauty Unmatched mid of the Jungle and pollution free. Must visit if you are in Shimla.","Jan 2015","","","","2024-03-02T16:22:39Z"
"Reserve Forest Sanctuary","Shimla,Himachal Pradesh","g304552","d3705246","4.5","https://www.tripadvisor.com/ShowUserReviews-g304552-d3705246-r661128747-Reserve_Forest_Sanctuary-Shimla_Shimla_District_Himachal_Pradesh.html","https://dynamic-media-cdn.tripadvisor.com/media/photo-o/13/aa/84/93/184laksha.jpg?w=100&h=-1&s=1","5.0 of 5 bubbles","Heaven in Shimla. Ideal for nature lovers.",22,"people who love to walk in a mist covered path and listen to the cicadas must visit during monsoon or winter. it was absolutely beautiful and Pinterest worthy. you can rent bicycles too.","Sep 2018","","","","2024-03-02T16:22:39Z"
"Reserve Forest Sanctuary","Shimla,Himachal Pradesh","g304552","d3705246","4.5","https://www.tripadvisor.com/ShowUserReviews-g304552-d3705246-r158443870-Reserve_Forest_Sanctuary-Shimla_Shimla_District_Himachal_Pradesh.html","https://dynamic-media-cdn.tripadvisor.com/media/photo-o/07/6d/87/2d/nikhilganju.jpg?w=100&h=-1&s=1","4.0 of 5 bubbles","The best natural attraction in Shimla district",166,"Reserve Forest Sanctuary, located 4 km away from Mashobra, is one of the largest watersheds of Asia.This Sanctuary is completely enveloped with plantations of cedar, oak and pine and is bounded by the Indus River.Had a privilege of going there with my childhood friends couple a yras ago nice place to hang out and chill.","Apr 2013","","","","2024-03-02T16:22:39Z"
"Reserve Forest Sanctuary","Shimla,Himachal Pradesh","g304552","d3705246","4.5","https://www.tripadvisor.com/ShowUserReviews-g304552-d3705246-r305386375-Reserve_Forest_Sanctuary-Shimla_Shimla_District_Himachal_Pradesh.html","https://dynamic-media-cdn.tripadvisor.com/media/photo-o/1a/f6/e2/11/default-avatar-2020-41.jpg?w=100&h=-1&s=1","5.0 of 5 bubbles","Away from the mad rush of Shimla town",57,"great place to be close to the nature and enjoy the view while trekking with friends. go by foot and dont rent a car","Jul 2015","","","","2024-03-02T16:22:39Z"
"Reserve Forest Sanctuary","Shimla,Himachal Pradesh","g304552","d3705246","4.5","https://www.tripadvisor.com/ShowUserReviews-g304552-d3705246-r260346779-Reserve_Forest_Sanctuary-Shimla_Shimla_District_Himachal_Pradesh.html","https://dynamic-media-cdn.tripadvisor.com/media/photo-f/01/2e/70/80/avatar001.jpg?w=100&h=-1&s=1","5.0 of 5 bubbles","Lush green forest",217,"The place is a forest place.It has the forest feel on the visit to this place.The place is well maintained.","Mar 2015","","","","2024-03-02T16:22:39Z"
"Reserve Forest Sanctuary","Shimla,Himachal Pradesh","g304552","d3705246","4.5","https://www.tripadvisor.com/ShowUserReviews-g304552-d3705246-r537670746-Reserve_Forest_Sanctuary-Shimla_Shimla_District_Himachal_Pradesh.html","https://dynamic-media-cdn.tripadvisor.com/media/photo-o/1a/f6/e2/11/default-avatar-2020-41.jpg?w=100&h=-1&s=1","4.0 of 5 bubbles","Far from the madding crowd!",6,"This reserve forest century is located near dhalli on shimla theog N H This is a nice place to visit and walk packed food n water needed with u. It is a nature beauty walk.be ware of wild animals.","Sep 2017","","","","2024-03-02T16:22:39Z"
"Reserve Forest Sanctuary","Shimla,Himachal Pradesh","g304552","d3705246","4.5","https://www.tripadvisor.com/ShowUserReviews-g304552-d3705246-r415171241-Reserve_Forest_Sanctuary-Shimla_Shimla_District_Himachal_Pradesh.html","https://dynamic-media-cdn.tripadvisor.com/media/photo-o/06/23/f9/10/tuhin-c.jpg?w=100&h=-1&s=1","5.0 of 5 bubbles","Amazing  sights",11,"After many months of passing by the gate on the way to Kufri, I finally managed to visit the sanctuary. After a quick 2 minute entry procedure - Where you pay the fees, rent a bicycle if you want, and understand the closing time, you are on your way inside!The Good:- Birding - As a birder, I could spot so many species! Ideally go with your binoculars and DSLR with zoom lens- Wildlife - Saw some fresh barking deer tracks. But I am sure there were Leopards, Civets, Martens and lots of other species watching me. - Path - The 7KM path is flat and can easily be ridden on the bike (hopefully your own). - Peaceful - You could spend hours inside. Would surely visit again and again and again,The Bad:- Bicycles aren't in good condition. Although you can get your own, that isnt a possibility for most people. My bum was sore for days after riding that bike on the bumpy bath for 14 kms.- Trash - SO MUCH TRASH! Within a few hundred meters, you pass under the point where cars stop on the Kufri road to view the black forest. There was just a river of plastic flowing inside. Surprised that no one picked it up. Utilize that entrance fee!- Noise Pollution - Even in the deepest part of the sanctuary, you could hear Punjabi Music blaring out of cars on the Kufri road. Since that road pretty much traverses through the sanctuary, it should be made a silent zone with strict checking","Sep 2016","","","","2024-03-02T16:22:39Z"
"Reserve Forest Sanctuary","Shimla,Himachal Pradesh","g304552","d3705246","4.5","https://www.tripadvisor.com/ShowUserReviews-g304552-d3705246-r281728055-Reserve_Forest_Sanctuary-Shimla_Shimla_District_Himachal_Pradesh.html","https://dynamic-media-cdn.tripadvisor.com/media/photo-o/14/be/e8/f3/nanshar.jpg?w=100&h=-1&s=1","4.0 of 5 bubbles","Walk in the woods",79,"The place is good for wildlife photography I will feel fresh air which you will not get in cities you feel positive the place is good the animals are not so scary with humans I loved the place I will again visit the place","Apr 2015","","","","2024-03-02T16:22:39Z"
"Reserve Forest Sanctuary","Shimla,Himachal Pradesh","g304552","d3705246","4.5","https://www.tripadvisor.com/ShowUserReviews-g304552-d3705246-r246921305-Reserve_Forest_Sanctuary-Shimla_Shimla_District_Himachal_Pradesh.html","https://dynamic-media-cdn.tripadvisor.com/media/photo-o/0a/da/34/5a/sulmukherjee.jpg?w=100&h=-1&s=1","5.0 of 5 bubbles","Lovely walk for trekkers.",24,"Not to be missed for nature lovers, an absolute heaven, secluded, lovely place for those seeking solitude, very romantic for couples who enjoy quite time in the midst of nature. No cars allowed. Set trail for a lovely walk.","Dec 2014","","","","2024-03-02T16:22:39Z"
"Reserve Forest Sanctuary","Shimla,Himachal Pradesh","g304552","d3705246","4.5","https://www.tripadvisor.com/ShowUserReviews-g304552-d3705246-r424898867-Reserve_Forest_Sanctuary-Shimla_Shimla_District_Himachal_Pradesh.html","https://dynamic-media-cdn.tripadvisor.com/media/photo-o/03/f5/b8/a6/satishdoshi.jpg?w=100&h=-1&s=1","3.0 of 5 bubbles","Just wonderful with full of oxygen",130,"It is not official sanctuary. The place is full of nature and trees. There are kaccha road to track in the jungle.","Sep 2016","","","","2024-03-02T16:22:39Z"
"Reserve Forest Sanctuary","Shimla,Himachal Pradesh","g304552","d3705246","4.5","https://www.tripadvisor.com/ShowUserReviews-g304552-d3705246-r251822690-Reserve_Forest_Sanctuary-Shimla_Shimla_District_Himachal_Pradesh.html","https://dynamic-media-cdn.tripadvisor.com/media/photo-o/16/25/fe/33/anilrthakur.jpg?w=100&h=-1&s=1","4.0 of 5 bubbles","Nice Place - Mid of the Jungle ",87,"The place is near Kufri and you need to walk a lot since cars are not allowed inside. But the beautiful surroundings make up for it. The number of animals inside is very less and they are quite far spread, Suitable only for nature lovers.","Sep 2023","","","","2024-03-02T16:22:41Z"
"Reserve Forest Sanctuary","Shimla,Himachal Pradesh","g304552","d3705246","4.5","https://www.tripadvisor.com/ShowUserReviews-g304552-d3705246-r661128747-Reserve_Forest_Sanctuary-Shimla_Shimla_District_Himachal_Pradesh.html","https://dynamic-media-cdn.tripadvisor.com/media/photo-o/1a/f6/ed/7b/default-avatar-2020-6.jpg?w=100&h=-1&s=1","5.0 of 5 bubbles","a picture out of Pinterest",22,"After many months of passing by the gate on the way to Kufri, I finally managed to visit the sanctuary. After a quick 2 minute entry procedure - Where you pay the fees, rent a bicycle if you want, and understand the closing time, you are on your way inside!The Good:- Birding - As a birder, I could spot so many species! Ideally go with your binoculars and DSLR with zoom lens- Wildlife - Saw some fresh barking deer tracks. But I am sure there were Leopards, Civets, Martens and lots of other species watching me. - Path - The 7KM path is flat and can easily be ridden on the bike (hopefully your own). - Peaceful - You could spend hours inside. Would surely visit again and again and again,The Bad:- Bicycles aren't in good condition. Although you can get your own, that isnt a possibility for most people. My bum was sore for days after riding that bike on the bumpy bath for 14 kms.- Trash - SO MUCH TRASH! Within a few hundred meters, you pass under the point where cars stop on the Kufri road to view the black forest. There was just a river of plastic flowing inside. Surprised that no one picked it up. Utilize that entrance fee!- Noise Pollution - Even in the deepest part of the sanctuary, you could hear Punjabi Music blaring out of cars on the Kufri road. Since that road pretty much traverses through the sanctuary, it should be made a silent zone with strict checking","Aug 2019","","","","2024-03-02T16:22:41Z"
"Reserve Forest Sanctuary","Shimla,Himachal Pradesh","g304552","d3705246","4.5","https://www.tripadvisor.com/ShowUserReviews-g304552-d3705246-r158443870-Reserve_Forest_Sanctuary-Shimla_Shimla_District_Himachal_Pradesh.html","https://dynamic-media-cdn.tripadvisor.com/media/photo-o/17/6a/94/1e/sy1-sunny.jpg?w=100&h=-1&s=1","5.0 of 5 bubbles","watershed sanctuary",166,"On a recent trip to Mashobra, I heard of this fabulous natural attraction from a local resident, when I asked him about good cycling tracks. The ""reserve forest and water catchment area"" as it is officially called, is a beautiful 10 sq kms of forest area, through which runs a well maintained dirt track, absolutely perfect for casual cycling. The track is about 6 to 7 kms depending on whether you choose to head to the rest house or the water catchment tank. The tank is a massive 120 metre long structure built in the british era and I'm sure it looks imposing when full. Picnic spots abound and the cycling through the trail is one of those simple pleasures life offers you, when you make the effort once in a while to get away from the city!Do remember to carry your snacks, water etc with you, since there is nothing along the trail and even when you get to the water tank, there's nothing there. Which is what makes it a perfect place to visit, no crowds, just pure nature.They will charge INR 50 per cycle (if you're carrying your own cycle) and INR 50 per person to enter. It's INR 100 per cycle if you rent one of their own cycles, which are very basic cycles. What a discovery! I'd highly recommend for a cycling picnic or simply a long walk in the woods.","Jul 2018","","","","2024-03-02T16:22:41Z"
"Reserve Forest Sanctuary","Shimla,Himachal Pradesh","g304552","d3705246","4.5","https://www.tripadvisor.com/ShowUserReviews-g304552-d3705246-r305386375-Reserve_Forest_Sanctuary-Shimla_Shimla_District_Himachal_Pradesh.html","https://dynamic-media-cdn.tripadvisor.com/media/photo-o/1a/f6/f1/42/default-avatar-2020-20.jpg?w=100&h=-1&s=1","4.0 of 5 bubbles","great place",57,"Went with our 2 daughters - 10 years and 4 years and loved the short trek. Got the hotel to arrange a small picnic basket - wonderful experience away from the maddening city of Shimla","May 2019","","","","2024-03-02T16:22:41Z"
"Reserve Forest Sanctuary","Shimla,Himachal Pradesh","g304552","d3705246","4.5","https://www.tripadvisor.com/ShowUserReviews-g304552-d3705246-r260346779-Reserve_Forest_Sanctuary-Shimla_Shimla_District_Himachal_Pradesh.html","https://dynamic-media-cdn.tripadvisor.com/media/photo-o/1a/f6/f4/5d/default-avatar-2020-32.jpg?w=100&h=-1&s=1","4.0 of 5 bubbles","good sanctuary",217,"Nice sanctuary with nominal fee and is near by Kufri. One can see snow leopard, deer and some other animals.The most difficult part is travelling inside with kids as area covered is quite huge that too in mountains but great to go one time.","Feb 2019","","","","2024-03-02T16:22:41Z"
"Reserve Forest Sanctuary","Shimla,Himachal Pradesh","g304552","d3705246","4.5","https://www.tripadvisor.com/ShowUserReviews-g304552-d3705246-r537670746-Reserve_Forest_Sanctuary-Shimla_Shimla_District_Himachal_Pradesh.html","https://dynamic-media-cdn.tripadvisor.com/media/photo-o/0b/5a/e0/27/hari-n.jpg?w=100&h=-1&s=1","5.0 of 5 bubbles","Nature walk",6,"With vast urbanization in Shimla, this is a great place to walk and enjoy the peace, quiet and nature.It  is 7 km walk to the last point making it 14 km to and fro. We walked half way and returned due to lack of time.You should plan to spend a day there. Carry your food and water in a knapsack as there is nothing available on the trail.It is a flat trail, so not difficult for non-walkers.Bicycles could be taken on rent, but all of them were non operational!Make sure you wear appropriate footwear and sunscreen. If you carry binoculars, you could enjoy watching landscapes, trees, birds, butterflies etc. Camera is a must! Amazing photo results with light and shade on the route!Names of trees are marked on various trees. Information boards with details about fauna and flora are also present.A fee of Rs. 100 per person is levied.Suggestion given to the incharge of the Sanctuary: please put milestones, so that it encourages people to keep walking and it would make it more interesting.","Oct 2018","","","","2024-03-02T16:22:41Z"
"Reserve Forest Sanctuary","Shimla,Himachal Pradesh","g304552","d3705246","4.5","https://www.tripadvisor.com/ShowUserReviews-g304552-d3705246-r415171241-Reserve_Forest_Sanctuary-Shimla_Shimla_District_Himachal_Pradesh.html","https://dynamic-media-cdn.tripadvisor.com/media/photo-o/13/aa/84/93/184laksha.jpg?w=100&h=-1&s=1","4.0 of 5 bubbles","Heaven in Shimla. Ideal for nature lovers.",11,"This place is very near to the green valley. While it has a 7km walk inside, we were only there for a quick stopover. There are no guides and entry is Rs 100 per person. But we were able to get a free pass because we were only going to be there for a bit. We saw some cycles but apparently they were not well maintained so we just walked around. One can not take cars etc. inside. The amount of greenery and fauna was just heart warming to be in.  If you are going to green valley, you must definitely make a quick stop over.","Sep 2018","","","","2024-03-02T16:22:41Z"
"Reserve Forest Sanctuary","Shimla,Himachal Pradesh","g304552","d3705246","4.5","https://www.tripadvisor.com/ShowUserReviews-g304552-d3705246-r281728055-Reserve_Forest_Sanctuary-Shimla_Shimla_District_Himachal_Pradesh.html","https://dynamic-media-cdn.tripadvisor.com/media/photo-o/1a/f6/e8/5b/default-avatar-2020-61.jpg?w=100&h=-1&s=1","4.0 of 5 bubbles","Nature friendly",79,"In Mashobra, little away from the city sounds, it sits perfectly between the external world and the immense wealth of hills and pine and deodar forests. In my first visit, late in the afternoon i could manage to convince the guards to let me enter for an hour, i could spot a variety of birds and breathe in the aroma from pine trees. Its a must do if you wish to experience some himachal in a nutshell. Please note vehicles are not allowed inside so be prepared to walk a lot and if you have one whole day to spend here, carry food and water.","Jul 2018","","","","2024-03-02T16:22:41Z"
"Reserve Forest Sanctuary","Shimla,Himachal Pradesh","g304552","d3705246","4.5","https://www.tripadvisor.com/ShowUserReviews-g304552-d3705246-r246921305-Reserve_Forest_Sanctuary-Shimla_Shimla_District_Himachal_Pradesh.html","https://dynamic-media-cdn.tripadvisor.com/media/photo-o/1a/f6/e4/59/default-avatar-2020-49.jpg?w=100&h=-1&s=1","5.0 of 5 bubbles","Not to be missed ",24,"We had a surprisingly good trek. The place was absolutely empty thought it was the Christmas week.Though some of the reviews state that cars are allowed inside, when we reached, they said no cars were allowed. We had to pay Rs 50 per head to get in. The process of getting the permit took just five minutes.The trail goes 6.87 km (as per our GPS) to a tank that was built by the British to supply water to Simla. While it may not look much, it was quite an engineering feat at its time.The trail is fairly secluded after the first km or so, during which it runs parallel to the highway. Though we did not see any fellow trekkers, there were a few rangers roaming about in cycles, though fairly far and few. The trail is almost flat, surprisingly.Also, given how narrow the trail is, it is good that cars were not allowed. It would have totally spoilt the experience.Overall, a lovely experience, and a relatively easy trek if you are reasonably fit. 14 km up and down took us about 3 hours.Do carry water and something to munch on, as there are no shops on the way and the rest house is under repair.","Jan 2019","","","","2024-03-02T16:22:41Z"
"Reserve Forest Sanctuary","Shimla,Himachal Pradesh","g304552","d3705246","4.5","https://www.tripadvisor.com/ShowUserReviews-g304552-d3705246-r424898867-Reserve_Forest_Sanctuary-Shimla_Shimla_District_Himachal_Pradesh.html","https://dynamic-media-cdn.tripadvisor.com/media/photo-o/1a/f6/f0/48/default-avatar-2020-15.jpg?w=100&h=-1&s=1","5.0 of 5 bubbles","Tracking",130,"One must not miss morning trail beside tennis court and you find wild horses on way. The bird across the road guide you to live and preserve the nature.","Jun 2018","","","","2024-03-02T16:22:41Z"
"Reserve Forest Sanctuary","Shimla,Himachal Pradesh","g304552","d3705246","4.5","https://www.tripadvisor.com/ShowUserReviews-g304552-d3705246-r915768026-Reserve_Forest_Sanctuary-Shimla_Shimla_District_Himachal_Pradesh.html","https://dynamic-media-cdn.tripadvisor.com/media/photo-o/07/48/f0/bb/agupta260887.jpg?w=100&h=-1&s=1","4.0 of 5 bubbles","Nice Place - Mid of the Jungle ",87,"The place is near Kufri and you need to walk a lot since cars are not allowed inside. But the beautiful surroundings make up for it. The number of animals inside is very less and they are quite far spread, Suitable only for nature lovers.","Jan 2015","","","","2024-03-02T16:22:43Z"
"Reserve Forest Sanctuary","Shimla,Himachal Pradesh","g304552","d3705246","4.5","https://www.tripadvisor.com/ShowUserReviews-g304552-d3705246-r698631642-Reserve_Forest_Sanctuary-Shimla_Shimla_District_Himachal_Pradesh.html","https://dynamic-media-cdn.tripadvisor.com/media/photo-o/13/aa/84/93/184laksha.jpg?w=100&h=-1&s=1","5.0 of 5 bubbles","a picture out of Pinterest",22,"After many months of passing by the gate on the way to Kufri, I finally managed to visit the sanctuary. After a quick 2 minute entry procedure - Where you pay the fees, rent a bicycle if you want, and understand the closing time, you are on your way inside!The Good:- Birding - As a birder, I could spot so many species! Ideally go with your binoculars and DSLR with zoom lens- Wildlife - Saw some fresh barking deer tracks. But I am sure there were Leopards, Civets, Martens and lots of other species watching me. - Path - The 7KM path is flat and can easily be ridden on the bike (hopefully your own). - Peaceful - You could spend hours inside. Would surely visit again and again and again,The Bad:- Bicycles aren't in good condition. Although you can get your own, that isnt a possibility for most people. My bum was sore for days after riding that bike on the bumpy bath for 14 kms.- Trash - SO MUCH TRASH! Within a few hundred meters, you pass under the point where cars stop on the Kufri road to view the black forest. There was just a river of plastic flowing inside. Surprised that no one picked it up. Utilize that entrance fee!- Noise Pollution - Even in the deepest part of the sanctuary, you could hear Punjabi Music blaring out of cars on the Kufri road. Since that road pretty much traverses through the sanctuary, it should be made a silent zone with strict checking","Sep 2018","","","","2024-03-02T16:22:43Z"
"Reserve Forest Sanctuary","Shimla,Himachal Pradesh","g304552","d3705246","4.5","https://www.tripadvisor.com/ShowUserReviews-g304552-d3705246-r677109129-Reserve_Forest_Sanctuary-Shimla_Shimla_District_Himachal_Pradesh.html","https://dynamic-media-cdn.tripadvisor.com/media/photo-o/07/6d/87/2d/nikhilganju.jpg?w=100&h=-1&s=1","5.0 of 5 bubbles","watershed sanctuary",166,"On a recent trip to Mashobra, I heard of this fabulous natural attraction from a local resident, when I asked him about good cycling tracks. The ""reserve forest and water catchment area"" as it is officially called, is a beautiful 10 sq kms of forest area, through which runs a well maintained dirt track, absolutely perfect for casual cycling. The track is about 6 to 7 kms depending on whether you choose to head to the rest house or the water catchment tank. The tank is a massive 120 metre long structure built in the british era and I'm sure it looks imposing when full. Picnic spots abound and the cycling through the trail is one of those simple pleasures life offers you, when you make the effort once in a while to get away from the city!Do remember to carry your snacks, water etc with you, since there is nothing along the trail and even when you get to the water tank, there's nothing there. Which is what makes it a perfect place to visit, no crowds, just pure nature.They will charge INR 50 per cycle (if you're carrying your own cycle) and INR 50 per person to enter. It's INR 100 per cycle if you rent one of their own cycles, which are very basic cycles. What a discovery! I'd highly recommend for a cycling picnic or simply a long walk in the woods.","Apr 2013","","","","2024-03-02T16:22:43Z"
"Reserve Forest Sanctuary","Shimla,Himachal Pradesh","g304552","d3705246","4.5","https://www.tripadvisor.com/ShowUserReviews-g304552-d3705246-r676778644-Reserve_Forest_Sanctuary-Shimla_Shimla_District_Himachal_Pradesh.html","https://dynamic-media-cdn.tripadvisor.com/media/photo-o/1a/f6/e2/11/default-avatar-2020-41.jpg?w=100&h=-1&s=1","4.0 of 5 bubbles","great place",57,"Went with our 2 daughters - 10 years and 4 years and loved the short trek. Got the hotel to arrange a small picnic basket - wonderful experience away from the maddening city of Shimla","Jul 2015","","","","2024-03-02T16:22:43Z"
"Reserve Forest Sanctuary","Shimla,Himachal Pradesh","g304552","d3705246","4.5","https://www.tripadvisor.com/ShowUserReviews-g304552-d3705246-r670070367-Reserve_Forest_Sanctuary-Shimla_Shimla_District_Himachal_Pradesh.html","https://dynamic-media-cdn.tripadvisor.com/media/photo-f/01/2e/70/80/avatar001.jpg?w=100&h=-1&s=1","4.0 of 5 bubbles","good sanctuary",217,"Nice sanctuary with nominal fee and is near by Kufri. One can see snow leopard, deer and some other animals.The most difficult part is travelling inside with kids as area covered is quite huge that too in mountains but great to go one time.","Mar 2015","","","","2024-03-02T16:22:43Z"
"Reserve Forest Sanctuary","Shimla,Himachal Pradesh","g304552","d3705246","4.5","https://www.tripadvisor.com/ShowUserReviews-g304552-d3705246-r667096430-Reserve_Forest_Sanctuary-Shimla_Shimla_District_Himachal_Pradesh.html","https://dynamic-media-cdn.tripadvisor.com/media/photo-o/1a/f6/e2/11/default-avatar-2020-41.jpg?w=100&h=-1&s=1","5.0 of 5 bubbles","Nature walk",6,"With vast urbanization in Shimla, this is a great place to walk and enjoy the peace, quiet and nature.It  is 7 km walk to the last point making it 14 km to and fro. We walked half way and returned due to lack of time.You should plan to spend a day there. Carry your food and water in a knapsack as there is nothing available on the trail.It is a flat trail, so not difficult for non-walkers.Bicycles could be taken on rent, but all of them were non operational!Make sure you wear appropriate footwear and sunscreen. If you carry binoculars, you could enjoy watching landscapes, trees, birds, butterflies etc. Camera is a must! Amazing photo results with light and shade on the route!Names of trees are marked on various trees. Information boards with details about fauna and flora are also present.A fee of Rs. 100 per person is levied.Suggestion given to the incharge of the Sanctuary: please put milestones, so that it encourages people to keep walking and it would make it more interesting.","Sep 2017","","","","2024-03-02T16:22:43Z"
"Reserve Forest Sanctuary","Shimla,Himachal Pradesh","g304552","d3705246","4.5","https://www.tripadvisor.com/ShowUserReviews-g304552-d3705246-r661128747-Reserve_Forest_Sanctuary-Shimla_Shimla_District_Himachal_Pradesh.html","https://dynamic-media-cdn.tripadvisor.com/media/photo-o/06/23/f9/10/tuhin-c.jpg?w=100&h=-1&s=1","4.0 of 5 bubbles","Heaven in Shimla. Ideal for nature lovers.",11,"This place is very near to the green valley. While it has a 7km walk inside, we were only there for a quick stopover. There are no guides and entry is Rs 100 per person. But we were able to get a free pass because we were only going to be there for a bit. We saw some cycles but apparently they were not well maintained so we just walked around. One can not take cars etc. inside. The amount of greenery and fauna was just heart warming to be in.  If you are going to green valley, you must definitely make a quick stop over.","Sep 2016","","","","2024-03-02T16:22:43Z"
"Reserve Forest Sanctuary","Shimla,Himachal Pradesh","g304552","d3705246","4.5","https://www.tripadvisor.com/ShowUserReviews-g304552-d3705246-r653809582-Reserve_Forest_Sanctuary-Shimla_Shimla_District_Himachal_Pradesh.html","https://dynamic-media-cdn.tripadvisor.com/media/photo-o/14/be/e8/f3/nanshar.jpg?w=100&h=-1&s=1","4.0 of 5 bubbles","Nature friendly",79,"In Mashobra, little away from the city sounds, it sits perfectly between the external world and the immense wealth of hills and pine and deodar forests. In my first visit, late in the afternoon i could manage to convince the guards to let me enter for an hour, i could spot a variety of birds and breathe in the aroma from pine trees. Its a must do if you wish to experience some himachal in a nutshell. Please note vehicles are not allowed inside so be prepared to walk a lot and if you have one whole day to spend here, carry food and water.","Apr 2015","","","","2024-03-02T16:22:43Z"
"Reserve Forest Sanctuary","Shimla,Himachal Pradesh","g304552","d3705246","4.5","https://www.tripadvisor.com/ShowUserReviews-g304552-d3705246-r646757505-Reserve_Forest_Sanctuary-Shimla_Shimla_District_Himachal_Pradesh.html","https://dynamic-media-cdn.tripadvisor.com/media/photo-o/0a/da/34/5a/sulmukherjee.jpg?w=100&h=-1&s=1","5.0 of 5 bubbles","Not to be missed ",24,"We had a surprisingly good trek. The place was absolutely empty thought it was the Christmas week.Though some of the reviews state that cars are allowed inside, when we reached, they said no cars were allowed. We had to pay Rs 50 per head to get in. The process of getting the permit took just five minutes.The trail goes 6.87 km (as per our GPS) to a tank that was built by the British to supply water to Simla. While it may not look much, it was quite an engineering feat at its time.The trail is fairly secluded after the first km or so, during which it runs parallel to the highway. Though we did not see any fellow trekkers, there were a few rangers roaming about in cycles, though fairly far and few. The trail is almost flat, surprisingly.Also, given how narrow the trail is, it is good that cars were not allowed. It would have totally spoilt the experience.Overall, a lovely experience, and a relatively easy trek if you are reasonably fit. 14 km up and down took us about 3 hours.Do carry water and something to munch on, as there are no shops on the way and the rest house is under repair.","Dec 2014","","","","2024-03-02T16:22:43Z"
"Reserve Forest Sanctuary","Shimla,Himachal Pradesh","g304552","d3705246","4.5","https://www.tripadvisor.com/ShowUserReviews-g304552-d3705246-r636626091-Reserve_Forest_Sanctuary-Shimla_Shimla_District_Himachal_Pradesh.html","https://dynamic-media-cdn.tripadvisor.com/media/photo-o/03/f5/b8/a6/satishdoshi.jpg?w=100&h=-1&s=1","5.0 of 5 bubbles","Tracking",130,"One must not miss morning trail beside tennis court and you find wild horses on way. The bird across the road guide you to live and preserve the nature.","Sep 2016","","","","2024-03-02T16:22:43Z"
"Reserve Forest Sanctuary","Shimla,Himachal Pradesh","g304552","d3705246","4.5","https://www.tripadvisor.com/ShowUserReviews-g304552-d3705246-r251822690-Reserve_Forest_Sanctuary-Shimla_Shimla_District_Himachal_Pradesh.html","https://dynamic-media-cdn.tripadvisor.com/media/photo-o/07/48/f0/bb/agupta260887.jpg?w=100&h=-1&s=1","5.0 of 5 bubbles","Lovely Trek",935,"The place is near Kufri and you need to walk a lot since cars are not allowed inside. But the beautiful surroundings make up for it. The number of animals inside is very less and they are quite far spread, Suitable only for nature lovers.","Sep 2023","","","","2024-03-02T16:22:45Z"
"Reserve Forest Sanctuary","Shimla,Himachal Pradesh","g304552","d3705246","4.5","https://www.tripadvisor.com/ShowUserReviews-g304552-d3705246-r661128747-Reserve_Forest_Sanctuary-Shimla_Shimla_District_Himachal_Pradesh.html","https://dynamic-media-cdn.tripadvisor.com/media/photo-o/13/aa/84/93/184laksha.jpg?w=100&h=-1&s=1","5.0 of 5 bubbles","Heaven in Shimla. Ideal for nature lovers.",3,"After many months of passing by the gate on the way to Kufri, I finally managed to visit the sanctuary. After a quick 2 minute entry procedure - Where you pay the fees, rent a bicycle if you want, and understand the closing time, you are on your way inside!The Good:- Birding - As a birder, I could spot so many species! Ideally go with your binoculars and DSLR with zoom lens- Wildlife - Saw some fresh barking deer tracks. But I am sure there were Leopards, Civets, Martens and lots of other species watching me. - Path - The 7KM path is flat and can easily be ridden on the bike (hopefully your own). - Peaceful - You could spend hours inside. Would surely visit again and again and again,The Bad:- Bicycles aren't in good condition. Although you can get your own, that isnt a possibility for most people. My bum was sore for days after riding that bike on the bumpy bath for 14 kms.- Trash - SO MUCH TRASH! Within a few hundred meters, you pass under the point where cars stop on the Kufri road to view the black forest. There was just a river of plastic flowing inside. Surprised that no one picked it up. Utilize that entrance fee!- Noise Pollution - Even in the deepest part of the sanctuary, you could hear Punjabi Music blaring out of cars on the Kufri road. Since that road pretty much traverses through the sanctuary, it should be made a silent zone with strict checking","Aug 2019","","","","2024-03-02T16:22:45Z"
"Reserve Forest Sanctuary","Shimla,Himachal Pradesh","g304552","d3705246","4.5","https://www.tripadvisor.com/ShowUserReviews-g304552-d3705246-r158443870-Reserve_Forest_Sanctuary-Shimla_Shimla_District_Himachal_Pradesh.html","https://dynamic-media-cdn.tripadvisor.com/media/photo-o/07/6d/87/2d/nikhilganju.jpg?w=100&h=-1&s=1","4.0 of 5 bubbles","The best natural attraction in Shimla district",186,"On a recent trip to Mashobra, I heard of this fabulous natural attraction from a local resident, when I asked him about good cycling tracks. The ""reserve forest and water catchment area"" as it is officially called, is a beautiful 10 sq kms of forest area, through which runs a well maintained dirt track, absolutely perfect for casual cycling. The track is about 6 to 7 kms depending on whether you choose to head to the rest house or the water catchment tank. The tank is a massive 120 metre long structure built in the british era and I'm sure it looks imposing when full. Picnic spots abound and the cycling through the trail is one of those simple pleasures life offers you, when you make the effort once in a while to get away from the city!Do remember to carry your snacks, water etc with you, since there is nothing along the trail and even when you get to the water tank, there's nothing there. Which is what makes it a perfect place to visit, no crowds, just pure nature.They will charge INR 50 per cycle (if you're carrying your own cycle) and INR 50 per person to enter. It's INR 100 per cycle if you rent one of their own cycles, which are very basic cycles. What a discovery! I'd highly recommend for a cycling picnic or simply a long walk in the woods.","Jul 2018","","","","2024-03-02T16:22:45Z"
"Reserve Forest Sanctuary","Shimla,Himachal Pradesh","g304552","d3705246","4.5","https://www.tripadvisor.com/ShowUserReviews-g304552-d3705246-r305386375-Reserve_Forest_Sanctuary-Shimla_Shimla_District_Himachal_Pradesh.html","https://dynamic-media-cdn.tripadvisor.com/media/photo-o/1a/f6/e2/11/default-avatar-2020-41.jpg?w=100&h=-1&s=1","5.0 of 5 bubbles","Away from the mad rush of Shimla town",32,"Went with our 2 daughters - 10 years and 4 years and loved the short trek. Got the hotel to arrange a small picnic basket - wonderful experience away from the maddening city of Shimla","May 2019","","","","2024-03-02T16:22:45Z"
"Reserve Forest Sanctuary","Shimla,Himachal Pradesh","g304552","d3705246","4.5","https://www.tripadvisor.com/ShowUserReviews-g304552-d3705246-r260346779-Reserve_Forest_Sanctuary-Shimla_Shimla_District_Himachal_Pradesh.html","https://dynamic-media-cdn.tripadvisor.com/media/photo-f/01/2e/70/80/avatar001.jpg?w=100&h=-1&s=1","5.0 of 5 bubbles","Lush green forest",376,"Nice sanctuary with nominal fee and is near by Kufri. One can see snow leopard, deer and some other animals.The most difficult part is travelling inside with kids as area covered is quite huge that too in mountains but great to go one time.","Feb 2019","","","","2024-03-02T16:22:45Z"
"Reserve Forest Sanctuary","Shimla,Himachal Pradesh","g304552","d3705246","4.5","https://www.tripadvisor.com/ShowUserReviews-g304552-d3705246-r537670746-Reserve_Forest_Sanctuary-Shimla_Shimla_District_Himachal_Pradesh.html","https://dynamic-media-cdn.tripadvisor.com/media/photo-o/1a/f6/e2/11/default-avatar-2020-41.jpg?w=100&h=-1&s=1","4.0 of 5 bubbles","Far from the madding crowd!",29,"With vast urbanization in Shimla, this is a great place to walk and enjoy the peace, quiet and nature.It  is 7 km walk to the last point making it 14 km to and fro. We walked half way and returned due to lack of time.You should plan to spend a day there. Carry your food and water in a knapsack as there is nothing available on the trail.It is a flat trail, so not difficult for non-walkers.Bicycles could be taken on rent, but all of them were non operational!Make sure you wear appropriate footwear and sunscreen. If you carry binoculars, you could enjoy watching landscapes, trees, birds, butterflies etc. Camera is a must! Amazing photo results with light and shade on the route!Names of trees are marked on various trees. Information boards with details about fauna and flora are also present.A fee of Rs. 100 per person is levied.Suggestion given to the incharge of the Sanctuary: please put milestones, so that it encourages people to keep walking and it would make it more interesting.","Oct 2018","","","","2024-03-02T16:22:45Z"
"Reserve Forest Sanctuary","Shimla,Himachal Pradesh","g304552","d3705246","4.5","https://www.tripadvisor.com/ShowUserReviews-g304552-d3705246-r415171241-Reserve_Forest_Sanctuary-Shimla_Shimla_District_Himachal_Pradesh.html","https://dynamic-media-cdn.tripadvisor.com/media/photo-o/06/23/f9/10/tuhin-c.jpg?w=100&h=-1&s=1","5.0 of 5 bubbles","Amazing  sights",22,"This place is very near to the green valley. While it has a 7km walk inside, we were only there for a quick stopover. There are no guides and entry is Rs 100 per person. But we were able to get a free pass because we were only going to be there for a bit. We saw some cycles but apparently they were not well maintained so we just walked around. One can not take cars etc. inside. The amount of greenery and fauna was just heart warming to be in.  If you are going to green valley, you must definitely make a quick stop over.","Sep 2018","","","","2024-03-02T16:22:45Z"
"Reserve Forest Sanctuary","Shimla,Himachal Pradesh","g304552","d3705246","4.5","https://www.tripadvisor.com/ShowUserReviews-g304552-d3705246-r281728055-Reserve_Forest_Sanctuary-Shimla_Shimla_District_Himachal_Pradesh.html","https://dynamic-media-cdn.tripadvisor.com/media/photo-o/14/be/e8/f3/nanshar.jpg?w=100&h=-1&s=1","4.0 of 5 bubbles","Walk in the woods",149,"In Mashobra, little away from the city sounds, it sits perfectly between the external world and the immense wealth of hills and pine and deodar forests. In my first visit, late in the afternoon i could manage to convince the guards to let me enter for an hour, i could spot a variety of birds and breathe in the aroma from pine trees. Its a must do if you wish to experience some himachal in a nutshell. Please note vehicles are not allowed inside so be prepared to walk a lot and if you have one whole day to spend here, carry food and water.","Jul 2018","","","","2024-03-02T16:22:45Z"
"Reserve Forest Sanctuary","Shimla,Himachal Pradesh","g304552","d3705246","4.5","https://www.tripadvisor.com/ShowUserReviews-g304552-d3705246-r246921305-Reserve_Forest_Sanctuary-Shimla_Shimla_District_Himachal_Pradesh.html","https://dynamic-media-cdn.tripadvisor.com/media/photo-o/0a/da/34/5a/sulmukherjee.jpg?w=100&h=-1&s=1","5.0 of 5 bubbles","Lovely walk for trekkers.",4,"We had a surprisingly good trek. The place was absolutely empty thought it was the Christmas week.Though some of the reviews state that cars are allowed inside, when we reached, they said no cars were allowed. We had to pay Rs 50 per head to get in. The process of getting the permit took just five minutes.The trail goes 6.87 km (as per our GPS) to a tank that was built by the British to supply water to Simla. While it may not look much, it was quite an engineering feat at its time.The trail is fairly secluded after the first km or so, during which it runs parallel to the highway. Though we did not see any fellow trekkers, there were a few rangers roaming about in cycles, though fairly far and few. The trail is almost flat, surprisingly.Also, given how narrow the trail is, it is good that cars were not allowed. It would have totally spoilt the experience.Overall, a lovely experience, and a relatively easy trek if you are reasonably fit. 14 km up and down took us about 3 hours.Do carry water and something to munch on, as there are no shops on the way and the rest house is under repair.","Jan 2019","","","","2024-03-02T16:22:45Z"
"Reserve Forest Sanctuary","Shimla,Himachal Pradesh","g304552","d3705246","4.5","https://www.tripadvisor.com/ShowUserReviews-g304552-d3705246-r424898867-Reserve_Forest_Sanctuary-Shimla_Shimla_District_Himachal_Pradesh.html","https://dynamic-media-cdn.tripadvisor.com/media/photo-o/03/f5/b8/a6/satishdoshi.jpg?w=100&h=-1&s=1","3.0 of 5 bubbles","Just wonderful with full of oxygen",398,"One must not miss morning trail beside tennis court and you find wild horses on way. The bird across the road guide you to live and preserve the nature.","Jun 2018","","","","2024-03-02T16:22:45Z"
"Reserve Forest Sanctuary","Shimla,Himachal Pradesh","g304552","d3705246","4.5","https://www.tripadvisor.com/ShowUserReviews-g304552-d3705246-r251822690-Reserve_Forest_Sanctuary-Shimla_Shimla_District_Himachal_Pradesh.html","https://dynamic-media-cdn.tripadvisor.com/media/photo-o/16/25/fe/33/anilrthakur.jpg?w=100&h=-1&s=1","5.0 of 5 bubbles","Lovely Trek",87,"The place is near Kufri and you need to walk a lot since cars are not allowed inside. But the beautiful surroundings make up for it. The number of animals inside is very less and they are quite far spread, Suitable only for nature lovers.","Jan 2015","","","","2024-03-02T16:22:47Z"
"Reserve Forest Sanctuary","Shimla,Himachal Pradesh","g304552","d3705246","4.5","https://www.tripadvisor.com/ShowUserReviews-g304552-d3705246-r661128747-Reserve_Forest_Sanctuary-Shimla_Shimla_District_Himachal_Pradesh.html","https://dynamic-media-cdn.tripadvisor.com/media/photo-o/1a/f6/ed/7b/default-avatar-2020-6.jpg?w=100&h=-1&s=1","5.0 of 5 bubbles","Heaven in Shimla. Ideal for nature lovers.",22,"After many months of passing by the gate on the way to Kufri, I finally managed to visit the sanctuary. After a quick 2 minute entry procedure - Where you pay the fees, rent a bicycle if you want, and understand the closing time, you are on your way inside!The Good:- Birding - As a birder, I could spot so many species! Ideally go with your binoculars and DSLR with zoom lens- Wildlife - Saw some fresh barking deer tracks. But I am sure there were Leopards, Civets, Martens and lots of other species watching me. - Path - The 7KM path is flat and can easily be ridden on the bike (hopefully your own). - Peaceful - You could spend hours inside. Would surely visit again and again and again,The Bad:- Bicycles aren't in good condition. Although you can get your own, that isnt a possibility for most people. My bum was sore for days after riding that bike on the bumpy bath for 14 kms.- Trash - SO MUCH TRASH! Within a few hundred meters, you pass under the point where cars stop on the Kufri road to view the black forest. There was just a river of plastic flowing inside. Surprised that no one picked it up. Utilize that entrance fee!- Noise Pollution - Even in the deepest part of the sanctuary, you could hear Punjabi Music blaring out of cars on the Kufri road. Since that road pretty much traverses through the sanctuary, it should be made a silent zone with strict checking","Sep 2018","","","","2024-03-02T16:22:47Z"
"Reserve Forest Sanctuary","Shimla,Himachal Pradesh","g304552","d3705246","4.5","https://www.tripadvisor.com/ShowUserReviews-g304552-d3705246-r158443870-Reserve_Forest_Sanctuary-Shimla_Shimla_District_Himachal_Pradesh.html","https://dynamic-media-cdn.tripadvisor.com/media/photo-o/17/6a/94/1e/sy1-sunny.jpg?w=100&h=-1&s=1","4.0 of 5 bubbles","The best natural attraction in Shimla district",166,"On a recent trip to Mashobra, I heard of this fabulous natural attraction from a local resident, when I asked him about good cycling tracks. The ""reserve forest and water catchment area"" as it is officially called, is a beautiful 10 sq kms of forest area, through which runs a well maintained dirt track, absolutely perfect for casual cycling. The track is about 6 to 7 kms depending on whether you choose to head to the rest house or the water catchment tank. The tank is a massive 120 metre long structure built in the british era and I'm sure it looks imposing when full. Picnic spots abound and the cycling through the trail is one of those simple pleasures life offers you, when you make the effort once in a while to get away from the city!Do remember to carry your snacks, water etc with you, since there is nothing along the trail and even when you get to the water tank, there's nothing there. Which is what makes it a perfect place to visit, no crowds, just pure nature.They will charge INR 50 per cycle (if you're carrying your own cycle) and INR 50 per person to enter. It's INR 100 per cycle if you rent one of their own cycles, which are very basic cycles. What a discovery! I'd highly recommend for a cycling picnic or simply a long walk in the woods.","Apr 2013","","","","2024-03-02T16:22:47Z"
"Reserve Forest Sanctuary","Shimla,Himachal Pradesh","g304552","d3705246","4.5","https://www.tripadvisor.com/ShowUserReviews-g304552-d3705246-r305386375-Reserve_Forest_Sanctuary-Shimla_Shimla_District_Himachal_Pradesh.html","https://dynamic-media-cdn.tripadvisor.com/media/photo-o/1a/f6/f1/42/default-avatar-2020-20.jpg?w=100&h=-1&s=1","5.0 of 5 bubbles","Away from the mad rush of Shimla town",57,"Went with our 2 daughters - 10 years and 4 years and loved the short trek. Got the hotel to arrange a small picnic basket - wonderful experience away from the maddening city of Shimla","Jul 2015","","","","2024-03-02T16:22:47Z"
"Reserve Forest Sanctuary","Shimla,Himachal Pradesh","g304552","d3705246","4.5","https://www.tripadvisor.com/ShowUserReviews-g304552-d3705246-r260346779-Reserve_Forest_Sanctuary-Shimla_Shimla_District_Himachal_Pradesh.html","https://dynamic-media-cdn.tripadvisor.com/media/photo-o/1a/f6/f4/5d/default-avatar-2020-32.jpg?w=100&h=-1&s=1","5.0 of 5 bubbles","Lush green forest",217,"Nice sanctuary with nominal fee and is near by Kufri. One can see snow leopard, deer and some other animals.The most difficult part is travelling inside with kids as area covered is quite huge that too in mountains but great to go one time.","Mar 2015","","","","2024-03-02T16:22:47Z"
"Reserve Forest Sanctuary","Shimla,Himachal Pradesh","g304552","d3705246","4.5","https://www.tripadvisor.com/ShowUserReviews-g304552-d3705246-r537670746-Reserve_Forest_Sanctuary-Shimla_Shimla_District_Himachal_Pradesh.html","https://dynamic-media-cdn.tripadvisor.com/media/photo-o/0b/5a/e0/27/hari-n.jpg?w=100&h=-1&s=1","4.0 of 5 bubbles","Far from the madding crowd!",6,"With vast urbanization in Shimla, this is a great place to walk and enjoy the peace, quiet and nature.It  is 7 km walk to the last point making it 14 km to and fro. We walked half way and returned due to lack of time.You should plan to spend a day there. Carry your food and water in a knapsack as there is nothing available on the trail.It is a flat trail, so not difficult for non-walkers.Bicycles could be taken on rent, but all of them were non operational!Make sure you wear appropriate footwear and sunscreen. If you carry binoculars, you could enjoy watching landscapes, trees, birds, butterflies etc. Camera is a must! Amazing photo results with light and shade on the route!Names of trees are marked on various trees. Information boards with details about fauna and flora are also present.A fee of Rs. 100 per person is levied.Suggestion given to the incharge of the Sanctuary: please put milestones, so that it encourages people to keep walking and it would make it more interesting.","Sep 2017","","","","2024-03-02T16:22:47Z"
"Reserve Forest Sanctuary","Shimla,Himachal Pradesh","g304552","d3705246","4.5","https://www.tripadvisor.com/ShowUserReviews-g304552-d3705246-r415171241-Reserve_Forest_Sanctuary-Shimla_Shimla_District_Himachal_Pradesh.html","https://dynamic-media-cdn.tripadvisor.com/media/photo-o/13/aa/84/93/184laksha.jpg?w=100&h=-1&s=1","5.0 of 5 bubbles","Amazing  sights",11,"This place is very near to the green valley. While it has a 7km walk inside, we were only there for a quick stopover. There are no guides and entry is Rs 100 per person. But we were able to get a free pass because we were only going to be there for a bit. We saw some cycles but apparently they were not well maintained so we just walked around. One can not take cars etc. inside. The amount of greenery and fauna was just heart warming to be in.  If you are going to green valley, you must definitely make a quick stop over.","Sep 2016","","","","2024-03-02T16:22:47Z"
"Reserve Forest Sanctuary","Shimla,Himachal Pradesh","g304552","d3705246","4.5","https://www.tripadvisor.com/ShowUserReviews-g304552-d3705246-r281728055-Reserve_Forest_Sanctuary-Shimla_Shimla_District_Himachal_Pradesh.html","https://dynamic-media-cdn.tripadvisor.com/media/photo-o/1a/f6/e8/5b/default-avatar-2020-61.jpg?w=100&h=-1&s=1","4.0 of 5 bubbles","Walk in the woods",79,"In Mashobra, little away from the city sounds, it sits perfectly between the external world and the immense wealth of hills and pine and deodar forests. In my first visit, late in the afternoon i could manage to convince the guards to let me enter for an hour, i could spot a variety of birds and breathe in the aroma from pine trees. Its a must do if you wish to experience some himachal in a nutshell. Please note vehicles are not allowed inside so be prepared to walk a lot and if you have one whole day to spend here, carry food and water.","Apr 2015","","","","2024-03-02T16:22:47Z"
"Reserve Forest Sanctuary","Shimla,Himachal Pradesh","g304552","d3705246","4.5","https://www.tripadvisor.com/ShowUserReviews-g304552-d3705246-r246921305-Reserve_Forest_Sanctuary-Shimla_Shimla_District_Himachal_Pradesh.html","https://dynamic-media-cdn.tripadvisor.com/media/photo-o/1a/f6/e4/59/default-avatar-2020-49.jpg?w=100&h=-1&s=1","5.0 of 5 bubbles","Lovely walk for trekkers.",24,"We had a surprisingly good trek. The place was absolutely empty thought it was the Christmas week.Though some of the reviews state that cars are allowed inside, when we reached, they said no cars were allowed. We had to pay Rs 50 per head to get in. The process of getting the permit took just five minutes.The trail goes 6.87 km (as per our GPS) to a tank that was built by the British to supply water to Simla. While it may not look much, it was quite an engineering feat at its time.The trail is fairly secluded after the first km or so, during which it runs parallel to the highway. Though we did not see any fellow trekkers, there were a few rangers roaming about in cycles, though fairly far and few. The trail is almost flat, surprisingly.Also, given how narrow the trail is, it is good that cars were not allowed. It would have totally spoilt the experience.Overall, a lovely experience, and a relatively easy trek if you are reasonably fit. 14 km up and down took us about 3 hours.Do carry water and something to munch on, as there are no shops on the way and the rest house is under repair.","Dec 2014","","","","2024-03-02T16:22:47Z"
"Reserve Forest Sanctuary","Shimla,Himachal Pradesh","g304552","d3705246","4.5","https://www.tripadvisor.com/ShowUserReviews-g304552-d3705246-r424898867-Reserve_Forest_Sanctuary-Shimla_Shimla_District_Himachal_Pradesh.html","https://dynamic-media-cdn.tripadvisor.com/media/photo-o/1a/f6/f0/48/default-avatar-2020-15.jpg?w=100&h=-1&s=1","3.0 of 5 bubbles","Just wonderful with full of oxygen",130,"One must not miss morning trail beside tennis court and you find wild horses on way. The bird across the road guide you to live and preserve the nature.","Sep 2016","","","","2024-03-02T16:22:47Z"
