names,address,geo_id,hotel_id,rating,url,profile_image,review_score,review_heading,profile_contr,review_body,date_of_stay,company_responder,company_response,company_response_date,timestamp
Lakkar Bazaar,"Shimla,Himachal Pradesh",g304552,d3705605,4.0,https://www.tripadvisor.com/ShowUserReviews-g304552-d3705605-r932843622-Lakkar_Bazaar-Shimla_Shimla_District_Himachal_Pradesh.html,https://dynamic-media-cdn.tripadvisor.com/media/photo-o/1a/f6/e2/e6/default-avatar-2020-45.jpg?w=100&h=-1&s=1,3.0 of 5 bubbles,Can give a miss,3,There is nothing wooden about lakkar bazzar... Highly disappointed... All the shops have the same things ... It seems like they have the same distributor...,Dec 2021,,,,2024-03-02T15:53:28Z
Lakkar Bazaar,"Shimla,Himachal Pradesh",g304552,d3705605,4.0,https://www.tripadvisor.com/ShowUserReviews-g304552-d3705605-r915810785-Lakkar_Bazaar-Shimla_Shimla_District_Himachal_Pradesh.html,https://dynamic-media-cdn.tripadvisor.com/media/photo-o/16/25/fe/33/anilrthakur.jpg?w=100&h=-1&s=1,5.0 of 5 bubbles,Lakkar Bajar Shimla ,935,"It is Basically a local Market and also you will get Himachali Souvenir as well here. Wooden market near the mall only, You will get stuff here.",Apr 2023 • Couples,,,,2024-03-02T15:53:28Z
Lakkar Bazaar,"Shimla,Himachal Pradesh",g304552,d3705605,4.0,https://www.tripadvisor.com/ShowUserReviews-g304552-d3705605-r899351634-Lakkar_Bazaar-Shimla_Shimla_District_Himachal_Pradesh.html,https://dynamic-media-cdn.tripadvisor.com/media/photo-o/0b/19/cd/d1/madhulika-l.jpg?w=100&h=-1&s=1,3.0 of 5 bubbles,Busy bazaar for trinkets and more,4,"The noisy Lakkar Bazaar begins from near Christ Church, with a very smelly stretch, because of the horses that are stationed here offering rides to tourists. Beyond that, there is stretch of temporary stalls where all sorts of cheap goods—curios, knitted socks, fast food snacks and so on—are on sale. These are the common items also in the more permanent shops that line the rest of Lakkar Bazaar, though these shops also do sell slightly more upmarket things, including Himachali shawls, hemp bags, etc. If you’re looking for inexpensive shopping, souvenirs and the like, Lakkar Bazaar is worth a try.",Apr 2014 • Couples,,,,2024-03-02T15:53:28Z
Lakkar Bazaar,"Shimla,Himachal Pradesh",g304552,d3705605,4.0,https://www.tripadvisor.com/ShowUserReviews-g304552-d3705605-r889661849-Lakkar_Bazaar-Shimla_Shimla_District_Himachal_Pradesh.html,https://dynamic-media-cdn.tripadvisor.com/media/photo-o/14/c0/80/5e/vipin-goel-tp-impex.jpg?w=100&h=-1&s=1,3.0 of 5 bubbles,Market of wooden handicrafts,7,"Wood in Hindi means Lakkar. Lakkar Bazaar is on left hand side road from The Ridge. Tens of shops selling wooden handicrafts, items, gifts, souvenirs, sticks etc. made from Shisham or Apricot wood. We bought some cutlery sets to be gifted in friends circle. The shops remained open till around 9pm.",Dec 2014 • Couples,,,,2024-03-02T15:53:28Z
Lakkar Bazaar,"Shimla,Himachal Pradesh",g304552,d3705605,4.0,https://www.tripadvisor.com/ShowUserReviews-g304552-d3705605-r887393341-Lakkar_Bazaar-Shimla_Shimla_District_Himachal_Pradesh.html,https://dynamic-media-cdn.tripadvisor.com/media/photo-o/0f/76/e3/84/harryhsr.jpg?w=100&h=-1&s=1,4.0 of 5 bubbles,Lakkar bazar shimla,1,"I always love to visit the local marketplace especially at hill stations, as it's always a pleasure to see where the local community shops and you get t see small shops with the local specialities. Lakkar bazar is very close to the mall. It's not as crowded as mall road. Try the local food and delicacies. Enjoy the local culture.",Jul 2019 • Family,,,,2024-03-02T15:53:28Z
Lakkar Bazaar,"Shimla,Himachal Pradesh",g304552,d3705605,4.0,https://www.tripadvisor.com/ShowUserReviews-g304552-d3705605-r883117110-Lakkar_Bazaar-Shimla_Shimla_District_Himachal_Pradesh.html,https://dynamic-media-cdn.tripadvisor.com/media/photo-o/0b/df/8d/a0/parkits-s.jpg?w=100&h=-1&s=1,2.0 of 5 bubbles,Lakkar Bazaar - No longer,11,Nothing much left in lakkar Bazaar visit only if you have spare time. 9 to 10 shops with almost have same old wooden stuff.,May 2019 • Couples,,,,2024-03-02T15:53:28Z
Lakkar Bazaar,"Shimla,Himachal Pradesh",g304552,d3705605,4.0,https://www.tripadvisor.com/ShowUserReviews-g304552-d3705605-r879952340-Lakkar_Bazaar-Shimla_Shimla_District_Himachal_Pradesh.html,https://dynamic-media-cdn.tripadvisor.com/media/photo-o/1a/f6/e3/1f/default-avatar-2020-46.jpg?w=100&h=-1&s=1,5.0 of 5 bubbles,Local Market,164,Lakkar Bazaar is a nice little local market offering a range of articles. Nice place to collect some souvenirs.,Apr 2018 • Family,,,,2024-03-02T15:53:28Z
Lakkar Bazaar,"Shimla,Himachal Pradesh",g304552,d3705605,4.0,https://www.tripadvisor.com/ShowUserReviews-g304552-d3705605-r862274222-Lakkar_Bazaar-Shimla_Shimla_District_Himachal_Pradesh.html,https://dynamic-media-cdn.tripadvisor.com/media/photo-o/1a/f6/de/e7/default-avatar-2020-37.jpg?w=100&h=-1&s=1,5.0 of 5 bubbles,They have high quality wooden goods for very low prices,2,"It is not  only a pleasant place to visit, what with scent and sight of thousands of wooden items and all, but it is a great market to come to for wooded goods.Do inspect the quality before buying, as some items may be slightly damaged.The only drawback is that it can get very crowded at times, which makes it difficult to reach the shopfronts.",Aug 2017 • Couples,,,,2024-03-02T15:53:28Z
Lakkar Bazaar,"Shimla,Himachal Pradesh",g304552,d3705605,4.0,https://www.tripadvisor.com/ShowUserReviews-g304552-d3705605-r841396636-Lakkar_Bazaar-Shimla_Shimla_District_Himachal_Pradesh.html,https://dynamic-media-cdn.tripadvisor.com/media/photo-o/0a/af/2a/2d/anmol-v.jpg?w=100&h=-1&s=1,4.0 of 5 bubbles,Nice Local Market to Visit,6,"Nice place to see Local Fruit and Vegetable market. Also there are some iconic Sweet Shops .I loved this market, also you have get some fruits with you, they are delicious.",Nov 2017 • Couples,,,,2024-03-02T15:53:28Z
Lakkar Bazaar,"Shimla,Himachal Pradesh",g304552,d3705605,4.0,https://www.tripadvisor.com/ShowUserReviews-g304552-d3705605-r822745957-Lakkar_Bazaar-Shimla_Shimla_District_Himachal_Pradesh.html,https://dynamic-media-cdn.tripadvisor.com/media/photo-o/1a/f6/f1/79/default-avatar-2020-21.jpg?w=100&h=-1&s=1,3.0 of 5 bubbles,Local market for wooden items,942,"Lakkar market is at the end of mall road in shimla. One can find small items made of wood, wooden toys and show pieces at a very reasonable price.",Sep 2016 • Friends,,,,2024-03-02T15:53:28Z
Lakkar Bazaar,"Shimla,Himachal Pradesh",g304552,d3705605,4.0,https://www.tripadvisor.com/ShowUserReviews-g304552-d3705605-r821549422-Lakkar_Bazaar-Shimla_Shimla_District_Himachal_Pradesh.html,https://dynamic-media-cdn.tripadvisor.com/media/photo-o/21/40/8b/ea/travellermodeon.jpg?w=100&h=-1&s=1,4.0 of 5 bubbles,Old Busy Market,182,small bazar of some really good stuff made of wood. from a small comb till big wood artefacts all are available here. please note they dont bargain and neither do they have proce tahs to their stuff. you need to buy thwm at the price they giving. we bought cute jwellery boxes with very beautt clean wooden carving. its a must watch. the lakkar bazzar is aftee the christ church. a parallel lane goes down and there is the bazar try to visit before 5 so that you can see the various products and their  carvings in the daylight,Dec 2015 • Friends,,,,2024-03-02T15:53:30Z
Lakkar Bazaar,"Shimla,Himachal Pradesh",g304552,d3705605,4.0,https://www.tripadvisor.com/ShowUserReviews-g304552-d3705605-r813112516-Lakkar_Bazaar-Shimla_Shimla_District_Himachal_Pradesh.html,https://dynamic-media-cdn.tripadvisor.com/media/photo-o/16/25/fe/33/anilrthakur.jpg?w=100&h=-1&s=1,4.0 of 5 bubbles,beautiful wooden crafts...!!,935,Kind of small flee market not much but you will get good stuff here. No Parking space so you have to keep walking from here to there. Shimla Rocks,Jan 2014 • Friends,,,,2024-03-02T15:53:30Z
Lakkar Bazaar,"Shimla,Himachal Pradesh",g304552,d3705605,4.0,https://www.tripadvisor.com/ShowUserReviews-g304552-d3705605-r752244356-Lakkar_Bazaar-Shimla_Shimla_District_Himachal_Pradesh.html,https://dynamic-media-cdn.tripadvisor.com/media/photo-s/03/2f/8f/ec/debashis77-12.jpg?w=100&h=-1&s=1,3.0 of 5 bubbles,Lakkar Bajar Shimla ,1,"Shimla is especially famous for the intricately carved wooden items.So it is no wonder that an entire market that dedicated to selling of such goods here. Located on the tiny road adjoining The Ridge in Shimla, Lakkar Bazaar is one of the popular street shopping place famous for the wooden decorative paraphernalia. There are also small shops lined along the market selling woolens, Pashmina shawls and handicrafts, with the Kullu shawls being the prime attraction.However,the most selling items in this market is the wooden walking sticks.",Sep 2023 • Friends,,,,2024-03-02T15:53:30Z
Lakkar Bazaar,"Shimla,Himachal Pradesh",g304552,d3705605,4.0,https://www.tripadvisor.com/ShowUserReviews-g304552-d3705605-r746928438-Lakkar_Bazaar-Shimla_Shimla_District_Himachal_Pradesh.html,https://dynamic-media-cdn.tripadvisor.com/media/photo-o/1a/f6/7c/01/default-avatar-2020-5.jpg?w=100&h=-1&s=1,5.0 of 5 bubbles,Local market for wooden items,592,This is one of the oldest and the most traditional markets of Shimla and a very historical landmark. Its a must visit place,Dec 2021,,,,2024-03-02T15:53:30Z
Lakkar Bazaar,"Shimla,Himachal Pradesh",g304552,d3705605,4.0,https://www.tripadvisor.com/ShowUserReviews-g304552-d3705605-r742548159-Lakkar_Bazaar-Shimla_Shimla_District_Himachal_Pradesh.html,https://dynamic-media-cdn.tripadvisor.com/media/photo-o/21/e9/81/ad/rahul2604.jpg?w=100&h=-1&s=1,4.0 of 5 bubbles,"Place to buy ethinic shoes, socks, bakery items",31,"Situated near Ridge,it's name came from Woodcraft's sellers who have many shops in this market,lakkar means wood.It is also local market for locals ,few bakery and eatries including the famous sitaram and sons.Good area to explore the local vibes of Shimla,it's always crowded and roads are narrow.",Nov 2019,,,,2024-03-02T15:53:30Z
Lakkar Bazaar,"Shimla,Himachal Pradesh",g304552,d3705605,4.0,https://www.tripadvisor.com/ShowUserReviews-g304552-d3705605-r740538780-Lakkar_Bazaar-Shimla_Shimla_District_Himachal_Pradesh.html,https://dynamic-media-cdn.tripadvisor.com/media/photo-o/0b/5a/e0/27/hari-n.jpg?w=100&h=-1&s=1,4.0 of 5 bubbles,Wooden Stuff Market,29,Start from the ridge first u see the roller skating enjoy chole bhutra at famous sita ram.Then move to the wooden market for gift for someone u love. enjoy the food and bakery at small stalls.See the famous auckland house school of shimla.and get back to the ridge.,Apr 2019 • Family,,,,2024-03-02T15:53:30Z
Lakkar Bazaar,"Shimla,Himachal Pradesh",g304552,d3705605,4.0,https://www.tripadvisor.com/ShowUserReviews-g304552-d3705605-r725933497-Lakkar_Bazaar-Shimla_Shimla_District_Himachal_Pradesh.html,https://dynamic-media-cdn.tripadvisor.com/media/photo-o/0c/b7/3e/99/dan-l.jpg?w=100&h=-1&s=1,4.0 of 5 bubbles,Old market ,7,"As we had experienced a couple of bazaars in Delhi, we hadn't intended visiting here but eventually decided on a walk-through as it provided a short-cut for the walk back to our hotel. The streets and alleys are narrow, crowded with locals and tourists, there is a vibrancy about the place, there is colour and the continuous clamor of the traders advertising their wares. There is a myriad of small shops selling souvenirs, handicrafts, woolen garments and pashmina shawls seem to be stocked by most outlets. You also have the ubiquitous mobile phone outlets offering  a huge range of cheap communications equipment, much of it Chinese origin. My wife purchased a very nice lace tablecloth; some short hard bargaining and the shopkeeper relented. We sought independent advice later and were very pleased to be assured that we had managed to get a quality bargain item. Hold your bag to your chest and just enjoy the experience.",Feb 2019 • Family,,,,2024-03-02T15:53:30Z
Lakkar Bazaar,"Shimla,Himachal Pradesh",g304552,d3705605,4.0,https://www.tripadvisor.com/ShowUserReviews-g304552-d3705605-r723951816-Lakkar_Bazaar-Shimla_Shimla_District_Himachal_Pradesh.html,https://dynamic-media-cdn.tripadvisor.com/media/photo-o/1a/f6/f2/11/default-avatar-2020-23.jpg?w=100&h=-1&s=1,5.0 of 5 bubbles,Finest Place for Morning Walk ,15,"Amazing place to buy locally spun socks, shawls, wooden spoons etc. There is a Tibetan market where you get branded winter jackets, caps, leggings.",Oct 2018 • Friends,,,,2024-03-02T15:53:30Z
Lakkar Bazaar,"Shimla,Himachal Pradesh",g304552,d3705605,4.0,https://www.tripadvisor.com/ShowUserReviews-g304552-d3705605-r699985729-Lakkar_Bazaar-Shimla_Shimla_District_Himachal_Pradesh.html,https://dynamic-media-cdn.tripadvisor.com/media/photo-o/07/95/1e/82/ashishgarg2014.jpg?w=100&h=-1&s=1,2.0 of 5 bubbles,Average market with absolutely average stuff,170,"Shimla by itself is a decaying old town, with massive traffic chaos and jams. The Lakkar Bazaar is the ubiquitous line up of small shops catering to the needs of the local people living in the lower bazaar area. The hand made wooden goods from which the bazaar got its name are missing and replaced with shops selling mobile phone covers, chinese plastic goods and daily needs stuff. There are a few eateries here which look dangerously unhygenic. The entire area is filthy to the core and is best avoided.",May 2018 • Family,,,,2024-03-02T15:53:30Z
Lakkar Bazaar,"Shimla,Himachal Pradesh",g304552,d3705605,4.0,https://www.tripadvisor.com/ShowUserReviews-g304552-d3705605-r694602484-Lakkar_Bazaar-Shimla_Shimla_District_Himachal_Pradesh.html,https://dynamic-media-cdn.tripadvisor.com/media/photo-o/0c/c0/22/e0/taranjit-s.jpg?w=100&h=-1&s=1,4.0 of 5 bubbles,Old flea market in Shimla near the Ridge !,306,"Located next to the main mall road in Shimla, as the name suggests, this place has plenty of roadside shacks selling wooden goods, gift items and decorations.People can get things customized as well for their loved ones.",May 2018,,,,2024-03-02T15:53:30Z
Lakkar Bazaar,"Shimla,Himachal Pradesh",g304552,d3705605,4.0,https://www.tripadvisor.com/ShowUserReviews-g304552-d3705605-r560841758-Lakkar_Bazaar-Shimla_Shimla_District_Himachal_Pradesh.html,https://dynamic-media-cdn.tripadvisor.com/media/photo-o/17/d6/cf/f2/819sanjayr.jpg?w=100&h=-1&s=1,5.0 of 5 bubbles,Reliving the Best memoirs,47,"This is an interesting bazaar. You may find coats, jeans, bags, shoes, and sneakers from international brands. If you are looking for something local, avoid it.",May 2019 • Couples,,,,2024-03-02T15:53:31Z
Lakkar Bazaar,"Shimla,Himachal Pradesh",g304552,d3705605,4.0,https://www.tripadvisor.com/ShowUserReviews-g304552-d3705605-r550226434-Lakkar_Bazaar-Shimla_Shimla_District_Himachal_Pradesh.html,https://dynamic-media-cdn.tripadvisor.com/media/photo-o/13/1a/a3/52/naveen-oberoi.jpg?w=100&h=-1&s=1,4.0 of 5 bubbles,Wooden Stuff Market,403,"Do visit Lakkar Bazaar when you visit Shimla. Not only is the Street food awesome and economical but the shopping too. All ye husband's, this is the place to take your wives shopping while visiting Shimla. Have fun.",Apr 2019 • Family,,,,2024-03-02T15:53:31Z
Lakkar Bazaar,"Shimla,Himachal Pradesh",g304552,d3705605,4.0,https://www.tripadvisor.com/ShowUserReviews-g304552-d3705605-r547763483-Lakkar_Bazaar-Shimla_Shimla_District_Himachal_Pradesh.html,https://dynamic-media-cdn.tripadvisor.com/media/photo-o/07/51/11/3f/jnvsydney.jpg?w=100&h=-1&s=1,4.0 of 5 bubbles,Fun to be had,18,"It's a big market . Price of caps and woolen clothes are high , as i have been to many himalayan destination but this is the right place for buying local handmade products ( My personal view ) . Bazar closes at 9-10PM .",Mar 2019 • Couples,,,,2024-03-02T15:53:31Z
Lakkar Bazaar,"Shimla,Himachal Pradesh",g304552,d3705605,4.0,https://www.tripadvisor.com/ShowUserReviews-g304552-d3705605-r475285955-Lakkar_Bazaar-Shimla_Shimla_District_Himachal_Pradesh.html,https://dynamic-media-cdn.tripadvisor.com/media/photo-o/1a/f6/eb/43/default-avatar-2020-11.jpg?w=100&h=-1&s=1,3.0 of 5 bubbles,Nothing great !!,313,This place is very much easily accessible. From mall road it's just about 10 minutes walk. It's just adjacent to the famous ridge and Christ Church. The market is somehow famous for wooden products but I did not find any good variety of wooden products there. A small souvenir can be purchased for memory. You cannot reach the market by car as traffic is banned. This place experiences higher amount of snow fall n winters and because there not much sunlight at the place the snow lasts for many days. If u r in Shimla u can consider visiting it.,Mar 2019 • Family,,,,2024-03-02T15:53:31Z
Lakkar Bazaar,"Shimla,Himachal Pradesh",g304552,d3705605,4.0,https://www.tripadvisor.com/ShowUserReviews-g304552-d3705605-r446405225-Lakkar_Bazaar-Shimla_Shimla_District_Himachal_Pradesh.html,https://dynamic-media-cdn.tripadvisor.com/media/photo-o/1a/f6/f2/11/default-avatar-2020-23.jpg?w=100&h=-1&s=1,4.0 of 5 bubbles,Old market ,25,Lakkar bazaar is a market filled with shops only selling wooden crafted items. You can get from a keychain to a table for cheapest of prices. It's a never ending market and you can shop till you drop. It's part of the mall road area in Shimla. You can buy amazing stuff for your home which you will not get in big cities. Highly recommended.,Feb 2019 • Family,,,,2024-03-02T15:53:31Z
Lakkar Bazaar,"Shimla,Himachal Pradesh",g304552,d3705605,4.0,https://www.tripadvisor.com/ShowUserReviews-g304552-d3705605-r399074628-Lakkar_Bazaar-Shimla_Shimla_District_Himachal_Pradesh.html,https://dynamic-media-cdn.tripadvisor.com/media/photo-o/05/05/4a/27/floydsindia.jpg?w=100&h=-1&s=1,3.0 of 5 bubbles,Looking for some wooden household or decorative items ?,236,"It's an market near ridge, visitors there to buy some wooden material to remember there visit to shimla.",Dec 2018 • Family,,,,2024-03-02T15:53:31Z
Lakkar Bazaar,"Shimla,Himachal Pradesh",g304552,d3705605,4.0,https://www.tripadvisor.com/ShowUserReviews-g304552-d3705605-r379236692-Lakkar_Bazaar-Shimla_Shimla_District_Himachal_Pradesh.html,https://dynamic-media-cdn.tripadvisor.com/media/photo-o/12/47/e1/06/punjabindia.jpg?w=100&h=-1&s=1,4.0 of 5 bubbles,Old Famous Market of Shimla,314,The walks never seem to end in Shimla. This bazaar is an extension of the Ridge. nothing unusual about this place but lots of shop selling wooden items. good if you want to carry few souvenirs back.,Mar 2018 • Family,,,,2024-03-02T15:53:31Z
Lakkar Bazaar,"Shimla,Himachal Pradesh",g304552,d3705605,4.0,https://www.tripadvisor.com/ShowUserReviews-g304552-d3705605-r371706933-Lakkar_Bazaar-Shimla_Shimla_District_Himachal_Pradesh.html,https://dynamic-media-cdn.tripadvisor.com/media/photo-o/1a/f6/e2/81/default-avatar-2020-43.jpg?w=100&h=-1&s=1,3.0 of 5 bubbles,Market,230,Variety of wooden items are available and sold at this Bazar. Beautiful handicrafts items are also available but you need to bargain a lot. You must visit this place to have a feel of atmosphere.,Aug 2018 • Couples,,,,2024-03-02T15:53:31Z
Lakkar Bazaar,"Shimla,Himachal Pradesh",g304552,d3705605,4.0,https://www.tripadvisor.com/ShowUserReviews-g304552-d3705605-r340700615-Lakkar_Bazaar-Shimla_Shimla_District_Himachal_Pradesh.html,https://dynamic-media-cdn.tripadvisor.com/media/photo-o/16/25/fe/33/anilrthakur.jpg?w=100&h=-1&s=1,4.0 of 5 bubbles,Finest Place for Morning Walk ,935,"The bazaar mainly have shops with wood carving and wood related articles on both side of the streets. But now its no more a lakkar bazaar only. It has hell lot of food joints, wooolen clothings and all are scattered around.. Cost of the wooden items are too pricey.Please do bit of a bargaining before you buy..",Oct 2018 • Friends,,,,2024-03-02T15:53:31Z
Lakkar Bazaar,"Shimla,Himachal Pradesh",g304552,d3705605,4.0,https://www.tripadvisor.com/ShowUserReviews-g304552-d3705605-r337125088-Lakkar_Bazaar-Shimla_Shimla_District_Himachal_Pradesh.html,https://dynamic-media-cdn.tripadvisor.com/media/photo-o/0d/22/6f/b9/jalal-i.jpg?w=100&h=-1&s=1,4.0 of 5 bubbles,nice bazaar,1,"The bazaar is at the end of ridge. Excellent place to buy items like wood,woolen and dry fruits. Busy street with many shops and street food to eat. Excellent place to visit and shop.",Aug 2018 • Solo,,,,2024-03-02T15:53:31Z
Lakkar Bazaar,"Shimla,Himachal Pradesh",g304552,d3705605,4.0,https://www.tripadvisor.com/ShowUserReviews-g304552-d3705605-r334760599-Lakkar_Bazaar-Shimla_Shimla_District_Himachal_Pradesh.html,https://dynamic-media-cdn.tripadvisor.com/media/photo-o/06/df/46/77/vivektapadia.jpg?w=100&h=-1&s=1,5.0 of 5 bubbles,Wooden items Bazar,442,It's not at special normal shops .... over hyped and over rated bazar there are few shops of wooden carving items but again same are available in every city not that great and road of bazar smelly and not in good condition?,Nov 2017 • Family,,,,2024-03-02T15:53:33Z
Lakkar Bazaar,"Shimla,Himachal Pradesh",g304552,d3705605,4.0,https://www.tripadvisor.com/ShowUserReviews-g304552-d3705605-r332552450-Lakkar_Bazaar-Shimla_Shimla_District_Himachal_Pradesh.html,https://dynamic-media-cdn.tripadvisor.com/media/photo-o/07/6c/b9/5d/ravigupta08.jpg?w=100&h=-1&s=1,3.0 of 5 bubbles,No more a Lakkar Bazzar Only..,234,After Mall road this is the most sought after market in shimla. As the name suggest a lot of wood carving and related articles are sold on both sides of the street. With time other articles especially woollen clothings and eateries have also mushroomed on the street and its no long a lakkar bazar.,Jul 2018 • Family,,,,2024-03-02T15:53:33Z
Lakkar Bazaar,"Shimla,Himachal Pradesh",g304552,d3705605,4.0,https://www.tripadvisor.com/ShowUserReviews-g304552-d3705605-r329924305-Lakkar_Bazaar-Shimla_Shimla_District_Himachal_Pradesh.html,https://dynamic-media-cdn.tripadvisor.com/media/photo-o/29/75/21/67/gurughummakad.jpg?w=100&h=-1&s=1,3.0 of 5 bubbles,Best Place to buy wood items,49,"When my mom came to know about my Shimla trip, the only thing she asked was a walking stick and I got two from the famous Lakkar Bazaar and the best part was that she used it till she passed away three weeks back!",May 2018 • Family,,,,2024-03-02T15:53:33Z
Lakkar Bazaar,"Shimla,Himachal Pradesh",g304552,d3705605,4.0,https://www.tripadvisor.com/ShowUserReviews-g304552-d3705605-r295711988-Lakkar_Bazaar-Shimla_Shimla_District_Himachal_Pradesh.html,https://dynamic-media-cdn.tripadvisor.com/media/photo-o/1c/ba/e8/51/dheemantshetty.jpg?w=100&h=-1&s=1,4.0 of 5 bubbles,Not worth to visit ,19,"a small stretch of market where you can buy Wooden hadicrafts made by Sikh's. Beautiful wooden work at very reasonable prices. They dont bargain, but again the prices are reasonable so why bargain.",May 2018,,,,2024-03-02T15:53:33Z
Lakkar Bazaar,"Shimla,Himachal Pradesh",g304552,d3705605,4.0,https://www.tripadvisor.com/ShowUserReviews-g304552-d3705605-r270715060-Lakkar_Bazaar-Shimla_Shimla_District_Himachal_Pradesh.html,https://dynamic-media-cdn.tripadvisor.com/media/photo-o/06/7e/20/f4/piyush-moona.jpg?w=100&h=-1&s=1,3.0 of 5 bubbles,"Long stroll , busy market place.!!",1,"Actually very reasonable market for getting souvenirs, wood items, etc. despite being a tourist hot spot.",Apr 2018 • Family,,,,2024-03-02T15:53:33Z
Lakkar Bazaar,"Shimla,Himachal Pradesh",g304552,d3705605,4.0,https://www.tripadvisor.com/ShowUserReviews-g304552-d3705605-r226059457-Lakkar_Bazaar-Shimla_Shimla_District_Himachal_Pradesh.html,https://dynamic-media-cdn.tripadvisor.com/media/photo-o/04/11/e8/8e/sayadil.jpg?w=100&h=-1&s=1,3.0 of 5 bubbles,Great place for wooden souvenirs for family,11,Place filled with shops selling wooden artefacts but most shops carry the same stuff with different pricing. So just haggle around and you will find something to bring back home.,Apr 2018 • Solo,,,,2024-03-02T15:53:33Z
Lakkar Bazaar,"Shimla,Himachal Pradesh",g304552,d3705605,4.0,https://www.tripadvisor.com/ShowUserReviews-g304552-d3705605-r157731820-Lakkar_Bazaar-Shimla_Shimla_District_Himachal_Pradesh.html,https://dynamic-media-cdn.tripadvisor.com/media/photo-o/1a/f6/ea/b2/default-avatar-2020-69.jpg?w=100&h=-1&s=1,4.0 of 5 bubbles,Must Visit,77,"Our family enjoyed going around this bazaar in the street. We bought hard carved  wooden items amongst our small gifts. No hard selling, no wildly inflated offer prices. Many traders seem to be long established 30 years or so. They seem to offer a reasonable price to start  rather than suggesting starting prices 3 or 4 times what the trader would eventually settle for ( if he had to if you bothered to haggle enough). On our tour of north India ... Delhi, Varanesi, Agra , Jaipur and Shimla we found Shimla the most reasonable of the tourist spots for tourist gifts. No walking street traders offering postcards, beads and tourist tat.",Aug 2017 • Couples,,,,2024-03-02T15:53:33Z
Lakkar Bazaar,"Shimla,Himachal Pradesh",g304552,d3705605,4.0,https://www.tripadvisor.com/ShowUserReviews-g304552-d3705605-r932843622-Lakkar_Bazaar-Shimla_Shimla_District_Himachal_Pradesh.html,https://dynamic-media-cdn.tripadvisor.com/media/photo-o/1a/f6/e2/e6/default-avatar-2020-45.jpg?w=100&h=-1&s=1,4.0 of 5 bubbles,Nice place to shop,228,There is nothing wooden about lakkar bazzar... Highly disappointed... All the shops have the same things ... It seems like they have the same distributor...,Dec 2017 • Friends,,,,2024-03-02T15:53:33Z
Lakkar Bazaar,"Shimla,Himachal Pradesh",g304552,d3705605,4.0,https://www.tripadvisor.com/ShowUserReviews-g304552-d3705605-r883117110-Lakkar_Bazaar-Shimla_Shimla_District_Himachal_Pradesh.html,https://dynamic-media-cdn.tripadvisor.com/media/photo-o/0b/df/8d/a0/parkits-s.jpg?w=100&h=-1&s=1,4.0 of 5 bubbles,Its an average shopping experience.,954,Nothing much left in lakkar Bazaar visit only if you have spare time. 9 to 10 shops with almost have same old wooden stuff.,Dec 2017 • Couples,,,,2024-03-02T15:53:33Z
Lakkar Bazaar,"Shimla,Himachal Pradesh",g304552,d3705605,4.0,https://www.tripadvisor.com/ShowUserReviews-g304552-d3705605-r879952340-Lakkar_Bazaar-Shimla_Shimla_District_Himachal_Pradesh.html,https://dynamic-media-cdn.tripadvisor.com/media/photo-o/1a/f6/e3/1f/default-avatar-2020-46.jpg?w=100&h=-1&s=1,5.0 of 5 bubbles,Plenty of good value craft items at very reasonable prices,16,Lakkar Bazaar is a nice little local market offering a range of articles. Nice place to collect some souvenirs.,Nov 2017,,,,2024-03-02T15:53:33Z
Lakkar Bazaar,"Shimla,Himachal Pradesh",g304552,d3705605,4.0,https://www.tripadvisor.com/ShowUserReviews-g304552-d3705605-r543105537-Lakkar_Bazaar-Shimla_Shimla_District_Himachal_Pradesh.html,https://dynamic-media-cdn.tripadvisor.com/media/photo-o/0a/af/2a/2d/anmol-v.jpg?w=100&h=-1&s=1,4.0 of 5 bubbles,Nice Local Market to Visit,110,"There is walking that one has to do ,coz cars are not allowed,In fact one has to take a lift from parking area to mall road then one can start walking and exploring scandal point,lakkar bazar etc. Lakkar bazar is famous for shopping wooden goods and show pieces,don't miss chole kulche at sita ram & sons,one can buy dry fruits too from this market",Nov 2017 • Couples,,,,2024-03-02T15:53:35Z
Lakkar Bazaar,"Shimla,Himachal Pradesh",g304552,d3705605,4.0,https://www.tripadvisor.com/ShowUserReviews-g304552-d3705605-r539928226-Lakkar_Bazaar-Shimla_Shimla_District_Himachal_Pradesh.html,https://dynamic-media-cdn.tripadvisor.com/media/photo-o/21/40/8b/ea/travellermodeon.jpg?w=100&h=-1&s=1,3.0 of 5 bubbles,"Must visit , specially for buying shimla memories !! ",24,"I have been there 2 times, on my first visit back in 2015 it had it's shine in terms of locally manufactured products made out of wood, but now most of the shop owners have started selling items that don't belong to this place.",Oct 2017,,,,2024-03-02T15:53:35Z
Lakkar Bazaar,"Shimla,Himachal Pradesh",g304552,d3705605,4.0,https://www.tripadvisor.com/ShowUserReviews-g304552-d3705605-r539266193-Lakkar_Bazaar-Shimla_Shimla_District_Himachal_Pradesh.html,https://dynamic-media-cdn.tripadvisor.com/media/photo-o/16/25/fe/33/anilrthakur.jpg?w=100&h=-1&s=1,3.0 of 5 bubbles,Flee Market,165,"Local market which is nice to see, however it is very tourist driven. Lots of spices, colours and knick knacks. Veg momos sold throughout - definitely try! 8 momos for 29 RPs... can't complain! A guided tour is not needed here, easy to get to via train or bus. Beware a lot of walking up steep hills and steps.",Nov 2017 • Couples,,,,2024-03-02T15:53:35Z
Lakkar Bazaar,"Shimla,Himachal Pradesh",g304552,d3705605,4.0,https://www.tripadvisor.com/ShowUserReviews-g304552-d3705605-r538285646-Lakkar_Bazaar-Shimla_Shimla_District_Himachal_Pradesh.html,https://dynamic-media-cdn.tripadvisor.com/media/photo-s/03/2f/8f/ec/debashis77-12.jpg?w=100&h=-1&s=1,5.0 of 5 bubbles,Busiest Bazar in the narrow lanes,448,A local typical type market in Shimla where we bought some local things. Bargening skill is necessary to shop here.,Oct 2017 • Couples,,,,2024-03-02T15:53:35Z
Lakkar Bazaar,"Shimla,Himachal Pradesh",g304552,d3705605,4.0,https://www.tripadvisor.com/ShowUserReviews-g304552-d3705605-r534763197-Lakkar_Bazaar-Shimla_Shimla_District_Himachal_Pradesh.html,https://dynamic-media-cdn.tripadvisor.com/media/photo-o/1a/f6/7c/01/default-avatar-2020-5.jpg?w=100&h=-1&s=1,5.0 of 5 bubbles,Traditional and beautiful,330,"Busy with colour and activity this narrow set of lanes following the contours of the hill, interconnected by narrow steep staircases is full of a wide variety of markets. When we visited, it was frantic with preparations and last minute purchases for Diwali. Many food outlets seemed to have converted to selling sweets and there were also lots of lights and candles and oil lamps for sale. It was busy and full of jostling but felt entirely safe and enjoyable with the thrill of following your nose to explore the many different areas specialising in spices,  eat, fish, vegetables, text books, phones, sweets and many other things.",Oct 2017 • Couples,,,,2024-03-02T15:53:35Z
Lakkar Bazaar,"Shimla,Himachal Pradesh",g304552,d3705605,4.0,https://www.tripadvisor.com/ShowUserReviews-g304552-d3705605-r527408115-Lakkar_Bazaar-Shimla_Shimla_District_Himachal_Pradesh.html,https://dynamic-media-cdn.tripadvisor.com/media/photo-o/21/e9/81/ad/rahul2604.jpg?w=100&h=-1&s=1,4.0 of 5 bubbles,Handicrafts and local market,152,This was a great place to buy hand carved wooden souvenirs.  I enjoyed the many small shops and their different wares.,Aug 2017 • Friends,,,,2024-03-02T15:53:35Z
Lakkar Bazaar,"Shimla,Himachal Pradesh",g304552,d3705605,4.0,https://www.tripadvisor.com/ShowUserReviews-g304552-d3705605-r522475875-Lakkar_Bazaar-Shimla_Shimla_District_Himachal_Pradesh.html,https://dynamic-media-cdn.tripadvisor.com/media/photo-o/0c/b7/3e/99/dan-l.jpg?w=100&h=-1&s=1,3.0 of 5 bubbles,Experience shopping with the locals,403,"This place comes highly recommended by all but I found it very average. This Street Bazaar boasts of Himachal traditional woolen clothes, caps, cheap jewellery and souvenirs which can be found anywhere in India. The special article, the special local souvenir made of wood is not there. This street bazar disappoints in that way. Bangle Stand, caps, woolen clothes are the most common items. One visit is a must but it may not attract for a repeat visit. It also depends on the season you visit, so avoid the rains and visit this place in April or September/October time.",Sep 2017 • Family,,,,2024-03-02T15:53:35Z
Lakkar Bazaar,"Shimla,Himachal Pradesh",g304552,d3705605,4.0,https://www.tripadvisor.com/ShowUserReviews-g304552-d3705605-r503566354-Lakkar_Bazaar-Shimla_Shimla_District_Himachal_Pradesh.html,https://dynamic-media-cdn.tripadvisor.com/media/photo-o/07/95/1e/82/ashishgarg2014.jpg?w=100&h=-1&s=1,4.0 of 5 bubbles,Give it a miss,18,"Toys decorations made from wood, if you're lucky enough maybe you'll get to witness a snowfall in winter's.",Jul 2017 • Solo,,,,2024-03-02T15:53:35Z
Lakkar Bazaar,"Shimla,Himachal Pradesh",g304552,d3705605,4.0,https://www.tripadvisor.com/ShowUserReviews-g304552-d3705605-r493666052-Lakkar_Bazaar-Shimla_Shimla_District_Himachal_Pradesh.html,https://dynamic-media-cdn.tripadvisor.com/media/photo-o/07/51/11/3f/jnvsydney.jpg?w=100&h=-1&s=1,3.0 of 5 bubbles,Fun to be had,65,it is just part of the tour as it is considered as a tourist place. not a super place to visit. the road derives its name from the area nearby as the main business of the local people is of lakkar.,Jun 2017 • Couples,,,,2024-03-02T15:53:35Z
Lakkar Bazaar,"Shimla,Himachal Pradesh",g304552,d3705605,4.0,https://www.tripadvisor.com/ShowUserReviews-g304552-d3705605-r479637016-Lakkar_Bazaar-Shimla_Shimla_District_Himachal_Pradesh.html,https://dynamic-media-cdn.tripadvisor.com/media/photo-o/1a/f6/eb/43/default-avatar-2020-11.jpg?w=100&h=-1&s=1,3.0 of 5 bubbles,Nothing great !!,94,"Walk past the Christ Church on the left side of the ridge you enter the lakkar bazaar. The market selling to number of wooden items. You can get wooden toys, pens, keychains and other souvenirs in the market. Be prepared for negotiations. Also I observed that instead of wooden items the area is occupied more by stores selling other stuffs like clothes and food etc. So I don't think it's a must visit spot. Also, there are number of medical stores on the road as the Indira Gandhi Medical College is situated at the end of this road.",Dec 2016 • Couples,,,,2024-03-02T15:53:35Z
Lakkar Bazaar,"Shimla,Himachal Pradesh",g304552,d3705605,4.0,https://www.tripadvisor.com/ShowUserReviews-g304552-d3705605-r477456310-Lakkar_Bazaar-Shimla_Shimla_District_Himachal_Pradesh.html,https://dynamic-media-cdn.tripadvisor.com/media/photo-o/05/05/4a/27/floydsindia.jpg?w=100&h=-1&s=1,5.0 of 5 bubbles,Looking for some wooden household or decorative items ?,115,"Walk towards the left of the Church and you will find yourself on Lakkar Bazaar. As the name suggests, the street is a buzz with vendors dolling out wooden household and decorative items. There is nothing peculiar though that you cannot find at any other hill station.",Jul 2016 • Couples,,,,2024-03-02T15:53:37Z
Lakkar Bazaar,"Shimla,Himachal Pradesh",g304552,d3705605,4.0,https://www.tripadvisor.com/ShowUserReviews-g304552-d3705605-r477099970-Lakkar_Bazaar-Shimla_Shimla_District_Himachal_Pradesh.html,https://dynamic-media-cdn.tripadvisor.com/media/photo-o/12/47/e1/06/punjabindia.jpg?w=100&h=-1&s=1,2.0 of 5 bubbles,Old Famous Market of Shimla,311,"Our family visit Lakhar Bazar every time we visit Shimla, although I am reviewing for the first time. The market is famous for wooden Artifacts, Key Chains and some specific Himachali woollen items. Small eateries shops are also there. Good market for small gift items.",Apr 2017 • Couples,,,,2024-03-02T15:53:37Z
Lakkar Bazaar,"Shimla,Himachal Pradesh",g304552,d3705605,4.0,https://www.tripadvisor.com/ShowUserReviews-g304552-d3705605-r475285955-Lakkar_Bazaar-Shimla_Shimla_District_Himachal_Pradesh.html,https://dynamic-media-cdn.tripadvisor.com/media/photo-o/1a/f6/e2/81/default-avatar-2020-43.jpg?w=100&h=-1&s=1,3.0 of 5 bubbles,Market,109,It's a road side market place and mainly famous for its wooden artifacts..key chains ..near to mall road ..,Apr 2017 • Solo,,,,2024-03-02T15:53:37Z
Lakkar Bazaar,"Shimla,Himachal Pradesh",g304552,d3705605,4.0,https://www.tripadvisor.com/ShowUserReviews-g304552-d3705605-r470203559-Lakkar_Bazaar-Shimla_Shimla_District_Himachal_Pradesh.html,https://dynamic-media-cdn.tripadvisor.com/media/photo-o/0d/22/6f/b9/jalal-i.jpg?w=100&h=-1&s=1,4.0 of 5 bubbles,nice bazaar,261,"i visited this place in the afternoon and evening. so it was a good time and i loved it. there is less vehicle here, so u can walk freely. lots of food places and shopping places. colourful and nice. while exploring the mall road, easily u can walk along here.",Oct 2016 • Family,,,,2024-03-02T15:53:37Z
Lakkar Bazaar,"Shimla,Himachal Pradesh",g304552,d3705605,4.0,https://www.tripadvisor.com/ShowUserReviews-g304552-d3705605-r467868985-Lakkar_Bazaar-Shimla_Shimla_District_Himachal_Pradesh.html,https://dynamic-media-cdn.tripadvisor.com/media/photo-o/13/de/43/b2/balbirchaudhary.jpg?w=100&h=-1&s=1,3.0 of 5 bubbles,"Nice walking, Shopping and Eating Street",12,Good Area for walk and shopping.Eat Sita Ram Kulche chole.Enjoy other eating joints at lakkar bazaar.,Mar 2017 • Family,,,,2024-03-02T15:53:37Z
Lakkar Bazaar,"Shimla,Himachal Pradesh",g304552,d3705605,4.0,https://www.tripadvisor.com/ShowUserReviews-g304552-d3705605-r458589602-Lakkar_Bazaar-Shimla_Shimla_District_Himachal_Pradesh.html,https://dynamic-media-cdn.tripadvisor.com/media/photo-f/01/2e/70/88/avatar009.jpg?w=100&h=-1&s=1,4.0 of 5 bubbles,Average,441,This market is located just adjacent to mall road so if you are visiting mall road you happen to go through this market which not very big. Just road side shops of things made from wood. From keychains to trays to Chinese toys available here. Nothing special.,Feb 2017 • Couples,,,,2024-03-02T15:53:37Z
Lakkar Bazaar,"Shimla,Himachal Pradesh",g304552,d3705605,4.0,https://www.tripadvisor.com/ShowUserReviews-g304552-d3705605-r456963538-Lakkar_Bazaar-Shimla_Shimla_District_Himachal_Pradesh.html,https://dynamic-media-cdn.tripadvisor.com/media/photo-o/0d/cb/eb/47/vinod-s.jpg?w=100&h=-1&s=1,4.0 of 5 bubbles,Unique,491,You can find any kind of material made of wood and very unique with reasonable price.you can buy things from here to keep as memory from shimla,Jan 2017 • Couples,,,,2024-03-02T15:53:37Z
Lakkar Bazaar,"Shimla,Himachal Pradesh",g304552,d3705605,4.0,https://www.tripadvisor.com/ShowUserReviews-g304552-d3705605-r446405225-Lakkar_Bazaar-Shimla_Shimla_District_Himachal_Pradesh.html,https://dynamic-media-cdn.tripadvisor.com/media/photo-o/11/2d/8e/b2/avatar.jpg?w=100&h=-1&s=1,4.0 of 5 bubbles,Lakkar Bazaar has lost its shine,53,"I have been there 2 times, on my first visit back in 2015 it had it's shine in terms of locally manufactured products made out of wood, but now most of the shop owners have started selling items that don't belong to this place.",Dec 2016 • Friends,,,,2024-03-02T15:53:37Z
Lakkar Bazaar,"Shimla,Himachal Pradesh",g304552,d3705605,4.0,https://www.tripadvisor.com/ShowUserReviews-g304552-d3705605-r441169311-Lakkar_Bazaar-Shimla_Shimla_District_Himachal_Pradesh.html,https://dynamic-media-cdn.tripadvisor.com/media/photo-o/23/4e/6e/21/travelmeg0007.jpg?w=100&h=-1&s=1,4.0 of 5 bubbles,"Local market, touristy ",81,"Local market which is nice to see, however it is very tourist driven. Lots of spices, colours and knick knacks. Veg momos sold throughout - definitely try! 8 momos for 29 RPs... can't complain! A guided tour is not needed here, easy to get to via train or bus. Beware a lot of walking up steep hills and steps.",Jan 2016 • Business,,,,2024-03-02T15:53:37Z
Lakkar Bazaar,"Shimla,Himachal Pradesh",g304552,d3705605,4.0,https://www.tripadvisor.com/ShowUserReviews-g304552-d3705605-r438584527-Lakkar_Bazaar-Shimla_Shimla_District_Himachal_Pradesh.html,https://dynamic-media-cdn.tripadvisor.com/media/photo-o/1a/f6/e3/6a/default-avatar-2020-47.jpg?w=100&h=-1&s=1,5.0 of 5 bubbles,Lakkar Bazaar is local market,1,A local typical type market in Shimla where we bought some local things. Bargening skill is necessary to shop here.,Oct 2016 • Family,,,,2024-03-02T15:53:37Z
Lakkar Bazaar,"Shimla,Himachal Pradesh",g304552,d3705605,4.0,https://www.tripadvisor.com/ShowUserReviews-g304552-d3705605-r534763197-Lakkar_Bazaar-Shimla_Shimla_District_Himachal_Pradesh.html,https://dynamic-media-cdn.tripadvisor.com/media/photo-o/06/d4/4b/7e/nji1000.jpg?w=100&h=-1&s=1,5.0 of 5 bubbles,Lakkar Bazaar has lost its shine,27,It is known as wood market in shimla where you will get everything hand made wood things for the decoration of your house.,Oct 2017 • Couples,,,,2024-03-02T15:53:38Z
Lakkar Bazaar,"Shimla,Himachal Pradesh",g304552,d3705605,4.0,https://www.tripadvisor.com/ShowUserReviews-g304552-d3705605-r527408115-Lakkar_Bazaar-Shimla_Shimla_District_Himachal_Pradesh.html,https://dynamic-media-cdn.tripadvisor.com/media/photo-o/1a/f6/ec/a2/default-avatar-2020-3.jpg?w=100&h=-1&s=1,4.0 of 5 bubbles,"Local market, touristy ",1,"Lakkar Bazaar is easily accessible from The Ridge. You can buy a lot of wooden stuff here. Beside the market, there are many cheap hotels in lakkar bazaar.",Aug 2017 • Friends,,,,2024-03-02T15:53:38Z
Lakkar Bazaar,"Shimla,Himachal Pradesh",g304552,d3705605,4.0,https://www.tripadvisor.com/ShowUserReviews-g304552-d3705605-r522475875-Lakkar_Bazaar-Shimla_Shimla_District_Himachal_Pradesh.html,https://dynamic-media-cdn.tripadvisor.com/media/photo-o/09/64/d6/98/keentraveller27.jpg?w=100&h=-1&s=1,5.0 of 5 bubbles,Lakkar Bazaar is local market,215,Let it be small souvenir or big wooden material you can get i from this market. Many handmade artifacts are also available. A great place for shopping,Sep 2017 • Family,,,,2024-03-02T15:53:38Z
Lakkar Bazaar,"Shimla,Himachal Pradesh",g304552,d3705605,4.0,https://www.tripadvisor.com/ShowUserReviews-g304552-d3705605-r503566354-Lakkar_Bazaar-Shimla_Shimla_District_Himachal_Pradesh.html,https://dynamic-media-cdn.tripadvisor.com/media/photo-o/1a/f6/77/ae/default-avatar-2020-2.jpg?w=100&h=-1&s=1,4.0 of 5 bubbles,An overwhelming treat for the senses. ,2,"A trip to Shimla would not be complete without some shopping. Lakkar Bazaar is a good place to shop. Located next to the ridge, it is well known for wooden items. You can also find woolen clothing too.",Jul 2017 • Solo,,,,2024-03-02T15:53:38Z
Lakkar Bazaar,"Shimla,Himachal Pradesh",g304552,d3705605,4.0,https://www.tripadvisor.com/ShowUserReviews-g304552-d3705605-r493666052-Lakkar_Bazaar-Shimla_Shimla_District_Himachal_Pradesh.html,https://dynamic-media-cdn.tripadvisor.com/media/photo-o/1a/f6/e7/99/default-avatar-2020-57.jpg?w=100&h=-1&s=1,4.0 of 5 bubbles,Wood Market,1,This is the place where you can shop local stuff. You will find many Foods stalls and crafts stores.,Jun 2017 • Couples,,,,2024-03-02T15:53:38Z
Lakkar Bazaar,"Shimla,Himachal Pradesh",g304552,d3705605,4.0,https://www.tripadvisor.com/ShowUserReviews-g304552-d3705605-r479637016-Lakkar_Bazaar-Shimla_Shimla_District_Himachal_Pradesh.html,https://dynamic-media-cdn.tripadvisor.com/media/photo-o/1b/66/d1/da/himanshuk2014.jpg?w=100&h=-1&s=1,4.0 of 5 bubbles,Wooden Treasures,105,"It's an market near ridge, visitors there to buy some wooden material to remember there visit to shimla.",Dec 2016 • Couples,,,,2024-03-02T15:53:38Z
Lakkar Bazaar,"Shimla,Himachal Pradesh",g304552,d3705605,4.0,https://www.tripadvisor.com/ShowUserReviews-g304552-d3705605-r477456310-Lakkar_Bazaar-Shimla_Shimla_District_Himachal_Pradesh.html,https://dynamic-media-cdn.tripadvisor.com/media/photo-o/1a/f6/f3/23/default-avatar-2020-28.jpg?w=100&h=-1&s=1,5.0 of 5 bubbles,A good place to see old traditions still kept alive,17,"we visited dec 2015 Shimla and believe me you will never get board of this market ,  no matter how many times you shopping. Best time near Christmas and new year",Jul 2016 • Couples,,,,2024-03-02T15:53:38Z
Lakkar Bazaar,"Shimla,Himachal Pradesh",g304552,d3705605,4.0,https://www.tripadvisor.com/ShowUserReviews-g304552-d3705605-r477099970-Lakkar_Bazaar-Shimla_Shimla_District_Himachal_Pradesh.html,https://dynamic-media-cdn.tripadvisor.com/media/photo-o/1a/f6/e8/91/default-avatar-2020-62.jpg?w=100&h=-1&s=1,5.0 of 5 bubbles,Average Local market,113,Lakkar bazaar is a marketplace next to the Ridge towards IGMC hospital in Shimla. This market is famous for wooden articals.,Apr 2017 • Couples,,,,2024-03-02T15:53:38Z
Lakkar Bazaar,"Shimla,Himachal Pradesh",g304552,d3705605,4.0,https://www.tripadvisor.com/ShowUserReviews-g304552-d3705605-r470203559-Lakkar_Bazaar-Shimla_Shimla_District_Himachal_Pradesh.html,https://dynamic-media-cdn.tripadvisor.com/media/photo-o/1a/f6/e4/2d/default-avatar-2020-48.jpg?w=100&h=-1&s=1,4.0 of 5 bubbles,Go for Souvenirs,282,nice traditional market near ridge. locally made items from wood are sold. very popular with tourists.,Oct 2016 • Family,,,,2024-03-02T15:53:38Z
Lakkar Bazaar,"Shimla,Himachal Pradesh",g304552,d3705605,4.0,https://www.tripadvisor.com/ShowUserReviews-g304552-d3705605-r467868985-Lakkar_Bazaar-Shimla_Shimla_District_Himachal_Pradesh.html,https://dynamic-media-cdn.tripadvisor.com/media/photo-o/1a/f6/f3/e4/default-avatar-2020-30.jpg?w=100&h=-1&s=1,3.0 of 5 bubbles,Lakkar Bazaar,1,"Lakkar bazaar is an extension of the Ridge. A narrow road that houses numerous number of shops at both sides of the street. The bazaar supposedly famous for wood related articles, but spotted number of junk food joints, wooolen clothing, gift items, skating ring etc. To me it is another market and had it not been listed in TA, may be many tourists would have skipped this place.",Mar 2017 • Family,,,,2024-03-02T15:53:38Z
Lakkar Bazaar,"Shimla,Himachal Pradesh",g304552,d3705605,4.0,https://www.tripadvisor.com/ShowUserReviews-g304552-d3705605-r379236692-Lakkar_Bazaar-Shimla_Shimla_District_Himachal_Pradesh.html,https://dynamic-media-cdn.tripadvisor.com/media/photo-o/1a/f6/f1/42/default-avatar-2020-20.jpg?w=100&h=-1&s=1,3.0 of 5 bubbles,walk walk and more walks,72,The walks never seem to end in Shimla. This bazaar is an extension of the Ridge. nothing unusual about this place but lots of shop selling wooden items. good if you want to carry few souvenirs back.,Feb 2017 • Couples,,,,2024-03-02T15:53:40Z
Lakkar Bazaar,"Shimla,Himachal Pradesh",g304552,d3705605,4.0,https://www.tripadvisor.com/ShowUserReviews-g304552-d3705605-r377063953-Lakkar_Bazaar-Shimla_Shimla_District_Himachal_Pradesh.html,https://dynamic-media-cdn.tripadvisor.com/media/photo-f/01/2e/70/7a/avatar061.jpg?w=100&h=-1&s=1,3.0 of 5 bubbles,Good variety of wooden articles but boring!,365,The Lakkar bazaar is an extension of the upper Mall Road itself. The market has a wide variety of wooden articles and decorative items. But after sometime the market becomes monotonous. Good place for people who like old items specially made of wood..,Jan 2017 • Couples,,,,2024-03-02T15:53:40Z
Lakkar Bazaar,"Shimla,Himachal Pradesh",g304552,d3705605,4.0,https://www.tripadvisor.com/ShowUserReviews-g304552-d3705605-r371706933-Lakkar_Bazaar-Shimla_Shimla_District_Himachal_Pradesh.html,https://dynamic-media-cdn.tripadvisor.com/media/photo-o/21/7b/83/36/alkas268.jpg?w=100&h=-1&s=1,4.0 of 5 bubbles,Wooden items Bazar,1,Variety of wooden items are available and sold at this Bazar. Beautiful handicrafts items are also available but you need to bargain a lot. You must visit this place to have a feel of atmosphere.,Jan 2016 • Business,,,,2024-03-02T15:53:40Z
Lakkar Bazaar,"Shimla,Himachal Pradesh",g304552,d3705605,4.0,https://www.tripadvisor.com/ShowUserReviews-g304552-d3705605-r368942836-Lakkar_Bazaar-Shimla_Shimla_District_Himachal_Pradesh.html,https://dynamic-media-cdn.tripadvisor.com/media/photo-o/0a/57/46/a4/drnaveenraju.jpg?w=100&h=-1&s=1,3.0 of 5 bubbles,Place to buy wooden items,192,"There are numerous shops of handmade wooden items - cars, kitchen utensils, showpieces etc. We were just passing though the bazaar to reach the ridge so didnt really check the quality.",Oct 2016 • Family,,,,2024-03-02T15:53:40Z
Lakkar Bazaar,"Shimla,Himachal Pradesh",g304552,d3705605,4.0,https://www.tripadvisor.com/ShowUserReviews-g304552-d3705605-r368869841-Lakkar_Bazaar-Shimla_Shimla_District_Himachal_Pradesh.html,https://dynamic-media-cdn.tripadvisor.com/media/photo-o/1a/f6/ea/b2/default-avatar-2020-69.jpg?w=100&h=-1&s=1,3.0 of 5 bubbles,Wooden products,15,"Lakkar bazaar is a market where wooden products are sold. All type of wooden products can be seen and purchased at a good rate. If you on trip in shimla, then you should go and watch this place.",Sep 2016 • Friends,,,,2024-03-02T15:53:40Z
Lakkar Bazaar,"Shimla,Himachal Pradesh",g304552,d3705605,4.0,https://www.tripadvisor.com/ShowUserReviews-g304552-d3705605-r366476672-Lakkar_Bazaar-Shimla_Shimla_District_Himachal_Pradesh.html,https://dynamic-media-cdn.tripadvisor.com/media/photo-o/1a/f6/e3/1f/default-avatar-2020-46.jpg?w=100&h=-1&s=1,4.0 of 5 bubbles,A good bargain,123,This bazaar is known for its handicrafts that you can buy at reasonalbe prices given that you're good at haggling.,Jul 2016 • Solo,,,,2024-03-02T15:53:40Z
Lakkar Bazaar,"Shimla,Himachal Pradesh",g304552,d3705605,4.0,https://www.tripadvisor.com/ShowUserReviews-g304552-d3705605-r359901077-Lakkar_Bazaar-Shimla_Shimla_District_Himachal_Pradesh.html,https://dynamic-media-cdn.tripadvisor.com/media/photo-o/05/b2/5e/ab/mgprabhu.jpg?w=100&h=-1&s=1,4.0 of 5 bubbles,Nice place to buy wooden articles,38,Lakkar bazaar is a place to buy some nice wooden items . Many shops selling varieties of wooden articles . They all are reasonably priced . Do not forget to bargain . Regards,Oct 2015 • Friends,,,,2024-03-02T15:53:40Z
Lakkar Bazaar,"Shimla,Himachal Pradesh",g304552,d3705605,4.0,https://www.tripadvisor.com/ShowUserReviews-g304552-d3705605-r351489315-Lakkar_Bazaar-Shimla_Shimla_District_Himachal_Pradesh.html,https://dynamic-media-cdn.tripadvisor.com/media/photo-o/04/24/7b/98/trippersam.jpg?w=100&h=-1&s=1,4.0 of 5 bubbles,Market - famous for Wooden Items,116,"Shimla’s Lakkar Bazaar is known for its shopping especially woollen apparels. It has a wide range of artefacts, pashmina shawls, woollens and handicrafts to offer to its visitors. The bazaar is also popular for its ""Kullu Shawls"" and dry fruits. Lakkar Bazaar has all the great buys that a tourist is looking for. Sita Ram, a famous eatery in Lakkar Bazaar has the best sumptuous ‘chole bhature’ to satisfy your hunger while you take a break from shopping. From wooden handicrafts to Chinese shoes, Tibetan mats and carpets, one can find lots of distinctive items to shop for in the bazaar. The shops in Lakkar Bazaar also sell handmade shoes, woollen caps and dolls which are unique in its kind. The bazaar houses some of the best hotels of Shimla along with a skating rink and Meena Bazaar. Shopping in Lakkar Bazaar would be enjoyable and pocket friendly as well. So grab your bags, fill in the energy and set out to shop, dine and enjoy at Lakkar Bazaar and take home the little souvenirs of memories of your trip to exotic Shimla.",Mar 2016 • Friends,,,,2024-03-02T15:53:40Z
Lakkar Bazaar,"Shimla,Himachal Pradesh",g304552,d3705605,4.0,https://www.tripadvisor.com/ShowUserReviews-g304552-d3705605-r340700615-Lakkar_Bazaar-Shimla_Shimla_District_Himachal_Pradesh.html,https://dynamic-media-cdn.tripadvisor.com/media/photo-o/1a/f6/de/5a/default-avatar-2020-36.jpg?w=100&h=-1&s=1,4.0 of 5 bubbles,No more a Lakkar Bazzar Only..,535,"The bazaar mainly have shops with wood carving and wood related articles on both side of the streets. But now its no more a lakkar bazaar only. It has hell lot of food joints, wooolen clothings and all are scattered around.. Cost of the wooden items are too pricey.Please do bit of a bargaining before you buy..",Dec 2015 • Couples,,,,2024-03-02T15:53:40Z
Lakkar Bazaar,"Shimla,Himachal Pradesh",g304552,d3705605,4.0,https://www.tripadvisor.com/ShowUserReviews-g304552-d3705605-r337125088-Lakkar_Bazaar-Shimla_Shimla_District_Himachal_Pradesh.html,https://dynamic-media-cdn.tripadvisor.com/media/photo-o/1a/f6/e2/11/default-avatar-2020-41.jpg?w=100&h=-1&s=1,4.0 of 5 bubbles,Best Place to buy wood items,1,"The bazaar is at the end of ridge. Excellent place to buy items like wood,woolen and dry fruits. Busy street with many shops and street food to eat. Excellent place to visit and shop.",Apr 2016 • Family,,,,2024-03-02T15:53:40Z
Lakkar Bazaar,"Shimla,Himachal Pradesh",g304552,d3705605,4.0,https://www.tripadvisor.com/ShowUserReviews-g304552-d3705605-r335388671-Lakkar_Bazaar-Shimla_Shimla_District_Himachal_Pradesh.html,https://dynamic-media-cdn.tripadvisor.com/media/photo-o/1a/f6/f1/42/default-avatar-2020-20.jpg?w=100&h=-1&s=1,4.0 of 5 bubbles,Old Busy Market,1,nice traditional market near ridge. locally made items from wood are sold. very popular with tourists.,May 2016 • Couples,,,,2024-03-02T15:53:41Z
Lakkar Bazaar,"Shimla,Himachal Pradesh",g304552,d3705605,4.0,https://www.tripadvisor.com/ShowUserReviews-g304552-d3705605-r334760599-Lakkar_Bazaar-Shimla_Shimla_District_Himachal_Pradesh.html,https://dynamic-media-cdn.tripadvisor.com/media/photo-o/06/df/46/77/vivektapadia.jpg?w=100&h=-1&s=1,2.0 of 5 bubbles,Not worth to visit ,115,"Lakkar bazaar is an extension of the Ridge. A narrow road that houses numerous number of shops at both sides of the street. The bazaar supposedly famous for wood related articles, but spotted number of junk food joints, wooolen clothing, gift items, skating ring etc. To me it is another market and had it not been listed in TA, may be many tourists would have skipped this place.",May 2016 • Family,,,,2024-03-02T15:53:41Z
Lakkar Bazaar,"Shimla,Himachal Pradesh",g304552,d3705605,4.0,https://www.tripadvisor.com/ShowUserReviews-g304552-d3705605-r332552450-Lakkar_Bazaar-Shimla_Shimla_District_Himachal_Pradesh.html,https://dynamic-media-cdn.tripadvisor.com/media/photo-o/07/6c/b9/5d/ravigupta08.jpg?w=100&h=-1&s=1,4.0 of 5 bubbles,"Long stroll , busy market place.!!",175,The Lakkar bazaar is an extension of the upper Mall Road itself. The market has a wide variety of wooden articles and decorative items. But after sometime the market becomes monotonous. Good place for people who like old items specially made of wood..,May 2016 • Family,,,,2024-03-02T15:53:41Z
Lakkar Bazaar,"Shimla,Himachal Pradesh",g304552,d3705605,4.0,https://www.tripadvisor.com/ShowUserReviews-g304552-d3705605-r330798539-Lakkar_Bazaar-Shimla_Shimla_District_Himachal_Pradesh.html,https://dynamic-media-cdn.tripadvisor.com/media/photo-o/1a/f6/e7/3d/default-avatar-2020-55.jpg?w=100&h=-1&s=1,3.0 of 5 bubbles,''Old market for wooden articles'',423,"There are numerous shops of handmade wooden items - cars, kitchen utensils, showpieces etc. We were just passing though the bazaar to reach the ridge so didnt really check the quality.",Dec 2015 • Couples,,,,2024-03-02T15:53:41Z
Lakkar Bazaar,"Shimla,Himachal Pradesh",g304552,d3705605,4.0,https://www.tripadvisor.com/ShowUserReviews-g304552-d3705605-r329924305-Lakkar_Bazaar-Shimla_Shimla_District_Himachal_Pradesh.html,https://dynamic-media-cdn.tripadvisor.com/media/photo-o/29/75/21/67/gurughummakad.jpg?w=100&h=-1&s=1,4.0 of 5 bubbles,Great place for wooden souvenirs for family,3,"Lakkar bazaar is a market where wooden products are sold. All type of wooden products can be seen and purchased at a good rate. If you on trip in shimla, then you should go and watch this place.",May 2015 • Family,,,,2024-03-02T15:53:41Z
Lakkar Bazaar,"Shimla,Himachal Pradesh",g304552,d3705605,4.0,https://www.tripadvisor.com/ShowUserReviews-g304552-d3705605-r329114974-Lakkar_Bazaar-Shimla_Shimla_District_Himachal_Pradesh.html,https://dynamic-media-cdn.tripadvisor.com/media/photo-o/08/fe/c8/0a/lakkums.jpg?w=100&h=-1&s=1,3.0 of 5 bubbles,A place where you can get a lot of wooden articles,76,This bazaar is known for its handicrafts that you can buy at reasonalbe prices given that you're good at haggling.,Oct 2015 • Solo,,,,2024-03-02T15:53:41Z
Lakkar Bazaar,"Shimla,Himachal Pradesh",g304552,d3705605,4.0,https://www.tripadvisor.com/ShowUserReviews-g304552-d3705605-r295711988-Lakkar_Bazaar-Shimla_Shimla_District_Himachal_Pradesh.html,https://dynamic-media-cdn.tripadvisor.com/media/photo-o/1c/ba/e8/51/dheemantshetty.jpg?w=100&h=-1&s=1,5.0 of 5 bubbles,Must Visit,287,Lakkar bazaar is a place to buy some nice wooden items . Many shops selling varieties of wooden articles . They all are reasonably priced . Do not forget to bargain . Regards,Mar 2016 • Family,,,,2024-03-02T15:53:41Z
Lakkar Bazaar,"Shimla,Himachal Pradesh",g304552,d3705605,4.0,https://www.tripadvisor.com/ShowUserReviews-g304552-d3705605-r280398806-Lakkar_Bazaar-Shimla_Shimla_District_Himachal_Pradesh.html,https://dynamic-media-cdn.tripadvisor.com/media/photo-o/1a/f6/f1/b8/default-avatar-2020-22.jpg?w=100&h=-1&s=1,2.0 of 5 bubbles,Overhyped,64,"Shimla’s Lakkar Bazaar is known for its shopping especially woollen apparels. It has a wide range of artefacts, pashmina shawls, woollens and handicrafts to offer to its visitors. The bazaar is also popular for its ""Kullu Shawls"" and dry fruits. Lakkar Bazaar has all the great buys that a tourist is looking for. Sita Ram, a famous eatery in Lakkar Bazaar has the best sumptuous ‘chole bhature’ to satisfy your hunger while you take a break from shopping. From wooden handicrafts to Chinese shoes, Tibetan mats and carpets, one can find lots of distinctive items to shop for in the bazaar. The shops in Lakkar Bazaar also sell handmade shoes, woollen caps and dolls which are unique in its kind. The bazaar houses some of the best hotels of Shimla along with a skating rink and Meena Bazaar. Shopping in Lakkar Bazaar would be enjoyable and pocket friendly as well. So grab your bags, fill in the energy and set out to shop, dine and enjoy at Lakkar Bazaar and take home the little souvenirs of memories of your trip to exotic Shimla.",Jun 2015 • Family,,,,2024-03-02T15:53:41Z
Lakkar Bazaar,"Shimla,Himachal Pradesh",g304552,d3705605,4.0,https://www.tripadvisor.com/ShowUserReviews-g304552-d3705605-r271237711-Lakkar_Bazaar-Shimla_Shimla_District_Himachal_Pradesh.html,https://dynamic-media-cdn.tripadvisor.com/media/photo-o/0c/c9/cc/82/ybpandey.jpg?w=100&h=-1&s=1,3.0 of 5 bubbles,Nothing much here,41,''Lakkar'' means  wood. This place is famous for  walking  sticks and book rest all small things made  by the carpenter all over the place. the  place exist since  ages. in  olden days any  one  who  went to shimla has  to get  something for the house  form Lakkar  Bazar. May  not  be  so  now. Place now  apears small but interesting.,Nov 2015 • Family,,,,2024-03-02T15:53:41Z
Lakkar Bazaar,"Shimla,Himachal Pradesh",g304552,d3705605,4.0,https://www.tripadvisor.com/ShowUserReviews-g304552-d3705605-r270715060-Lakkar_Bazaar-Shimla_Shimla_District_Himachal_Pradesh.html,https://dynamic-media-cdn.tripadvisor.com/media/photo-o/06/7e/20/f4/piyush-moona.jpg?w=100&h=-1&s=1,4.0 of 5 bubbles,Nice place to shop,75,"Lakkar Bazaar derives the name from lakadi , You will find a lot of things made of wood like name plates, key chain and many other beautiful articles made of wood",Oct 2015 • Family,,,,2024-03-02T15:53:41Z
