names,address,geo_id,hotel_id,rating,url,profile_image,review_score,review_heading,profile_contr,review_body,date_of_stay,company_responder,company_response,company_response_date,timestamp
The Glen,"Shimla,Himachal Pradesh",g304552,d2649575,4.0,https://www.tripadvisor.com/ShowUserReviews-g304552-d2649575-r847905752-The_Glen-Shimla_Shimla_District_Himachal_Pradesh.html,https://dynamic-media-cdn.tripadvisor.com/media/photo-o/1a/f6/ea/2e/default-avatar-2020-67.jpg?w=100&h=-1&s=1,5.0 of 5 bubbles,A trip to most beautiful hill station SHIMLA,67,"Wow.... What a hill station is Shimla..... The place is filled with natural beauty all over the place,  there are plenty of places to visit there.",Jul 2022 • Family,,,,2024-03-02T16:13:44Z
The Glen,"Shimla,Himachal Pradesh",g304552,d2649575,4.0,https://www.tripadvisor.com/ShowUserReviews-g304552-d2649575-r744488742-The_Glen-Shimla_Shimla_District_Himachal_Pradesh.html,https://dynamic-media-cdn.tripadvisor.com/media/photo-o/11/97/a1/33/meenu-k.jpg?w=100&h=-1&s=1,3.0 of 5 bubbles,nice place,6,"beautiful place to visit, the river covered with mountains you can see how clear water is treat to eyes",Sept 2019,,,,2024-03-02T16:13:44Z
The Glen,"Shimla,Himachal Pradesh",g304552,d2649575,4.0,https://www.tripadvisor.com/ShowUserReviews-g304552-d2649575-r700155090-The_Glen-Shimla_Shimla_District_Himachal_Pradesh.html,https://dynamic-media-cdn.tripadvisor.com/media/photo-o/1a/f6/de/0a/default-avatar-2020-35.jpg?w=100&h=-1&s=1,4.0 of 5 bubbles,Good,281,Love place. The arial very is excellent. The climet is awesome. Photography of the nature is amazing.,Aug 2019 • Family,,,,2024-03-02T16:13:44Z
The Glen,"Shimla,Himachal Pradesh",g304552,d2649575,4.0,https://www.tripadvisor.com/ShowUserReviews-g304552-d2649575-r693616502-The_Glen-Shimla_Shimla_District_Himachal_Pradesh.html,https://dynamic-media-cdn.tripadvisor.com/media/photo-o/14/e9/2a/74/akhtarali-s.jpg?w=100&h=-1&s=1,4.0 of 5 bubbles,awesome,173,that is the actual  beauty of shimla i was happy to went there is was like dream comes ture.everone need to go there,Jun 2019 • Friends,,,,2024-03-02T16:13:44Z
The Glen,"Shimla,Himachal Pradesh",g304552,d2649575,4.0,https://www.tripadvisor.com/ShowUserReviews-g304552-d2649575-r685176917-The_Glen-Shimla_Shimla_District_Himachal_Pradesh.html,https://dynamic-media-cdn.tripadvisor.com/media/photo-o/1a/f6/f1/06/default-avatar-2020-18.jpg?w=100&h=-1&s=1,5.0 of 5 bubbles,Great sight for tourists,286,The Glen provides great sightseeing options in Shimla with clear waters and great photography options.,May 2019 • Family,,,,2024-03-02T16:13:44Z
The Glen,"Shimla,Himachal Pradesh",g304552,d2649575,4.0,https://www.tripadvisor.com/ShowUserReviews-g304552-d2649575-r670069168-The_Glen-Shimla_Shimla_District_Himachal_Pradesh.html,https://dynamic-media-cdn.tripadvisor.com/media/photo-o/1a/f6/f4/5d/default-avatar-2020-32.jpg?w=100&h=-1&s=1,5.0 of 5 bubbles,Areal view  is good,376,This place has a good areal view.It is most beautiful in the place.A photograph of it is a beauty to the collections.,Feb 2019 • Family,,,,2024-03-02T16:13:44Z
The Glen,"Shimla,Himachal Pradesh",g304552,d2649575,4.0,https://www.tripadvisor.com/ShowUserReviews-g304552-d2649575-r586817540-The_Glen-Shimla_Shimla_District_Himachal_Pradesh.html,https://dynamic-media-cdn.tripadvisor.com/media/photo-o/1a/f6/e4/ca/default-avatar-2020-51.jpg?w=100&h=-1&s=1,1.0 of 5 bubbles,Disappointing,214,We wanted to do path one to IISL but immediately set off on the path above the gazebo near the sign.  It had to have been the wrong path because after 400 meters we were walking through a place where people threw their trash and out a gate to a road.  The poor signage was extremely disappointing as we were looking forward to a walk in the woods.,Jun 2018 • Couples,,,,2024-03-02T16:13:44Z
The Glen,"Shimla,Himachal Pradesh",g304552,d2649575,4.0,https://www.tripadvisor.com/ShowUserReviews-g304552-d2649575-r559132828-The_Glen-Shimla_Shimla_District_Himachal_Pradesh.html,https://dynamic-media-cdn.tripadvisor.com/media/photo-o/1a/f6/f3/7c/default-avatar-2020-29.jpg?w=100&h=-1&s=1,5.0 of 5 bubbles,Superb Place for Weekend,490,"Glen is a famous U shaped valley located in Shimla, Himachal. It is superb place for weekend. Must visit here!",Dec 2017,,,,2024-03-02T16:13:44Z
The Glen,"Shimla,Himachal Pradesh",g304552,d2649575,4.0,https://www.tripadvisor.com/ShowUserReviews-g304552-d2649575-r558057113-The_Glen-Shimla_Shimla_District_Himachal_Pradesh.html,https://dynamic-media-cdn.tripadvisor.com/media/photo-o/1a/f6/f4/20/default-avatar-2020-31.jpg?w=100&h=-1&s=1,5.0 of 5 bubbles,Great experience,0,Awesome Food...Well trained staff and friendly too it as great experience to be here ... And made some awesome memories with my buddies :),Feb 2018 • Friends,,,,2024-03-02T16:13:44Z
The Glen,"Shimla,Himachal Pradesh",g304552,d2649575,4.0,https://www.tripadvisor.com/ShowUserReviews-g304552-d2649575-r556686796-The_Glen-Shimla_Shimla_District_Himachal_Pradesh.html,https://dynamic-media-cdn.tripadvisor.com/media/photo-o/1a/f6/7c/01/default-avatar-2020-5.jpg?w=100&h=-1&s=1,4.0 of 5 bubbles,Nice place!!!,609,We went to this place last month. The climate was good. There is too much to walk in this place. The small stream of water looks superb.,Dec 2017 • Family,,,,2024-03-02T16:13:44Z
The Glen,"Shimla,Himachal Pradesh",g304552,d2649575,4.0,https://www.tripadvisor.com/ShowUserReviews-g304552-d2649575-r549222575-The_Glen-Shimla_Shimla_District_Himachal_Pradesh.html,https://dynamic-media-cdn.tripadvisor.com/media/photo-o/1a/f6/e7/3d/default-avatar-2020-55.jpg?w=100&h=-1&s=1,4.0 of 5 bubbles,Nice pace,141,It is a water reservoir but a tourist place attraction too waliking through hill road to reach in the top but view from here is awesome.,Mar 2017 • Family,,,,2024-03-02T16:13:46Z
The Glen,"Shimla,Himachal Pradesh",g304552,d2649575,4.0,https://www.tripadvisor.com/ShowUserReviews-g304552-d2649575-r547819146-The_Glen-Shimla_Shimla_District_Himachal_Pradesh.html,https://dynamic-media-cdn.tripadvisor.com/media/photo-o/1a/f6/e7/fe/default-avatar-2020-58.jpg?w=100&h=-1&s=1,4.0 of 5 bubbles,Memories,27,"Loved this place and want to visit again.There is a small stream of water at the Glen, which turns wide at some place and narrow at some. The stream looks very beautiful when it falls from a height and this is the reason why many tourists visit this place as a weekend gateway to enjoy picnics among the woods.",Oct 2017 • Friends,,,,2024-03-02T16:13:46Z
The Glen,"Shimla,Himachal Pradesh",g304552,d2649575,4.0,https://www.tripadvisor.com/ShowUserReviews-g304552-d2649575-r526435391-The_Glen-Shimla_Shimla_District_Himachal_Pradesh.html,https://dynamic-media-cdn.tripadvisor.com/media/photo-o/1a/f6/ea/b2/default-avatar-2020-69.jpg?w=100&h=-1&s=1,5.0 of 5 bubbles,Beautiful Place,174,"Visited Shimla Gken while we were in Shimla there were fall is quite good, Enjoyed bathing and joy over the place Ithe road and path are good.. Natural place worth visiting enjoyed as much as we could at this place.",Aug 2017 • Couples,,,,2024-03-02T16:13:46Z
The Glen,"Shimla,Himachal Pradesh",g304552,d2649575,4.0,https://www.tripadvisor.com/ShowUserReviews-g304552-d2649575-r522559328-The_Glen-Shimla_Shimla_District_Himachal_Pradesh.html,https://dynamic-media-cdn.tripadvisor.com/media/photo-o/09/64/d6/98/keentraveller27.jpg?w=100&h=-1&s=1,5.0 of 5 bubbles,Super View along the trekking trail,403,"Glen derives its name from dense forests and this place is one such beautiful place with thick Cedar Tree Forests. Best way to travel is by car and the car can take you to the highest point in the mountain and then one can start their trekking right from the top to the bottom of the trail. The trek is beautiful with tall trees and high mountains. It is peaceful and one can choose to also have a picnic in an open space along with trail. One can see pine cones, gum trees, cedar trees all along the way. Wearing comfortable shoes is a must as the trail leads to the bottom where a river stream can be seen-It is almost a 3 kms trek to the bottom. A must do activity as it brings you closer to nature.",Sept 2017 • Family,,,,2024-03-02T16:13:46Z
The Glen,"Shimla,Himachal Pradesh",g304552,d2649575,4.0,https://www.tripadvisor.com/ShowUserReviews-g304552-d2649575-r515234402-The_Glen-Shimla_Shimla_District_Himachal_Pradesh.html,https://dynamic-media-cdn.tripadvisor.com/media/photo-o/1a/f6/f1/06/default-avatar-2020-18.jpg?w=100&h=-1&s=1,5.0 of 5 bubbles,Trip to Shimla,10,Shimla is nice and beautiful.. Hotels are over the place.. Mall road is the most attractive tourist point. You can shop across the Lakkar Bazaar. Hanuman temple is a place to visit with lot of monkeys. Shimla also has a mini zoo and exhibition. The ambience is very fresh.. Will definitely a good time out of the busy city life. Relax and enjoy the weekend getaways..,Sept 2016 • Friends,,,,2024-03-02T16:13:46Z
The Glen,"Shimla,Himachal Pradesh",g304552,d2649575,4.0,https://www.tripadvisor.com/ShowUserReviews-g304552-d2649575-r505667232-The_Glen-Shimla_Shimla_District_Himachal_Pradesh.html,https://dynamic-media-cdn.tripadvisor.com/media/photo-o/1a/f6/ea/b2/default-avatar-2020-69.jpg?w=100&h=-1&s=1,4.0 of 5 bubbles,Beautiful picnic spot,1,"This place is a beautiful picnic spot away from city with lots of greenery and we really experienced peace and serenity,",Jul 2017 • Family,,,,2024-03-02T16:13:46Z
The Glen,"Shimla,Himachal Pradesh",g304552,d2649575,4.0,https://www.tripadvisor.com/ShowUserReviews-g304552-d2649575-r481616169-The_Glen-Shimla_Shimla_District_Himachal_Pradesh.html,https://dynamic-media-cdn.tripadvisor.com/media/photo-o/0f/2d/80/2a/tayyab-h.jpg?w=100&h=-1&s=1,3.0 of 5 bubbles,Nice but some errors there,0,It was very helpful but need to repair grammatical mistakes. We I got all the things which described in it.,Jun 2016 • Friends,,,,2024-03-02T16:13:46Z
The Glen,"Shimla,Himachal Pradesh",g304552,d2649575,4.0,https://www.tripadvisor.com/ShowUserReviews-g304552-d2649575-r480775096-The_Glen-Shimla_Shimla_District_Himachal_Pradesh.html,https://dynamic-media-cdn.tripadvisor.com/media/photo-o/1a/f6/f4/20/default-avatar-2020-31.jpg?w=100&h=-1&s=1,4.0 of 5 bubbles,Enjoyed the walk,54,"We don't really know what's there to see here. Didn't spot the stream or the waterfall. As someone has mentioned in another review, no one really knows about this place. But what we did enjoy was the fantastic walk on the path shaded by tall deodars, picking up pine cones, blowing dandelions and collecting odd-shaped leaves. It was a fantastic walk down and we hitched a ride with the Himachal State Transport bus on the way up. Rs 16 for 3 people. Now that's what I call a fantastic hike :-)",Apr 2017,,,,2024-03-02T16:13:46Z
The Glen,"Shimla,Himachal Pradesh",g304552,d2649575,4.0,https://www.tripadvisor.com/ShowUserReviews-g304552-d2649575-r477914757-The_Glen-Shimla_Shimla_District_Himachal_Pradesh.html,https://dynamic-media-cdn.tripadvisor.com/media/photo-o/1a/f6/f3/23/default-avatar-2020-28.jpg?w=100&h=-1&s=1,5.0 of 5 bubbles,Picnic spot,115,Shimla glen is wonderful picnic spot. beautiful place for family . we enjoy quality time with family here.,Jul 2016 • Couples,,,,2024-03-02T16:13:46Z
The Glen,"Shimla,Himachal Pradesh",g304552,d2649575,4.0,https://www.tripadvisor.com/ShowUserReviews-g304552-d2649575-r471659471-The_Glen-Shimla_Shimla_District_Himachal_Pradesh.html,https://dynamic-media-cdn.tripadvisor.com/media/photo-o/1a/f6/e4/2d/default-avatar-2020-48.jpg?w=100&h=-1&s=1,4.0 of 5 bubbles,Shimla glen,261,shimla glen is nice place to see beauty of queen of hill.here paradise  like view of hill and nature feel like awesomes of nature,Oct 2016 • Family,,,,2024-03-02T16:13:46Z
The Glen,"Shimla,Himachal Pradesh",g304552,d2649575,4.0,https://www.tripadvisor.com/ShowUserReviews-g304552-d2649575-r438585670-The_Glen-Shimla_Shimla_District_Himachal_Pradesh.html,https://dynamic-media-cdn.tripadvisor.com/media/photo-o/0a/57/46/a4/drnaveenraju.jpg?w=100&h=-1&s=1,5.0 of 5 bubbles,Glen.. it's amazing..,1,Glen located around 4-5 km from shimla town is very nice and it's full of greenery all around. It's the valley and we have a nice view from the top with the houses arranged like one above the other. Early mornings there will be full of fog and snow which give a great experience for all the travellers coming from far of places. Altogether it's a worth visiting place in Shimla.,Oct 2016 • Family,,,,2024-03-02T16:13:47Z
The Glen,"Shimla,Himachal Pradesh",g304552,d2649575,4.0,https://www.tripadvisor.com/ShowUserReviews-g304552-d2649575-r430276345-The_Glen-Shimla_Shimla_District_Himachal_Pradesh.html,https://dynamic-media-cdn.tripadvisor.com/media/photo-o/1a/f6/f3/e4/default-avatar-2020-30.jpg?w=100&h=-1&s=1,4.0 of 5 bubbles,picnic spot and a good walk,303,"The glen is a forested area and Chadwick falls are in this area itself .One can walk from the Kennedy House or from Cecil hotel,it is hardly 3 km walking down .the forest is reserved so it is still green,pines,deodars,spruces,oaks can be spotted .in the monsoon the Chadwick falls are lush and with lots of water ,at other times depends ,if there is a hot spell the water may be much less .",May 2016 • Family,,,,2024-03-02T16:13:47Z
The Glen,"Shimla,Himachal Pradesh",g304552,d2649575,4.0,https://www.tripadvisor.com/ShowUserReviews-g304552-d2649575-r407851463-The_Glen-Shimla_Shimla_District_Himachal_Pradesh.html,https://dynamic-media-cdn.tripadvisor.com/media/photo-o/1a/f6/f4/5d/default-avatar-2020-32.jpg?w=100&h=-1&s=1,4.0 of 5 bubbles,peaceful place,12,nice scenic place. no maddening crowds which i hate. can enjoy solitude & peace there.mesmerizing views away from crowds can enjoy nature to the full,Jun 2016 • Friends,,,,2024-03-02T16:13:47Z
The Glen,"Shimla,Himachal Pradesh",g304552,d2649575,4.0,https://www.tripadvisor.com/ShowUserReviews-g304552-d2649575-r384438752-The_Glen-Shimla_Shimla_District_Himachal_Pradesh.html,https://dynamic-media-cdn.tripadvisor.com/media/photo-o/1a/f6/e7/99/default-avatar-2020-57.jpg?w=100&h=-1&s=1,4.0 of 5 bubbles,Amazing ,63,Spending time here means experiencing some breathtaking moments. It is so beautiful that you'd fall in love with the place.,Oct 2015 • Family,,,,2024-03-02T16:13:47Z
The Glen,"Shimla,Himachal Pradesh",g304552,d2649575,4.0,https://www.tripadvisor.com/ShowUserReviews-g304552-d2649575-r380825906-The_Glen-Shimla_Shimla_District_Himachal_Pradesh.html,https://dynamic-media-cdn.tripadvisor.com/media/photo-o/1a/f6/e4/a9/default-avatar-2020-50.jpg?w=100&h=-1&s=1,5.0 of 5 bubbles,Amazing forest,91,It is 5kms from shimla and full of pine and deodar trees which makes the place amazing..it is a reserve forest and beautiful picnic spot to visit...,Apr 2016 • Family,,,,2024-03-02T16:13:47Z
The Glen,"Shimla,Himachal Pradesh",g304552,d2649575,4.0,https://www.tripadvisor.com/ShowUserReviews-g304552-d2649575-r377794468-The_Glen-Shimla_Shimla_District_Himachal_Pradesh.html,https://dynamic-media-cdn.tripadvisor.com/media/photo-o/1a/f6/f6/0d/default-avatar-2020-34.jpg?w=100&h=-1&s=1,3.0 of 5 bubbles,Woods on a hot afternoon,170,"Does anybody know where actually it is? neither the taxi driver nor the hotelwallas nor the vague directions on the wayside.Walk through tall greens,small greens,only green ;not a single living creature along to tell you where a falls named after Chadwick was there? One only thing I can promise you - BLISS.You can't see the sky but suddenly become aware of someone sitting at very high above ,smiling at you.",May 2016 • Family,,,,2024-03-02T16:13:47Z
The Glen,"Shimla,Himachal Pradesh",g304552,d2649575,4.0,https://www.tripadvisor.com/ShowUserReviews-g304552-d2649575-r364536935-The_Glen-Shimla_Shimla_District_Himachal_Pradesh.html,https://dynamic-media-cdn.tripadvisor.com/media/photo-o/0a/ea/c0/12/babinbakshi.jpg?w=100&h=-1&s=1,3.0 of 5 bubbles,Enjoy the walk,29,You can enjoy the walk on the way to Glen with your Friends but be aware of Animals and don't go there after evening.,Jan 2016 • Friends,,,,2024-03-02T16:13:47Z
The Glen,"Shimla,Himachal Pradesh",g304552,d2649575,4.0,https://www.tripadvisor.com/ShowUserReviews-g304552-d2649575-r364272965-The_Glen-Shimla_Shimla_District_Himachal_Pradesh.html,https://dynamic-media-cdn.tripadvisor.com/media/photo-o/1a/f6/ee/db/default-avatar-2020-10.jpg?w=100&h=-1&s=1,1.0 of 5 bubbles,"Forest of pine, no deodar, very hot, very far",22,"Forest of pine, no deodar, very hot, very far. No proper directions or road. No buses, its a nala near a village.",Apr 2016 • Couples,,,,2024-03-02T16:13:47Z
The Glen,"Shimla,Himachal Pradesh",g304552,d2649575,4.0,https://www.tripadvisor.com/ShowUserReviews-g304552-d2649575-r333660794-The_Glen-Shimla_Shimla_District_Himachal_Pradesh.html,https://dynamic-media-cdn.tripadvisor.com/media/photo-o/1a/f6/f1/06/default-avatar-2020-18.jpg?w=100&h=-1&s=1,5.0 of 5 bubbles,amazing,168,"this is an amazing experience , it seems it is piece of heaven  , a lot of beatiful site you should go there",Feb 2015,,,,2024-03-02T16:13:47Z
The Glen,"Shimla,Himachal Pradesh",g304552,d2649575,4.0,https://www.tripadvisor.com/ShowUserReviews-g304552-d2649575-r332080887-The_Glen-Shimla_Shimla_District_Himachal_Pradesh.html,https://dynamic-media-cdn.tripadvisor.com/media/photo-o/1a/f6/f3/e4/default-avatar-2020-30.jpg?w=100&h=-1&s=1,4.0 of 5 bubbles,real beauty of shimla away from chaos,25,"The shimla glen is not much visited tourist spot, may be because you have to walk out there, there are no shops or showy there. It is shimla natural beauty at its best. huge trees and lots of pines, away from chaotic city life, you have to walk down a rough patch to the chadwick Falls, which seems to have dried up now, but the view the place offers is worth your straining legs.",Jun 2015 • Family,,,,2024-03-02T16:13:47Z
The Glen,"Shimla,Himachal Pradesh",g304552,d2649575,4.0,https://www.tripadvisor.com/ShowUserReviews-g304552-d2649575-r309147981-The_Glen-Shimla_Shimla_District_Himachal_Pradesh.html,https://dynamic-media-cdn.tripadvisor.com/media/photo-o/08/e5/ce/7b/otician.jpg?w=100&h=-1&s=1,3.0 of 5 bubbles,The lost charm,127,"Glen is a bit of disappointment now. This used to be an exciting picnic spot a few years back. Nestled in deep jungle, the place had abundance of water and an interesting water trail to follow. In between you would have encountered several medium to small water falls. But now the place is a complete dud. There is hardly any water. The local authorities have created structures there for water conservation, due to which the trail has died down completely. The road to annandale has improved over the years but the place has lost its charm completely. Not worth visiting.",Jul 2015 • Friends,,,,2024-03-02T16:13:48Z
The Glen,"Shimla,Himachal Pradesh",g304552,d2649575,4.0,https://www.tripadvisor.com/ShowUserReviews-g304552-d2649575-r304826824-The_Glen-Shimla_Shimla_District_Himachal_Pradesh.html,https://dynamic-media-cdn.tripadvisor.com/media/photo-o/1a/f6/e8/91/default-avatar-2020-62.jpg?w=100&h=-1&s=1,5.0 of 5 bubbles,Great!,121,I hiked down to the Glen during my 3 day visit in Shimla. It's a nice destination to get out of Shimla and into the solitude of the amazing hills around here. Don't expect any huge waterfalls or rivers. It's small but very  beautiful. I hiked back via Annandale which for me was the highlight of this trip.,Aug 2015 • Solo,,,,2024-03-02T16:13:48Z
The Glen,"Shimla,Himachal Pradesh",g304552,d2649575,4.0,https://www.tripadvisor.com/ShowUserReviews-g304552-d2649575-r287096820-The_Glen-Shimla_Shimla_District_Himachal_Pradesh.html,https://dynamic-media-cdn.tripadvisor.com/media/photo-o/08/50/9e/4b/guptadrravi.jpg?w=100&h=-1&s=1,4.0 of 5 bubbles,Glen-shimla's forest,79,"A scenic picnic spot in Shimla, the glen is surrounded with beautiful pine and deodar trees. Viewing from any point in the Glen you can see greenery till the horizon. Besides with the Chadwick Falls nearby the place, tourist swarm the place to enjoy the splendor of nature. The verdant valley enclosed in mysterious woods and rolling slopes, the glen is a must visit for anyone. It is famous as a tourist spot in Shimla because of its alluring beauty. Shimla Glen is actually a reserve forest that houses different kind of birds, insects and animals. It is not very safe to stay here till late evening but during day it is a delight to visit.",Jun 2015 • Couples,,,,2024-03-02T16:13:48Z
The Glen,"Shimla,Himachal Pradesh",g304552,d2649575,4.0,https://www.tripadvisor.com/ShowUserReviews-g304552-d2649575-r286142736-The_Glen-Shimla_Shimla_District_Himachal_Pradesh.html,https://dynamic-media-cdn.tripadvisor.com/media/photo-o/08/08/c2/fd/thehimalayansafari.jpg?w=100&h=-1&s=1,5.0 of 5 bubbles,Deep forest sorrounded,74,"Glen is near to Vidhan Sabha of Shimla , the flace is sorrounded by thick devdar forests which makes it feel so awesome, one can enjoy a view of Shimla Valley from here.",Jul 2015 • Family,,,,2024-03-02T16:13:48Z
The Glen,"Shimla,Himachal Pradesh",g304552,d2649575,4.0,https://www.tripadvisor.com/ShowUserReviews-g304552-d2649575-r284129606-The_Glen-Shimla_Shimla_District_Himachal_Pradesh.html,https://dynamic-media-cdn.tripadvisor.com/media/photo-l/01/2a/fd/9c/avatar.jpg?w=100&h=-1&s=1,4.0 of 5 bubbles,Unforgetable view,308,Once you go here you might not want to move from your place for the next 2 hours as this place is so beautiful. Nice landscape and mountains covered with blue water which makes it a perfect place to be. Very nice and a must visit place for every adventurous traveler.,Apr 2015 • Couples,,,,2024-03-02T16:13:48Z
The Glen,"Shimla,Himachal Pradesh",g304552,d2649575,4.0,https://www.tripadvisor.com/ShowUserReviews-g304552-d2649575-r283833049-The_Glen-Shimla_Shimla_District_Himachal_Pradesh.html,https://dynamic-media-cdn.tripadvisor.com/media/photo-o/06/da/33/1a/himanshu-a.jpg?w=100&h=-1&s=1,5.0 of 5 bubbles,Nice Adventurous Place,77,I found Shimla Glen is a nice place if you are fond of trekking and some adventurous activities. This is a very beautiful place as there are breathtaking views of Shimla once you reach that place after trekking.,Feb 2015 • Family,,,,2024-03-02T16:13:48Z
The Glen,"Shimla,Himachal Pradesh",g304552,d2649575,4.0,https://www.tripadvisor.com/ShowUserReviews-g304552-d2649575-r276115837-The_Glen-Shimla_Shimla_District_Himachal_Pradesh.html,https://dynamic-media-cdn.tripadvisor.com/media/photo-o/03/58/d8/f5/katyal1991.jpg?w=100&h=-1&s=1,4.0 of 5 bubbles,If you love trekking then this is the place for you,102,Had a great time with my friends. If you love trekking then this is the place for you. You will absolutely love this tourist spot.,Apr 2015 • Friends,,,,2024-03-02T16:13:48Z
The Glen,"Shimla,Himachal Pradesh",g304552,d2649575,4.0,https://www.tripadvisor.com/ShowUserReviews-g304552-d2649575-r247501419-The_Glen-Shimla_Shimla_District_Himachal_Pradesh.html,https://dynamic-media-cdn.tripadvisor.com/media/photo-o/1a/f6/de/5a/default-avatar-2020-36.jpg?w=100&h=-1&s=1,4.0 of 5 bubbles,Nice and romantic,39,"Drove the green pine forests...Nice trekking path..recommended for spring, around april to spot the flowering season in this area.",Jan 2015 • Couples,,,,2024-03-02T16:13:48Z
The Glen,"Shimla,Himachal Pradesh",g304552,d2649575,4.0,https://www.tripadvisor.com/ShowUserReviews-g304552-d2649575-r246735886-The_Glen-Shimla_Shimla_District_Himachal_Pradesh.html,https://dynamic-media-cdn.tripadvisor.com/media/photo-o/1a/f6/e7/3d/default-avatar-2020-55.jpg?w=100&h=-1&s=1,4.0 of 5 bubbles,paradise for nature lover but its hard to find,4,This place was suggested by my friend and after consulting few localities I finally reached there. You have to walk some distance for reaching here and I definitely would not recommend this place for aged people Nice atmosphere around the place and its very relaxing experience. It is completely surrounded by pine trees. I also visited Military museum which is very nearby and if definitely worth a visit.,Dec 2014 • Family,,,,2024-03-02T16:13:48Z
The Glen,"Shimla,Himachal Pradesh",g304552,d2649575,4.0,https://www.tripadvisor.com/ShowUserReviews-g304552-d2649575-r246313463-The_Glen-Shimla_Shimla_District_Himachal_Pradesh.html,https://dynamic-media-cdn.tripadvisor.com/media/photo-o/1a/f6/f6/0d/default-avatar-2020-34.jpg?w=100&h=-1&s=1,4.0 of 5 bubbles,Good view,47,Beautiful scenery...not many people visit the place...its a narrow trek...but can avoid as there are better sceneries to enjoy,Dec 2014 • Friends,,,,2024-03-02T16:13:48Z
The Glen,"Shimla,Himachal Pradesh",g304552,d2649575,4.0,https://www.tripadvisor.com/ShowUserReviews-g304552-d2649575-r239739141-The_Glen-Shimla_Shimla_District_Himachal_Pradesh.html,https://dynamic-media-cdn.tripadvisor.com/media/photo-o/06/e5/8c/11/vacation1985.jpg?w=100&h=-1&s=1,5.0 of 5 bubbles,Perfect Place for Vacation,14,"Visited this shimla during july , the weather was perfect and enjoyed my stay of four days stay in shimla.Himalayan train journey was great , on the way you can see beautiful nature and mountains.",Jul 2014 • Friends,,,,2024-03-02T16:13:49Z
The Glen,"Shimla,Himachal Pradesh",g304552,d2649575,4.0,https://www.tripadvisor.com/ShowUserReviews-g304552-d2649575-r230623900-The_Glen-Shimla_Shimla_District_Himachal_Pradesh.html,https://dynamic-media-cdn.tripadvisor.com/media/photo-o/1a/f6/e6/ea/default-avatar-2020-54.jpg?w=100&h=-1&s=1,4.0 of 5 bubbles,SHIMLA WALKS,26,"I visited Shimla for the first time in 1975..and then a couple of times more in the latr 70s. Having started Trekking in the early 80s, i was self-righteously looking down on the over commercialized Shimla and avoided going there till 2013..And then, i rediscovered the city - rather its Walks.With out going far away from the city, we can walk in its outskirts for hours together ! Just move out of the Ridge, pass through the Lakkad Bazar and move on to the Sanjouli Chowk..you will discover 'real shimla' - no tourists, but the locals in their daily walk of life. Move from Sanjouli chowk towards Indus hospital and then over to the Ridge on the UPPER FOREST ROAD, you will find you 'own' the entire forest of pines- with not a soul around. You can take a deviation to Jaku Hill and still complete this whole walk in 4 hours..four hours of bliss!Ther are at least half a dozen such walks in Shimla..i did the above walk in Aug 2014 in  a total of 35 hours from my home in Delhi and back - all in 800 rupees ! Pl go for these walks, dear nature lovers..",Aug 2014 • Family,,,,2024-03-02T16:13:49Z
The Glen,"Shimla,Himachal Pradesh",g304552,d2649575,4.0,https://www.tripadvisor.com/ShowUserReviews-g304552-d2649575-r221316145-The_Glen-Shimla_Shimla_District_Himachal_Pradesh.html,https://dynamic-media-cdn.tripadvisor.com/media/photo-o/06/6a/e3/5d/catbaskets.jpg?w=100&h=-1&s=1,5.0 of 5 bubbles,"Very hard to find, but worth it.",179,"To get to the Glenn, follow the road from Mall road, or from Annandale and it basically wraps around the mountain.  When you get to the furthest point, there is small structure on the inner part of the road with benches and is covered, on the outer part of the road there is a ruined building (small).  Go towards this ruined building, walk about 200-300 meters and make a sharp turn left when you see a stone walking path that goes down into the woods.  Follow this path for 2-3km and you will not be disappointed. Don't turn around, no matter what, just press forward,  you will know when you find the prize near the bottom.  You can then continue forward and climb back up, through a beauty of trails, but it's easy to get back, just keep going ""up"" when there is a fork.  Long hike, down and up about 350-400 meters, maybe a 3km circle, but worth it!  Best experience I had in Shimla.",Aug 2014 • Couples,,,,2024-03-02T16:13:49Z
The Glen,"Shimla,Himachal Pradesh",g304552,d2649575,4.0,https://www.tripadvisor.com/ShowUserReviews-g304552-d2649575-r220613150-The_Glen-Shimla_Shimla_District_Himachal_Pradesh.html,https://dynamic-media-cdn.tripadvisor.com/media/photo-o/06/08/dc/66/pushpendra-m.jpg?w=100&h=-1&s=1,4.0 of 5 bubbles,must go in shimla glen,13,i would like to inform to those people who wanna go for a luxury tour then they must go in shimla glen because there you can get lots of fun and enjoy.wow i would like to go there again with my family.,Jul 2014 • Friends,,,,2024-03-02T16:13:49Z
The Glen,"Shimla,Himachal Pradesh",g304552,d2649575,4.0,https://www.tripadvisor.com/ShowUserReviews-g304552-d2649575-r208966748-The_Glen-Shimla_Shimla_District_Himachal_Pradesh.html,https://dynamic-media-cdn.tripadvisor.com/media/photo-o/1a/f6/f0/48/default-avatar-2020-15.jpg?w=100&h=-1&s=1,3.0 of 5 bubbles,Glen - Lucky if you find it,36,"I live very near to this place and have often seen foreigner's and young Indians trekking down to the much hyped Shimla Glen. Once you start heading towards Glen ( no signages to help out) you are at the mercy of locals to help you to find out the exact route. And mind you almost 80% of them would not have visited this place. Its a narrow trek once you leave the main road from Vidhan Sabha to Annandale ground. The trek is beautiful with pine and Deodhar trees, It will take you around thirty minute form the main road. Please carry all eatables and water with you as there are no eateries around, The nearest chai shops are near to Annandale ground which is about 20 minutes walk from the road leading to Glen. Try to visit the Military museum which is worth watching and even Big B ( Amitabh Bachchan has visited this place). Glen not recommended for aged, and who cannot walk for long.",Jun 2014 • Family,,,,2024-03-02T16:13:49Z
The Glen,"Shimla,Himachal Pradesh",g304552,d2649575,4.0,https://www.tripadvisor.com/ShowUserReviews-g304552-d2649575-r206282193-The_Glen-Shimla_Shimla_District_Himachal_Pradesh.html,https://dynamic-media-cdn.tripadvisor.com/media/photo-o/1a/f6/de/5a/default-avatar-2020-36.jpg?w=100&h=-1&s=1,5.0 of 5 bubbles,good view,1,"good view, coold breeze, enjoy a lot in that holidays beautiful scenery. have too much fun. i like to visit again.",Jun 2013 • Couples,,,,2024-03-02T16:13:49Z
The Glen,"Shimla,Himachal Pradesh",g304552,d2649575,4.0,https://www.tripadvisor.com/ShowUserReviews-g304552-d2649575-r199900776-The_Glen-Shimla_Shimla_District_Himachal_Pradesh.html,https://dynamic-media-cdn.tripadvisor.com/media/photo-o/1a/f6/e8/91/default-avatar-2020-62.jpg?w=100&h=-1&s=1,5.0 of 5 bubbles,Do the heritage walk,4,Don't bother with any other form of transport if you are reasonably fit do the heritage trail you see a lot more.We were there in March and be advised to take some warm clothing .,Mar 2014 • Couples,,,,2024-03-02T16:13:49Z
The Glen,"Shimla,Himachal Pradesh",g304552,d2649575,4.0,https://www.tripadvisor.com/ShowUserReviews-g304552-d2649575-r185474258-The_Glen-Shimla_Shimla_District_Himachal_Pradesh.html,https://dynamic-media-cdn.tripadvisor.com/media/photo-o/03/75/8c/82/himanjai.jpg?w=100&h=-1&s=1,5.0 of 5 bubbles,Amazing experience,158,"Hike to glen is an amazing experience. We planned to do a proper Hike and dont come back to starting point but to cross whole forest area. We started on foot from annandale and when we entered the point of hike, the natural beauty thrilled us. When we reached Glen, we asked a worker (the only one present) of a water mill for further trek to chadwick fall, but amazingly he guided us to a wrong path. We were almost lost and had started backwards when we found out a local villager who guided us to village Shangti. we followed what he told us, went through amazing forest and sight scenes and finally reached Shangti. From shangti we hiked upto summer hill as the next bus from shangti was due in 2 hrs and hike upto summer hill was half hour. finally we reached Summer hill from where we took bus back to Victory tunnel. Do take plenty of water and snacks along with you. Even in the forest, the mobile was having signals everywhere, which was a relief to us when we were in Jungle",Nov 2013 • Couples,,,,2024-03-02T16:13:49Z
The Glen,"Shimla,Himachal Pradesh",g304552,d2649575,4.0,https://www.tripadvisor.com/ShowUserReviews-g304552-d2649575-r171864302-The_Glen-Shimla_Shimla_District_Himachal_Pradesh.html,https://dynamic-media-cdn.tripadvisor.com/media/photo-o/1a/f6/ec/a2/default-avatar-2020-3.jpg?w=100&h=-1&s=1,5.0 of 5 bubbles,Hike to the Glen,99,it was awesome. The trek was through forests and just amazing views. The icing was the waterfall after the pump house - a must do,Aug 2013 • Family,,,,2024-03-02T16:13:49Z
The Glen,"Shimla,Himachal Pradesh",g304552,d2649575,4.0,https://www.tripadvisor.com/ShowUserReviews-g304552-d2649575-r169562727-The_Glen-Shimla_Shimla_District_Himachal_Pradesh.html,https://dynamic-media-cdn.tripadvisor.com/media/photo-o/1a/f6/e9/ef/default-avatar-2020-66.jpg?w=100&h=-1&s=1,4.0 of 5 bubbles,"Shimla,hilly land of the attraction and houses",1,"""Shim la"" state of Himachal Pradesh one of the attractive center in India,I was gone in that place in last week of November 2012 it was very cold,snowy have seen on the roof of the houses and there were pony horse that is a kind of vehicle for going through the hilly  in the attractive  region where i was looked of animals name called yak and other attractive things also have seen when I was there so pliz go that place it is no other insurgent problem it is loveliness place.",Nov 2012 • Family,,,,2024-03-02T16:13:49Z
