names,address,geo_id,hotel_id,rating,url,profile_image,review_score,review_heading,profile_contr,review_body,date_of_stay,company_responder,company_response,company_response_date,timestamp
Summer Hill,"Shimla,Himachal Pradesh",g304552,d3705000,4.0,https://www.tripadvisor.com/ShowUserReviews-g304552-d3705000-r749934026-Summer_Hill-Shimla_Shimla_District_Himachal_Pradesh.html,https://dynamic-media-cdn.tripadvisor.com/media/photo-o/1a/f6/e2/4a/default-avatar-2020-42.jpg?w=100&h=-1&s=1,4.0 of 5 bubbles,Stunning Place,215,The tour of this historic building was worth it - so much to see and hear all about its history. A definite attraction to visit - not to missed.,Feb 2020,,,,2024-03-02T16:18:58Z
Summer Hill,"Shimla,Himachal Pradesh",g304552,d3705000,4.0,https://www.tripadvisor.com/ShowUserReviews-g304552-d3705000-r725855226-Summer_Hill-Shimla_Shimla_District_Himachal_Pradesh.html,https://dynamic-media-cdn.tripadvisor.com/media/photo-o/0c/b7/3e/99/dan-l.jpg?w=100&h=-1&s=1,4.0 of 5 bubbles,Picturesque,7,"Located about 5km from Shimla, it is a very picturesque setting and also one of the stops on the Kalka - Shimla railway. It sits on one of the seven hills that comprise Shimla and offers wonderful views of the foothills and the valleys. A half hour here was certainly not enough time to enjoy the many attractions on offer.",Oct 2019,,,,2024-03-02T16:18:58Z
Summer Hill,"Shimla,Himachal Pradesh",g304552,d3705000,4.0,https://www.tripadvisor.com/ShowUserReviews-g304552-d3705000-r710095546-Summer_Hill-Shimla_Shimla_District_Himachal_Pradesh.html,https://dynamic-media-cdn.tripadvisor.com/media/photo-o/1a/f6/ed/7b/default-avatar-2020-6.jpg?w=100&h=-1&s=1,5.0 of 5 bubbles,About Summer Hills,8,"This places is easy accessible by car, bus or train as mostly every train stops here.For tourist who want calm and want to be in nature than stay in Summer Hills otherwise book the hotel in shimla bear mall road.",Aug 2019,,,,2024-03-02T16:18:58Z
Summer Hill,"Shimla,Himachal Pradesh",g304552,d3705000,4.0,https://www.tripadvisor.com/ShowUserReviews-g304552-d3705000-r703201795-Summer_Hill-Shimla_Shimla_District_Himachal_Pradesh.html,https://dynamic-media-cdn.tripadvisor.com/media/photo-o/1a/f6/de/0a/default-avatar-2020-35.jpg?w=100&h=-1&s=1,4.0 of 5 bubbles,Good,281,Excellent place for couple. Toy train for the visiters lovely place must visit once. Away from croud.love this place.,Aug 2019 • Couples,,,,2024-03-02T16:18:58Z
Summer Hill,"Shimla,Himachal Pradesh",g304552,d3705000,4.0,https://www.tripadvisor.com/ShowUserReviews-g304552-d3705000-r684733318-Summer_Hill-Shimla_Shimla_District_Himachal_Pradesh.html,https://dynamic-media-cdn.tripadvisor.com/media/photo-o/09/b4/85/55/adityainc.jpg?w=100&h=-1&s=1,5.0 of 5 bubbles,excellent place,451,There is a toy train from shimla station to come to summer hill. it is an excellent place away from the city crowd.,Jun 2019 • Friends,,,,2024-03-02T16:18:58Z
Summer Hill,"Shimla,Himachal Pradesh",g304552,d3705000,4.0,https://www.tripadvisor.com/ShowUserReviews-g304552-d3705000-r660821288-Summer_Hill-Shimla_Shimla_District_Himachal_Pradesh.html,https://dynamic-media-cdn.tripadvisor.com/media/photo-o/1a/f6/ee/db/default-avatar-2020-10.jpg?w=100&h=-1&s=1,4.0 of 5 bubbles,Great for Sunsets,18,"This is part of the Viceral lodge grounds.  Avery good place to watch the sun set (if it is clear).  Good views looking back towards Shimla, the railway and the vally.",Feb 2019 • Couples,,,,2024-03-02T16:18:58Z
Summer Hill,"Shimla,Himachal Pradesh",g304552,d3705000,4.0,https://www.tripadvisor.com/ShowUserReviews-g304552-d3705000-r647375038-Summer_Hill-Shimla_Shimla_District_Himachal_Pradesh.html,https://dynamic-media-cdn.tripadvisor.com/media/photo-o/24/de/fb/ee/austin8675.jpg?w=100&h=-1&s=1,5.0 of 5 bubbles,Winter trip,154,Summer Hill was nice place very beautiful views and full of greenery. The place is very neat and clean. We fell like we are inside thick forest. The Railway station is one of the attraction for Summer Hills. It has lots of Resorts and hotels for wonderful stay with breath taking views.,Dec 2018 • Family,,,,2024-03-02T16:18:58Z
Summer Hill,"Shimla,Himachal Pradesh",g304552,d3705000,4.0,https://www.tripadvisor.com/ShowUserReviews-g304552-d3705000-r642553571-Summer_Hill-Shimla_Shimla_District_Himachal_Pradesh.html,https://dynamic-media-cdn.tripadvisor.com/media/photo-o/11/d1/e8/f7/sounak-p.jpg?w=100&h=-1&s=1,4.0 of 5 bubbles,Well Maintained,1,As a kid maybe we all had one dream that is to ride a toy train and when it comes to fulfilling that dream at a very reasonable price we do not back off. Shimla is the second place in India to offer toy train ride. Very well maintained and smooth journey through the mountains and valleys with an unforgettable amazing view.,Jul 2018,,,,2024-03-02T16:18:58Z
Summer Hill,"Shimla,Himachal Pradesh",g304552,d3705000,4.0,https://www.tripadvisor.com/ShowUserReviews-g304552-d3705000-r636625662-Summer_Hill-Shimla_Shimla_District_Himachal_Pradesh.html,https://dynamic-media-cdn.tripadvisor.com/media/photo-o/1a/f6/f0/48/default-avatar-2020-15.jpg?w=100&h=-1&s=1,3.0 of 5 bubbles,Beautiful View,398,Summer hill is amazing. The place is neat and clean. There are many hotel and resorts at this place. There are beautiful views there.,Jun 2018 • Family,,,,2024-03-02T16:18:58Z
Summer Hill,"Shimla,Himachal Pradesh",g304552,d3705000,4.0,https://www.tripadvisor.com/ShowUserReviews-g304552-d3705000-r620448622-Summer_Hill-Shimla_Shimla_District_Himachal_Pradesh.html,https://dynamic-media-cdn.tripadvisor.com/media/photo-o/1a/f6/e5/66/default-avatar-2020-53.jpg?w=100&h=-1&s=1,4.0 of 5 bubbles,Full with nauture and green valley,419,Summer Hill is full of lovely nature. Railway station of Summer hill is also amazing. This place has nature gift.,Aug 2018 • Couples,,,,2024-03-02T16:18:58Z
Summer Hill,"Shimla,Himachal Pradesh",g304552,d3705000,4.0,https://www.tripadvisor.com/ShowUserReviews-g304552-d3705000-r609839167-Summer_Hill-Shimla_Shimla_District_Himachal_Pradesh.html,https://dynamic-media-cdn.tripadvisor.com/media/photo-o/17/0e/38/7d/akriti001.jpg?w=100&h=-1&s=1,5.0 of 5 bubbles,This is Home,122,"Summer Hill is one of the greenest, cleanest and safe neighborhoods of Shimla town. I've spent close to 3 decades here because this is home. Lately, a lot of nature trails, resorts and camping options have sprung up here. So I recommend you experience them. Summer Hill is well connected by road as well as train.",Sept 2017 • Friends,,,,2024-03-02T16:18:59Z
Summer Hill,"Shimla,Himachal Pradesh",g304552,d3705000,4.0,https://www.tripadvisor.com/ShowUserReviews-g304552-d3705000-r557557895-Summer_Hill-Shimla_Shimla_District_Himachal_Pradesh.html,https://dynamic-media-cdn.tripadvisor.com/media/photo-o/1a/f6/f3/7c/default-avatar-2020-29.jpg?w=100&h=-1&s=1,5.0 of 5 bubbles,Fantastic Place,490,Summer Hill is the fantastic place for having food in good environment and amazing views. Location is very good and enjoyable.,Dec 2017,,,,2024-03-02T16:18:59Z
Summer Hill,"Shimla,Himachal Pradesh",g304552,d3705000,4.0,https://www.tripadvisor.com/ShowUserReviews-g304552-d3705000-r556849817-Summer_Hill-Shimla_Shimla_District_Himachal_Pradesh.html,https://dynamic-media-cdn.tripadvisor.com/media/photo-o/1a/f6/7c/01/default-avatar-2020-5.jpg?w=100&h=-1&s=1,4.0 of 5 bubbles,Summer hill!!! ,609,The summer hill is the beautiful place and it is little far away from shimla. Photography view was excellent.,Dec 2017 • Family,,,,2024-03-02T16:18:59Z
Summer Hill,"Shimla,Himachal Pradesh",g304552,d3705000,4.0,https://www.tripadvisor.com/ShowUserReviews-g304552-d3705000-r548794433-Summer_Hill-Shimla_Shimla_District_Himachal_Pradesh.html,https://dynamic-media-cdn.tripadvisor.com/media/photo-o/1a/f6/e7/3d/default-avatar-2020-55.jpg?w=100&h=-1&s=1,4.0 of 5 bubbles,BEAUTIFUL,141,Beautiful place of himachal.litle bit far away from main city shimla.but transportation for here easily available.beautiful hill view seem in eveving,Mar 2017 • Family,,,,2024-03-02T16:18:59Z
Summer Hill,"Shimla,Himachal Pradesh",g304552,d3705000,4.0,https://www.tripadvisor.com/ShowUserReviews-g304552-d3705000-r546579705-Summer_Hill-Shimla_Shimla_District_Himachal_Pradesh.html,https://dynamic-media-cdn.tripadvisor.com/media/photo-o/1c/56/33/a5/avatar.jpg?w=100&h=-1&s=1,5.0 of 5 bubbles,Summer hill,205,It is a must visit place when you go to shimla next time. It is only 5 kms from main city. Beautiful and serene,Jan 2017 • Friends,,,,2024-03-02T16:18:59Z
Summer Hill,"Shimla,Himachal Pradesh",g304552,d3705000,4.0,https://www.tripadvisor.com/ShowUserReviews-g304552-d3705000-r506956988-Summer_Hill-Shimla_Shimla_District_Himachal_Pradesh.html,https://dynamic-media-cdn.tripadvisor.com/media/photo-o/1a/f6/f6/0d/default-avatar-2020-34.jpg?w=100&h=-1&s=1,5.0 of 5 bubbles,Great,150,its really a very beautiful place and without going there trip is not full fileed and bealuty is really amazing love to go there everytime,Jun 2017 • Friends,,,,2024-03-02T16:18:59Z
Summer Hill,"Shimla,Himachal Pradesh",g304552,d3705000,4.0,https://www.tripadvisor.com/ShowUserReviews-g304552-d3705000-r505667512-Summer_Hill-Shimla_Shimla_District_Himachal_Pradesh.html,https://dynamic-media-cdn.tripadvisor.com/media/photo-o/1a/f6/ea/b2/default-avatar-2020-69.jpg?w=100&h=-1&s=1,5.0 of 5 bubbles,lovely,1,It is a lovely hill about 5 kilo meters before shimla city.  it is not much crowded with beautiful nature all around.  you can enjoy the walk.,Jul 2017 • Family,,,,2024-03-02T16:18:59Z
Summer Hill,"Shimla,Himachal Pradesh",g304552,d3705000,4.0,https://www.tripadvisor.com/ShowUserReviews-g304552-d3705000-r503082994-Summer_Hill-Shimla_Shimla_District_Himachal_Pradesh.html,https://dynamic-media-cdn.tripadvisor.com/media/photo-o/1a/f6/e7/7b/default-avatar-2020-56.jpg?w=100&h=-1&s=1,4.0 of 5 bubbles,"2,123 above sea level",10,Summer hill is beautiful place situated 5 kms from Shimla is flooded with alluring beauty. Beautiful pine woods standing tall and the main attraction shimla-lkalka railway station add to its attraction. You can also enjoy trekking and toy train ride that leads you to the dense view of the pine forest.,Dec 2016 • Friends,,,,2024-03-02T16:18:59Z
Summer Hill,"Shimla,Himachal Pradesh",g304552,d3705000,4.0,https://www.tripadvisor.com/ShowUserReviews-g304552-d3705000-r496400799-Summer_Hill-Shimla_Shimla_District_Himachal_Pradesh.html,https://dynamic-media-cdn.tripadvisor.com/media/photo-o/0f/b1/d7/b8/adarsh54.jpg?w=100&h=-1&s=1,5.0 of 5 bubbles,Serene place,15,Summer Hill in Shimla has been a place that has always fascinated me by its beautific charm. The place is densely covered by cedars & pines and provides a calm & idyllic surroundings. Two places of interests are there- India Institute of Advance Studies and Himachal University. It has a cute railway station too. One could go on foot from Shimla to Summer Hill (about one hour) to enjoy the best parts of this place.,Jun 2017 • Family,,,,2024-03-02T16:18:59Z
Summer Hill,"Shimla,Himachal Pradesh",g304552,d3705000,4.0,https://www.tripadvisor.com/ShowUserReviews-g304552-d3705000-r479186814-Summer_Hill-Shimla_Shimla_District_Himachal_Pradesh.html,https://dynamic-media-cdn.tripadvisor.com/media/photo-o/1a/f6/f3/23/default-avatar-2020-28.jpg?w=100&h=-1&s=1,5.0 of 5 bubbles,Beautiful hill,115,Summerhill is fantastic place this is on the way of Kalka to Shimla good place for photography lover.,Jul 2016 • Couples,,,,2024-03-02T16:18:59Z
Summer Hill,"Shimla,Himachal Pradesh",g304552,d3705000,4.0,https://www.tripadvisor.com/ShowUserReviews-g304552-d3705000-r475460002-Summer_Hill-Shimla_Shimla_District_Himachal_Pradesh.html,https://dynamic-media-cdn.tripadvisor.com/media/photo-o/17/03/6a/96/shashindrak.jpg?w=100&h=-1&s=1,4.0 of 5 bubbles,Outskirts of Shimla,1,"Summer hill is outskirts of Shimla , some 5 kms before Simla at +2000 meters height.Shimla was summer capital of India during British era, so Britishers laid a beautiful rail track between Kalka-Shimla, now UNESCO world heritage.Summer hill is one out of seven hills of Shimla.Trekking along railway track between Summer Hill- Shimla is recommended to see dense deodar forest beauty.",Mar 2017 • Solo,,,,2024-03-02T16:19:00Z
Summer Hill,"Shimla,Himachal Pradesh",g304552,d3705000,4.0,https://www.tripadvisor.com/ShowUserReviews-g304552-d3705000-r471670872-Summer_Hill-Shimla_Shimla_District_Himachal_Pradesh.html,https://dynamic-media-cdn.tripadvisor.com/media/photo-o/1a/f6/e4/2d/default-avatar-2020-48.jpg?w=100&h=-1&s=1,3.0 of 5 bubbles,"Lovely hill, next to Himachal University campus",24,"Summer hill is little away from main Shimla area but the trip over there is worth it. It offers lovely views, and it's next to Himachal University main campus.",Oct 2016 • Family,,,,2024-03-02T16:19:00Z
Summer Hill,"Shimla,Himachal Pradesh",g304552,d3705000,4.0,https://www.tripadvisor.com/ShowUserReviews-g304552-d3705000-r471657759-Summer_Hill-Shimla_Shimla_District_Himachal_Pradesh.html,https://dynamic-media-cdn.tripadvisor.com/media/photo-o/1a/f6/e4/2d/default-avatar-2020-48.jpg?w=100&h=-1&s=1,4.0 of 5 bubbles,Summer hill,261,summer hill is like paradise of summer vacation...good place to spent holida.summer hill is some far from main shimla city..,Oct 2016 • Family,,,,2024-03-02T16:19:00Z
Summer Hill,"Shimla,Himachal Pradesh",g304552,d3705000,4.0,https://www.tripadvisor.com/ShowUserReviews-g304552-d3705000-r447767944-Summer_Hill-Shimla_Shimla_District_Himachal_Pradesh.html,https://dynamic-media-cdn.tripadvisor.com/media/photo-o/1a/f6/e3/6a/default-avatar-2020-47.jpg?w=100&h=-1&s=1,4.0 of 5 bubbles,Walking & Talking & Fun!!!!,299,This place is one of the famous places to visit in Shimla... just about 5 kms away from the Ridge. There are lot of tourists attracted by this place as there is kool breeze flowing everyday along with some great place to walk. And the views arounbd will add to the fun,Oct 2016 • Couples,,,,2024-03-02T16:19:00Z
Summer Hill,"Shimla,Himachal Pradesh",g304552,d3705000,4.0,https://www.tripadvisor.com/ShowUserReviews-g304552-d3705000-r436510696-Summer_Hill-Shimla_Shimla_District_Himachal_Pradesh.html,https://dynamic-media-cdn.tripadvisor.com/media/photo-o/1a/f6/ee/10/default-avatar-2020-8.jpg?w=100&h=-1&s=1,4.0 of 5 bubbles,Nature All around Here,342,Summer hill is also famous as potter's hill and is among seven hill clusters forming the hill station of Shimla.There was also a nature park in the summer hill.This Nature park is frequented by many holiday makers who can enjoy horse ride from through these dense forests of cedars and oaks.,Oct 2016 • Family,,,,2024-03-02T16:19:00Z
Summer Hill,"Shimla,Himachal Pradesh",g304552,d3705000,4.0,https://www.tripadvisor.com/ShowUserReviews-g304552-d3705000-r386974170-Summer_Hill-Shimla_Shimla_District_Himachal_Pradesh.html,https://dynamic-media-cdn.tripadvisor.com/media/photo-o/1a/f6/ee/10/default-avatar-2020-8.jpg?w=100&h=-1&s=1,4.0 of 5 bubbles,Enjoyable,14,"Plenty to see and have a nice walk also food in the main centre. Great for walkers, dog walkers, bikers and children.Will return soon.",Jun 2016,,,,2024-03-02T16:19:00Z
Summer Hill,"Shimla,Himachal Pradesh",g304552,d3705000,4.0,https://www.tripadvisor.com/ShowUserReviews-g304552-d3705000-r380789664-Summer_Hill-Shimla_Shimla_District_Himachal_Pradesh.html,https://dynamic-media-cdn.tripadvisor.com/media/photo-o/1a/f6/e4/a9/default-avatar-2020-50.jpg?w=100&h=-1&s=1,4.0 of 5 bubbles,popular summer hill station,91,It is very near to simla around 5kms and a very popular tourist place to hangout with family and friends.,Apr 2016 • Family,,,,2024-03-02T16:19:00Z
Summer Hill,"Shimla,Himachal Pradesh",g304552,d3705000,4.0,https://www.tripadvisor.com/ShowUserReviews-g304552-d3705000-r364536688-Summer_Hill-Shimla_Shimla_District_Himachal_Pradesh.html,https://dynamic-media-cdn.tripadvisor.com/media/photo-o/0a/ea/c0/12/babinbakshi.jpg?w=100&h=-1&s=1,3.0 of 5 bubbles,Nothing Special about this place.,29,There is nothing special about this place. You can only enjoy the road and walk when you are roaming around this place.,Jan 2016 • Friends,,,,2024-03-02T16:19:00Z
Summer Hill,"Shimla,Himachal Pradesh",g304552,d3705000,4.0,https://www.tripadvisor.com/ShowUserReviews-g304552-d3705000-r364273109-Summer_Hill-Shimla_Shimla_District_Himachal_Pradesh.html,https://dynamic-media-cdn.tripadvisor.com/media/photo-o/1a/f6/ee/db/default-avatar-2020-10.jpg?w=100&h=-1&s=1,4.0 of 5 bubbles,Best Momos and Soup ever,22,Arrive at summer hill via local bus. Walk down towards Sangti. Enjoy the forest. Stop near bus stop. There's a thailawala. Drink soup and enjoy momos. Go inside the forest a little more.,Apr 2016 • Couples,,,,2024-03-02T16:19:00Z
Summer Hill,"Shimla,Himachal Pradesh",g304552,d3705000,4.0,https://www.tripadvisor.com/ShowUserReviews-g304552-d3705000-r364101080-Summer_Hill-Shimla_Shimla_District_Himachal_Pradesh.html,https://dynamic-media-cdn.tripadvisor.com/media/photo-o/1a/f6/e9/ef/default-avatar-2020-66.jpg?w=100&h=-1&s=1,5.0 of 5 bubbles,Scienic & Beautiful View of Hills,96,"Just near to IIAS, Himachal University & other institution. One can see beautiful range of hills & valleys from here.During my visit i stayed here at Delvilla. Nice place to visit in early morning or evening.",Apr 2016 • Family,,,,2024-03-02T16:19:00Z
Summer Hill,"Shimla,Himachal Pradesh",g304552,d3705000,4.0,https://www.tripadvisor.com/ShowUserReviews-g304552-d3705000-r354260587-Summer_Hill-Shimla_Shimla_District_Himachal_Pradesh.html,https://dynamic-media-cdn.tripadvisor.com/media/photo-o/1a/f6/f4/20/default-avatar-2020-31.jpg?w=100&h=-1&s=1,4.0 of 5 bubbles,take SIMLA TOURISM - GOVERNMENT OF INDIA,116,there s not much to do once u reach . but the view is beautiful. take the tours organsised by himachal tourism. its office is on the ridge. but u have to book it in advance,Feb 2016 • Couples,,,,2024-03-02T16:19:01Z
Summer Hill,"Shimla,Himachal Pradesh",g304552,d3705000,4.0,https://www.tripadvisor.com/ShowUserReviews-g304552-d3705000-r351484157-Summer_Hill-Shimla_Shimla_District_Himachal_Pradesh.html,https://dynamic-media-cdn.tripadvisor.com/media/photo-o/1a/f6/f1/06/default-avatar-2020-18.jpg?w=100&h=-1&s=1,4.0 of 5 bubbles,Ariel View of Hill Queen,116,"A picturesque superb on Shimla-Kalka Railway line. Offers shady walks in quiet surroundings. The Father of Nation, Mahatma Gandhi during his visit to Shimla lived in the elegant Georgian House of Raj Kumari Amrit Kaur. HP University is situated here.",Jun 2015 • Family,,,,2024-03-02T16:19:01Z
Summer Hill,"Shimla,Himachal Pradesh",g304552,d3705000,4.0,https://www.tripadvisor.com/ShowUserReviews-g304552-d3705000-r346085115-Summer_Hill-Shimla_Shimla_District_Himachal_Pradesh.html,https://dynamic-media-cdn.tripadvisor.com/media/photo-s/03/27/fd/ed/richard-b.jpg?w=100&h=-1&s=1,3.0 of 5 bubbles,Summer Hill Train journey.,69,"Well my stay in India is coming to an end,back and forth to Singapore,Malaysia and Bangkok to extend my Visa must not stay more than six months,so I embarked on a long train journey form Bangalore to the North and to Kerala in the south time span of three weeks.Arrived in Delhi early morning to begin a trip of being taken for a ride by the Taxi and Hotel near Delhi Railway station,next day found another place to stay then booked my ticket to Shimla,they have a place on the first floor of New Delhi station for Tourist so don't panic,arrived at Kalka with the train waiting to take you to Shimla at midday and arrive around 5.p.m.again picked the wrong hotel,no hot water to shower typical and bad food,it all depends what you want to do the next day for me it was to visit all the old places in town left by the British and walked from one end to another,lots of folks about with the monkeys to keep company,now most hotels have different prices and not a true value for your money so pay attention and choose well.The train journey was ok lots of tunnels and bustling houses built on the hills,enjoy the trip and make your own plans to save money",Sept 2015 • Solo,,,,2024-03-02T16:19:01Z
Summer Hill,"Shimla,Himachal Pradesh",g304552,d3705000,4.0,https://www.tripadvisor.com/ShowUserReviews-g304552-d3705000-r336920646-Summer_Hill-Shimla_Shimla_District_Himachal_Pradesh.html,https://dynamic-media-cdn.tripadvisor.com/media/photo-o/19/52/9b/cf/manish-b.jpg?w=100&h=-1&s=1,5.0 of 5 bubbles,Excellent Place,1,The place is famous for many reasons. Mahamata gandhi  stayed here. IIAS is at the same place. Himanchal University is also here. The place is know for its beauty and valley.,Dec 2015 • Family,,,,2024-03-02T16:19:01Z
Summer Hill,"Shimla,Himachal Pradesh",g304552,d3705000,4.0,https://www.tripadvisor.com/ShowUserReviews-g304552-d3705000-r329296302-Summer_Hill-Shimla_Shimla_District_Himachal_Pradesh.html,https://dynamic-media-cdn.tripadvisor.com/media/photo-o/1a/f6/e7/3d/default-avatar-2020-55.jpg?w=100&h=-1&s=1,4.0 of 5 bubbles,''Scenic and peaceful'',423,"It was  a small place in seventies. Famous  for  the University and the Advanced study center. Lovely  walk from the station  to  the Mall road takes  almost  1hr train  takes  about  20 minutes, one  can  feel the  wind  chill and  the  smell of the  conifers all  along. The  walk  is  unending and ever  enchanting. Large buildings housing the various  university department is some time  eye shore.calm cool and quite. Be there  and  find your  self in  nature.",Nov 2015 • Solo,,,,2024-03-02T16:19:01Z
Summer Hill,"Shimla,Himachal Pradesh",g304552,d3705000,4.0,https://www.tripadvisor.com/ShowUserReviews-g304552-d3705000-r328759551-Summer_Hill-Shimla_Shimla_District_Himachal_Pradesh.html,https://dynamic-media-cdn.tripadvisor.com/media/photo-o/1a/f6/f1/42/default-avatar-2020-20.jpg?w=100&h=-1&s=1,3.0 of 5 bubbles,Away from the hustle bustle,21,Summer Hill is located at a 20 minute drive from main Shimla. Attractions include adventure sports a Gahan.,Oct 2015 • Family,,,,2024-03-02T16:19:01Z
Summer Hill,"Shimla,Himachal Pradesh",g304552,d3705000,4.0,https://www.tripadvisor.com/ShowUserReviews-g304552-d3705000-r318196072-Summer_Hill-Shimla_Shimla_District_Himachal_Pradesh.html,https://dynamic-media-cdn.tripadvisor.com/media/photo-o/07/5d/8f/d5/vasanth-a.jpg?w=100&h=-1&s=1,4.0 of 5 bubbles,Peacefully place with good panoramic view,106,"Usually most people wont visit this place, But this place has lot to offer, one can take long walks to enjoy the view and there is toy train. you can enjoy the ride and take pictures :)",Oct 2015 • Couples,,,,2024-03-02T16:19:01Z
Summer Hill,"Shimla,Himachal Pradesh",g304552,d3705000,4.0,https://www.tripadvisor.com/ShowUserReviews-g304552-d3705000-r315995119-Summer_Hill-Shimla_Shimla_District_Himachal_Pradesh.html,https://dynamic-media-cdn.tripadvisor.com/media/photo-o/1a/f6/ea/b2/default-avatar-2020-69.jpg?w=100&h=-1&s=1,5.0 of 5 bubbles,EXCELLENT PLACE,47,"The Summer Hill is a perfect place for taking a leisurely walk amidst the tranquillity of Mother Nature. Owing to its location between canopy of hilly trees like the pine and deodar, the lush green scenery of the Summer Hill adds to the beauty of the place. The impressive view of the snow clad mountain terrains is purely mesmerising and unforgettable. Also, the hill majorly supplies the clay which is used for making earthen pots by potters.",Feb 2015 • Friends,,,,2024-03-02T16:19:01Z
Summer Hill,"Shimla,Himachal Pradesh",g304552,d3705000,4.0,https://www.tripadvisor.com/ShowUserReviews-g304552-d3705000-r311177706-Summer_Hill-Shimla_Shimla_District_Himachal_Pradesh.html,https://dynamic-media-cdn.tripadvisor.com/media/photo-o/1a/f6/e9/60/default-avatar-2020-64.jpg?w=100&h=-1&s=1,3.0 of 5 bubbles,panoramic view,26,"shimla Summer hill is a picture perfect place with panoramic view. situated on the way Shimla to kalka, this place is located is Shimla & kalka Rail line, worth visit.",Jul 2015 • Friends,,,,2024-03-02T16:19:01Z
Summer Hill,"Shimla,Himachal Pradesh",g304552,d3705000,4.0,https://www.tripadvisor.com/ShowUserReviews-g304552-d3705000-r304841706-Summer_Hill-Shimla_Shimla_District_Himachal_Pradesh.html,https://dynamic-media-cdn.tripadvisor.com/media/photo-f/01/2e/70/63/avatar041.jpg?w=100&h=-1&s=1,3.0 of 5 bubbles,Natural Beauty,175,If there is a distinct point after which you will start feeling being in Shimla's cold that point is at Summer Hill. While going uphill by the toy train we found something amazingly beautiful and decided to spend an hour before leaving Shimla. In the end it didnt turn out to be that great but still a visit can be planned if you have some time left.,Aug 2015 • Couples,,,,2024-03-02T16:19:01Z
Summer Hill,"Shimla,Himachal Pradesh",g304552,d3705000,4.0,https://www.tripadvisor.com/ShowUserReviews-g304552-d3705000-r291346581-Summer_Hill-Shimla_Shimla_District_Himachal_Pradesh.html,https://dynamic-media-cdn.tripadvisor.com/media/photo-o/1a/f6/7c/01/default-avatar-2020-5.jpg?w=100&h=-1&s=1,5.0 of 5 bubbles,enjoyyedd,7,lots of fun on the station train was about to come in one and a hlf hour wetook toy train from summer hill station only have cliked lots of photoes on station,Jul 2015 • Family,,,,2024-03-02T16:19:03Z
Summer Hill,"Shimla,Himachal Pradesh",g304552,d3705000,4.0,https://www.tripadvisor.com/ShowUserReviews-g304552-d3705000-r289702093-Summer_Hill-Shimla_Shimla_District_Himachal_Pradesh.html,https://dynamic-media-cdn.tripadvisor.com/media/photo-o/07/54/c1/ea/sankha-d.jpg?w=100&h=-1&s=1,5.0 of 5 bubbles,Amidst Nature,104,"Summer Hill is the very next station in Shimla Kalka Hill railway. One can take the train from Shimla to summer hill and come back after spending couple of hours in a pristine environment. The train ride is an experience on its own, Tourist attractions like vicerigal lodge is based out odf summer hill",Mar 2015,,,,2024-03-02T16:19:03Z
Summer Hill,"Shimla,Himachal Pradesh",g304552,d3705000,4.0,https://www.tripadvisor.com/ShowUserReviews-g304552-d3705000-r287094875-Summer_Hill-Shimla_Shimla_District_Himachal_Pradesh.html,https://dynamic-media-cdn.tripadvisor.com/media/photo-o/08/50/9e/4b/guptadrravi.jpg?w=100&h=-1&s=1,3.0 of 5 bubbles,Sightseeing and trekking,79,"Its a good place to visit. Be ready with shoes on as you will also enjoy trekking. There is an excellent waterfall located ""chadwick falls, for which a bit of walk is needed. Carry a bottle of water as you don't get it there. Sightseeing and trekking which you will enjoy here",Jun 2015 • Couples,,,,2024-03-02T16:19:03Z
Summer Hill,"Shimla,Himachal Pradesh",g304552,d3705000,4.0,https://www.tripadvisor.com/ShowUserReviews-g304552-d3705000-r285767895-Summer_Hill-Shimla_Shimla_District_Himachal_Pradesh.html,https://dynamic-media-cdn.tripadvisor.com/media/photo-o/1a/f6/f2/11/default-avatar-2020-23.jpg?w=100&h=-1&s=1,5.0 of 5 bubbles,Summer Hill - Must Visit,11,"Excellent view of Nature, You can take pictures of Greenery from here, and all over in Shimla you can taste Fruit Chat where you Go",Jun 2015 • Family,,,,2024-03-02T16:19:03Z
Summer Hill,"Shimla,Himachal Pradesh",g304552,d3705000,4.0,https://www.tripadvisor.com/ShowUserReviews-g304552-d3705000-r284064960-Summer_Hill-Shimla_Shimla_District_Himachal_Pradesh.html,https://dynamic-media-cdn.tripadvisor.com/media/photo-o/09/6a/6c/21/sks3010.jpg?w=100&h=-1&s=1,4.0 of 5 bubbles,Name itself speaks,188,"One must visit this beautiful place of learning in Himachal,pradesh. It ishead quarter of Himachal university. One of the very good place to visit, study and even stay for the desired period.",Jun 2015 • Family,,,,2024-03-02T16:19:03Z
Summer Hill,"Shimla,Himachal Pradesh",g304552,d3705000,4.0,https://www.tripadvisor.com/ShowUserReviews-g304552-d3705000-r278266507-Summer_Hill-Shimla_Shimla_District_Himachal_Pradesh.html,https://dynamic-media-cdn.tripadvisor.com/media/photo-o/1a/f6/ee/db/default-avatar-2020-10.jpg?w=100&h=-1&s=1,5.0 of 5 bubbles,heaven in summer,27,summer hill is well described by its name. totally a heaven in summer. awesome wheather is the main attraction. if you like hilltops then you must visit.,Apr 2015,,,,2024-03-02T16:19:03Z
Summer Hill,"Shimla,Himachal Pradesh",g304552,d3705000,4.0,https://www.tripadvisor.com/ShowUserReviews-g304552-d3705000-r273222207-Summer_Hill-Shimla_Shimla_District_Himachal_Pradesh.html,https://dynamic-media-cdn.tripadvisor.com/media/photo-o/10/20/5d/6b/virupas.jpg?w=100&h=-1&s=1,4.0 of 5 bubbles,"SUMMER HILL , SHIMLA  --- DRIVE FROM KALKA",174,"Summer Hill , a quiet , forested, serene and seat of Himachal Pradesh University is dotted on the skyline with marvellous newly built buildings of modern architecture jutting out of the thick green forest cover and bustling with young student enthusiasts.The drive by road from KALKA ( ie the foot hills ) to Summer Hill being at approx 7000 ft itself is extremely scenic and one must spend some time to enjoy the beauty that straddles the route . In the right season, one would be fortunate  to see various types of flowering tress and bushes including the lush green deciduous and coniferous trees astride the highway .Attached photos would make it amply clear .",May 2015 • Couples,,,,2024-03-02T16:19:03Z
Summer Hill,"Shimla,Himachal Pradesh",g304552,d3705000,4.0,https://www.tripadvisor.com/ShowUserReviews-g304552-d3705000-r270873377-Summer_Hill-Shimla_Shimla_District_Himachal_Pradesh.html,https://dynamic-media-cdn.tripadvisor.com/media/photo-o/07/c8/4f/91/gurunanakholidays.jpg?w=100&h=-1&s=1,5.0 of 5 bubbles,Heaven in Summers,35,"Summer Hill is a great place in Shimla especially in summers, wonderful green forest area, nice veiw points, nice place to stay in summers, famous because of Himachal Pradesh University, very near by Vice regal lodge, potter hill is a another place to visit and stay in summer hill, Our clients visited there and they really appreciate the place and walks arrounds the summer hills forest area.Regards,Guru Nanak Holiday Travels, Shimla",Apr 2015 • Friends,,,,2024-03-02T16:19:03Z
Summer Hill,"Shimla,Himachal Pradesh",g304552,d3705000,4.0,https://www.tripadvisor.com/ShowUserReviews-g304552-d3705000-r256471334-Summer_Hill-Shimla_Shimla_District_Himachal_Pradesh.html,https://dynamic-media-cdn.tripadvisor.com/media/photo-o/1a/f6/f2/11/default-avatar-2020-23.jpg?w=100&h=-1&s=1,5.0 of 5 bubbles,Summer HILL,76,A place where himachal pradesh university has its campus.A good crowd can be seen that consists of young intellect students aspiring to fulfill their dreams. A good place for education purpose.,Mar 2014 • Family,,,,2024-03-02T16:19:03Z
Summer Hill,"Shimla,Himachal Pradesh",g304552,d3705000,4.0,https://www.tripadvisor.com/ShowUserReviews-g304552-d3705000-r255354967-Summer_Hill-Shimla_Shimla_District_Himachal_Pradesh.html,https://dynamic-media-cdn.tripadvisor.com/media/photo-o/1a/f6/e7/fe/default-avatar-2020-58.jpg?w=100&h=-1&s=1,4.0 of 5 bubbles,Take the train.,68,Walked there and caught train back. Good half day trip. But do have a timetable. Downhill there uphill back.,Apr 2014 • Couples,,,,2024-03-02T16:19:03Z
