names,address,geo_id,hotel_id,rating,url,profile_image,review_score,review_heading,profile_contr,review_body,date_of_stay,company_responder,company_response,company_response_date,timestamp
Shaily Peak,"Shimla,Himachal Pradesh",g304552,d3705379,4.5,https://www.tripadvisor.com/ShowUserReviews-g304552-d3705379-r797095276-Shaily_Peak-Shimla_Shimla_District_Himachal_Pradesh.html,https://dynamic-media-cdn.tripadvisor.com/media/photo-o/1a/f6/e4/2d/default-avatar-2020-48.jpg?w=100&h=-1&s=1,5.0 of 5 bubbles,A mesmerizing Trek,15,"It is 2 hours drive and 2-3 hours trekking to top of the Shaily Hill. It was medium difficulty level. You will not get tired as you will be lost in this beautiful trek. There is a temple on the top and you will get Maggie in case you forgot to bring your own food.  Go early as it takes 5-6 hours both ways, check weather if it rains it may be difficult coming down the hill. Its a good place for overnight camping as well.",Jul 2021,,,,2024-03-02T17:38:48Z
Shaily Peak,"Shimla,Himachal Pradesh",g304552,d3705379,4.5,https://www.tripadvisor.com/ShowUserReviews-g304552-d3705379-r785578620-Shaily_Peak-Shimla_Shimla_District_Himachal_Pradesh.html,https://dynamic-media-cdn.tripadvisor.com/media/photo-o/07/d9/89/10/srai1985.jpg?w=100&h=-1&s=1,5.0 of 5 bubbles,Shali Tibba,81,"A beautiful place to hike near Shimla, its  a easy trek and families can also go here. Do carry lots of water with you as there is no source of water en-route. On a clear day you can see the mountains all around and its a good place for photography.",Sept 2020,,,,2024-03-02T17:38:48Z
Shaily Peak,"Shimla,Himachal Pradesh",g304552,d3705379,4.5,https://www.tripadvisor.com/ShowUserReviews-g304552-d3705379-r733203460-Shaily_Peak-Shimla_Shimla_District_Himachal_Pradesh.html,https://dynamic-media-cdn.tripadvisor.com/media/photo-o/1a/f6/e4/a9/default-avatar-2020-50.jpg?w=100&h=-1&s=1,5.0 of 5 bubbles,nice,434,"One of the most preferred tourist destinations in Himachal Pradesh, Shaily Peak attracts people from all over the world. It is a delightful experience for nature lovers and is no less than a heaven for experience seekers. The snow-capped Himalayan mountain-ranges and beautiful landscapes located here are hard to miss",Oct 2019,,,,2024-03-02T17:38:48Z
Shaily Peak,"Shimla,Himachal Pradesh",g304552,d3705379,4.5,https://www.tripadvisor.com/ShowUserReviews-g304552-d3705379-r725583929-Shaily_Peak-Shimla_Shimla_District_Himachal_Pradesh.html,https://dynamic-media-cdn.tripadvisor.com/media/photo-o/1a/f6/e2/e6/default-avatar-2020-45.jpg?w=100&h=-1&s=1,5.0 of 5 bubbles,Great hike with fantastic views,585,"We hiked to the top of Shaily Peak earlier this week.  It takes some effort, but you are rewarded with a fantastic 360 degree view of the Shimla countryside and the snow-packed western Indian Himalayas.  Very beautiful.  It took us 3 hours to make the leisurely walk up to the top, but only 1.5 hours on the way down.  The up is constant, but the trail is wide (except for one 100 foot section near the top) and there are many switchbacks to limit the steepness.  We were amazed that a lot of younger people were taking steep “short cuts” up the slope thinking that it would save time.  We stuck to the trail and passed the groups many times as they were forced to take breaks.  It must have something to do with being wise in our old age as we were all in our 60’s and 70’s and had no problem reaching the top with only one short break.  There are numerous viewpoints from the trail, but the best views are from the top — 9,400 feet, the highest point in Shimla.  Best to make this hike on a clear day to maximize the views.",Nov 2019 • Couples,,,,2024-03-02T17:38:48Z
Shaily Peak,"Shimla,Himachal Pradesh",g304552,d3705379,4.5,https://www.tripadvisor.com/ShowUserReviews-g304552-d3705379-r677100427-Shaily_Peak-Shimla_Shimla_District_Himachal_Pradesh.html,https://dynamic-media-cdn.tripadvisor.com/media/photo-o/17/6a/94/1e/sy1-sunny.jpg?w=100&h=-1&s=1,5.0 of 5 bubbles,An easy hike,186,"Shaily Peak Overview. Located 23 km away from Naldehra near Mahakali Lake, the Shaily Peak is one of the most beautiful attractions in Shimla. Its 8 km steep course from Khatnol (the base) to the peak attracts countless adventure seekers every year. Dense forests and rocky trails adorn this peak.Very good for weekend hike with friends and family,Highly recommended from my end",Jul 2018,,,,2024-03-02T17:38:48Z
Shaily Peak,"Shimla,Himachal Pradesh",g304552,d3705379,4.5,https://www.tripadvisor.com/ShowUserReviews-g304552-d3705379-r670066971-Shaily_Peak-Shimla_Shimla_District_Himachal_Pradesh.html,https://dynamic-media-cdn.tripadvisor.com/media/photo-o/1a/f6/f4/5d/default-avatar-2020-32.jpg?w=100&h=-1&s=1,5.0 of 5 bubbles,Nice peak experience,376,The place has a nice peak experience.It is a good place a planned tour is advisable for the visit to this place.,Feb 2019 • Family,,,,2024-03-02T17:38:48Z
Shaily Peak,"Shimla,Himachal Pradesh",g304552,d3705379,4.5,https://www.tripadvisor.com/ShowUserReviews-g304552-d3705379-r583854177-Shaily_Peak-Shimla_Shimla_District_Himachal_Pradesh.html,https://dynamic-media-cdn.tripadvisor.com/media/photo-o/1a/f6/f3/7c/default-avatar-2020-29.jpg?w=100&h=-1&s=1,5.0 of 5 bubbles,Good Attraction Place,490,Shaily Park is very good place and it is a popular attraction in Shimla. Located 23 km away from Naldehra near Mahakali Lake.,Aug 2017,,,,2024-03-02T17:38:48Z
Shaily Peak,"Shimla,Himachal Pradesh",g304552,d3705379,4.5,https://www.tripadvisor.com/ShowUserReviews-g304552-d3705379-r566422459-Shaily_Peak-Shimla_Shimla_District_Himachal_Pradesh.html,https://dynamic-media-cdn.tripadvisor.com/media/photo-o/1b/9f/b7/06/caption.jpg?w=100&h=-1&s=1,5.0 of 5 bubbles,long walk to the sky,184,"It takes you almost two hours from Shimla to the small dirty road where the trail to the top of the peak starts.Once you get there you will have to walk on the trail that leads you to the top of the peak where the temple of the goddess dominates the valleys all aroung and from where you have a 360° degrees on the mountains to the North and the valleys to the South. The trail took us about 2 and a half hours to get to the top: we took few shortcuts as our guide told us that they were not too difficult. For those who are less trained, the ""regular"" dirt road is a bit longer, but easier to walk and less tiring. I'd say that 3 hours is a good average even for untrained trekker. Once on the top, remember that the staircase and the temple are sacred, so you are expected to remove your shoes and walk bare feet.No shops or restaurants on the dirt road, so you should bring food and beverages, though on the top there is a water tank from where you can get water to refresh yourself. The view from the temple is awesome, especially when the sky is clear and you can see far far away in the Himalayas and down the valleys. If you wanna light up a candle or burn some incense for the goddess, bring your lighter/matches: we are not smokers and we couldn't find any in the temple...",Mar 2018 • Friends,,,,2024-03-02T17:38:48Z
Shaily Peak,"Shimla,Himachal Pradesh",g304552,d3705379,4.5,https://www.tripadvisor.com/ShowUserReviews-g304552-d3705379-r527513900-Shaily_Peak-Shimla_Shimla_District_Himachal_Pradesh.html,https://dynamic-media-cdn.tripadvisor.com/media/photo-o/07/37/06/1b/syed-mudassir.jpg?w=100&h=-1&s=1,4.0 of 5 bubbles,Beautiful and less crowded !!,150,This is actually one of those places in shimla which is less crowded as unknown to most of the tourist. The scenic beauty is mesmerizing. must visit.,Sept 2017 • Couples,,,,2024-03-02T17:38:48Z
Shaily Peak,"Shimla,Himachal Pradesh",g304552,d3705379,4.5,https://www.tripadvisor.com/ShowUserReviews-g304552-d3705379-r519816399-Shaily_Peak-Shimla_Shimla_District_Himachal_Pradesh.html,https://dynamic-media-cdn.tripadvisor.com/media/photo-o/1a/f6/e8/91/default-avatar-2020-62.jpg?w=100&h=-1&s=1,5.0 of 5 bubbles,Fantastic,495,Some 20 kms from Shimla the journey to this peak in itself is magnificent.  The peak offers amazing views and is surrounded with greenery,May 2017 • Family,,,,2024-03-02T17:38:48Z
Shaily Peak,"Shimla,Himachal Pradesh",g304552,d3705379,4.5,https://www.tripadvisor.com/ShowUserReviews-g304552-d3705379-r479969815-Shaily_Peak-Shimla_Shimla_District_Himachal_Pradesh.html,https://dynamic-media-cdn.tripadvisor.com/media/photo-o/1a/f6/f3/23/default-avatar-2020-28.jpg?w=100&h=-1&s=1,5.0 of 5 bubbles,Awesome,115,Shaily peak is beautiful place of Shimla. There we can see wonderful view of nature. Awesome place for everyone .must go,Jul 2016 • Couples,,,,2024-03-02T17:38:49Z
Shaily Peak,"Shimla,Himachal Pradesh",g304552,d3705379,4.5,https://www.tripadvisor.com/ShowUserReviews-g304552-d3705379-r380831240-Shaily_Peak-Shimla_Shimla_District_Himachal_Pradesh.html,https://dynamic-media-cdn.tripadvisor.com/media/photo-o/1a/f6/e4/a9/default-avatar-2020-50.jpg?w=100&h=-1&s=1,5.0 of 5 bubbles,Mesmerizing peak,91,"Only 20kms from simla, the journey to it is very thrilling..lots of greenery around and for trekkers it is amazing place.",Apr 2016 • Family,,,,2024-03-02T17:38:49Z
Shaily Peak,"Shimla,Himachal Pradesh",g304552,d3705379,4.5,https://www.tripadvisor.com/ShowUserReviews-g304552-d3705379-r378565108-Shaily_Peak-Shimla_Shimla_District_Himachal_Pradesh.html,https://dynamic-media-cdn.tripadvisor.com/media/photo-o/08/c1/8b/9c/tiger-k.jpg?w=100&h=-1&s=1,4.0 of 5 bubbles,lovely trail,146,"my life my feet my waya trip worth doing with friends rather than family but make sure that you can walk a lot then only will you enjoy the experience. two days are ideal for the trip, first day the road journey to khatnol and second day to the peak. winters would be cold so carry adequate clothing. do not attempt at night due wildlings.",Jul 2015 • Friends,,,,2024-03-02T17:38:49Z
Shaily Peak,"Shimla,Himachal Pradesh",g304552,d3705379,4.5,https://www.tripadvisor.com/ShowUserReviews-g304552-d3705379-r349614199-Shaily_Peak-Shimla_Shimla_District_Himachal_Pradesh.html,https://dynamic-media-cdn.tripadvisor.com/media/photo-o/09/a3/41/2a/ashesh-g.jpg?w=100&h=-1&s=1,4.0 of 5 bubbles,Nice trek...away from cacophony of Shimla ,118,"The trek route leads from some 2 kms from village khatnol. From Shimla, it takes around 2 and half hours to reach khatnol village. You should travel from Shimla to Mashobra and from Mashobra reach Baldeyan. A right curve to main road at Baldeyan will lead you to Village Khatnol. It will take around 1 to reach Khatnol from Baldeyan. From Khatnol...another 2 kms is Motorable. After that a trek of 4 hours( for slow trekkers) is remaining to reach the peak. You may choose shortcuts to curtail the trek. You must take water wid you as you wont find any place for food or water during the trek. If you start the trek by 10 or 11 AM, you can easily come down in the day night. But if you plan to stay there, go wid the sleeping bags and food. It is a one day trek provided you start it early and reach khatnol by 10 AM. Worth trying....",Feb 2016 • Friends,,,,2024-03-02T17:38:49Z
Shaily Peak,"Shimla,Himachal Pradesh",g304552,d3705379,4.5,https://www.tripadvisor.com/ShowUserReviews-g304552-d3705379-r323450863-Shaily_Peak-Shimla_Shimla_District_Himachal_Pradesh.html,https://dynamic-media-cdn.tripadvisor.com/media/photo-o/1a/f6/ef/73/default-avatar-2020-13.jpg?w=100&h=-1&s=1,4.0 of 5 bubbles,Trekking spot,135,It really feeds in energy when you reach there. Climbing up is great but carry your food as it may be difficult finding it in between.,Jul 2015 • Couples,,,,2024-03-02T17:38:49Z
Shaily Peak,"Shimla,Himachal Pradesh",g304552,d3705379,4.5,https://www.tripadvisor.com/ShowUserReviews-g304552-d3705379-r323448560-Shaily_Peak-Shimla_Shimla_District_Himachal_Pradesh.html,https://dynamic-media-cdn.tripadvisor.com/media/photo-o/1a/f6/e2/4a/default-avatar-2020-42.jpg?w=100&h=-1&s=1,4.0 of 5 bubbles,Good trek spot in the midst of nature,160,Provides lots of love to energy when you trek here or you can also hire pony to visit climb on the top.When you start to climb do carry your food as you may not find many good places to eat in between .,Sept 2015 • Business,,,,2024-03-02T17:38:49Z
Shaily Peak,"Shimla,Himachal Pradesh",g304552,d3705379,4.5,https://www.tripadvisor.com/ShowUserReviews-g304552-d3705379-r309154124-Shaily_Peak-Shimla_Shimla_District_Himachal_Pradesh.html,https://dynamic-media-cdn.tripadvisor.com/media/photo-o/1a/f6/e8/91/default-avatar-2020-62.jpg?w=100&h=-1&s=1,5.0 of 5 bubbles,Awesome attraction in naldehra,29,"it is 20 kms from naldehra, shaily peak is a popular attraction of this place.it is situated near to Mahakali Lake. For those who are unable to trek, there is a motorable track to reach the peak.",Nov 2014 • Friends,,,,2024-03-02T17:38:49Z
Shaily Peak,"Shimla,Himachal Pradesh",g304552,d3705379,4.5,https://www.tripadvisor.com/ShowUserReviews-g304552-d3705379-r305355376-Shaily_Peak-Shimla_Shimla_District_Himachal_Pradesh.html,https://dynamic-media-cdn.tripadvisor.com/media/photo-o/1a/f6/e7/3d/default-avatar-2020-55.jpg?w=100&h=-1&s=1,4.0 of 5 bubbles,Truly Awesome.,211,"Just come, atleast for once, is all I can say at first. Yes, it's a wonderful place to be. And trekking down here was an awesome experience of my life. I normally don't trek a lot. But then coming here and witnessing the amazing and beautiful view was just a breathtaking moment for me. I truly loved.Just come and witness this amazing view.",Mar 2015 • Friends,,,,2024-03-02T17:38:49Z
Shaily Peak,"Shimla,Himachal Pradesh",g304552,d3705379,4.5,https://www.tripadvisor.com/ShowUserReviews-g304552-d3705379-r303149138-Shaily_Peak-Shimla_Shimla_District_Himachal_Pradesh.html,https://dynamic-media-cdn.tripadvisor.com/media/photo-o/1a/f6/e7/3d/default-avatar-2020-55.jpg?w=100&h=-1&s=1,4.0 of 5 bubbles,Awesome view.. Loved it..,42,"I in Shimla with my family.. But only my elder son chose to accompany me here while my younger son and wife chose to stay at hotel.. And I must say that they truly missed something wonderful. The biggest regret I have is that we couldn't click the pictures as our camera's were discharged. But, then it was truly an awesome view.. Should come here..",Dec 2014 • Family,,,,2024-03-02T17:38:49Z
Shaily Peak,"Shimla,Himachal Pradesh",g304552,d3705379,4.5,https://www.tripadvisor.com/ShowUserReviews-g304552-d3705379-r286138456-Shaily_Peak-Shimla_Shimla_District_Himachal_Pradesh.html,https://dynamic-media-cdn.tripadvisor.com/media/photo-o/08/08/c2/fd/thehimalayansafari.jpg?w=100&h=-1&s=1,4.0 of 5 bubbles,"Adventure, Religious & Spiritual",74,"Shali is a panoramic place to visit , from Shimla you need to go to Khatnol , you may book a car rental or go by Bus.From Khatnol s",Nov 2014,,,,2024-03-02T17:38:49Z
Shaily Peak,"Shimla,Himachal Pradesh",g304552,d3705379,4.5,https://www.tripadvisor.com/ShowUserReviews-g304552-d3705379-r252542839-Shaily_Peak-Shimla_Shimla_District_Himachal_Pradesh.html,https://dynamic-media-cdn.tripadvisor.com/media/photo-o/09/d1/e1/24/saravananpushparajan.jpg?w=100&h=-1&s=1,5.0 of 5 bubbles,Shaily peak a point to view,153,Wonderful snow fall at the point with the himalayan base so memorable and enjoyable.  The snow fall I and My family at the southern end feels much.,Jan 2015 • Family,,,,2024-03-02T17:38:51Z
Shaily Peak,"Shimla,Himachal Pradesh",g304552,d3705379,4.5,https://www.tripadvisor.com/ShowUserReviews-g304552-d3705379-r251823509-Shaily_Peak-Shimla_Shimla_District_Himachal_Pradesh.html,https://dynamic-media-cdn.tripadvisor.com/media/photo-o/07/48/f0/bb/agupta260887.jpg?w=100&h=-1&s=1,4.0 of 5 bubbles,Long Trek !!,87,"Not for the light-hearted, this trek is only for people who have enough stamina to last a good couple of hours on the ascent. My advice is its only worth it if you are personally fit.",Jan 2015 • Couples,,,,2024-03-02T17:38:51Z
Shaily Peak,"Shimla,Himachal Pradesh",g304552,d3705379,4.5,https://www.tripadvisor.com/ShowUserReviews-g304552-d3705379-r246921665-Shaily_Peak-Shimla_Shimla_District_Himachal_Pradesh.html,https://dynamic-media-cdn.tripadvisor.com/media/photo-o/0a/da/34/5a/sulmukherjee.jpg?w=100&h=-1&s=1,5.0 of 5 bubbles,Not an easy trek but amazing view.,24,"We had to drive about two hours from Shimla to reach the foothills. After that, it was a 5 km trek.There was absolutely nobody else trekking, so it was incredibly lovely and quiet. Having said so, the five km up took us two and a half hours as the trail was very steep and the last two km were fully covered in a foot-deep snow. You need to be reasonably fit to climb, but the solitude and views are unbeatable.The view of the central Himalayan range from the peak was just incredible and impossible to describe in words. It made the climb worth it.The climb down took less than two hours, and we did one more small group on its way up when we were coming down.In summary, a must visit if you love trekking.One tip, if you go on a SUV (we went on a Scorpio,) you can take the car much further, about 2 km, then if you take a 2-wheel drive like an Innova.",Dec 2014 • Couples,,,,2024-03-02T17:38:51Z
Shaily Peak,"Shimla,Himachal Pradesh",g304552,d3705379,4.5,https://www.tripadvisor.com/ShowUserReviews-g304552-d3705379-r220613212-Shaily_Peak-Shimla_Shimla_District_Himachal_Pradesh.html,https://dynamic-media-cdn.tripadvisor.com/media/photo-o/06/08/dc/66/pushpendra-m.jpg?w=100&h=-1&s=1,4.0 of 5 bubbles,luxurious place,13,"i would like to inform to those people who wanna go for a luxury tour then they must go in shaily peak because there you can get lots of fun and enjoy.wow i would like to go there again with my family.love it.,......",Jul 2014 • Friends,,,,2024-03-02T17:38:51Z
Shaily Peak,"Shimla,Himachal Pradesh",g304552,d3705379,4.5,https://www.tripadvisor.com/ShowUserReviews-g304552-d3705379-r193728224-Shaily_Peak-Shimla_Shimla_District_Himachal_Pradesh.html,https://dynamic-media-cdn.tripadvisor.com/media/photo-o/1a/f6/f1/06/default-avatar-2020-18.jpg?w=100&h=-1&s=1,5.0 of 5 bubbles,Amazing peak,1,Brilliant! A three hour accent...awesome and stunning experience. Increased my stamina. I would definitely like to climb this peak again. Best for mountain climbing! Lovely.,Jan 2014 • Friends,,,,2024-03-02T17:38:51Z
Shaily Peak,"Shimla,Himachal Pradesh",g304552,d3705379,4.5,https://www.tripadvisor.com/ShowUserReviews-g304552-d3705379-r184298271-Shaily_Peak-Shimla_Shimla_District_Himachal_Pradesh.html,https://dynamic-media-cdn.tripadvisor.com/media/photo-o/1e/ab/ad/f0/shivee-s.jpg?w=100&h=-1&s=1,5.0 of 5 bubbles,A photographer's delight,204,"Shaily Tibba is a place best for people who love to walk, enjoy nature or ride bicycles. For a day trip, it is an awe inspiring place. You can get some food packed from home or a restaurant and enjoy a picnic with friends or family. The view from Shaily Tibba is juss too amazing. Don't forget to carry a camera, as you can click some best pictures here.",Aug 2013 • Friends,,,,2024-03-02T17:38:51Z
