"names","address","geo_id","hotel_id","rating","url","profile_image","review_score","review_heading","profile_contr","review_body","date_of_stay","company_responder","company_response","company_response_date","timestamp"
"Jakhu Ropeway","Shimla,Himachal Pradesh","g304552","d12914749","4.0","https://www.tripadvisor.com/ShowUserReviews-g304552-d12914749-r832585765-Jakhu_Ropeway-Shimla_Shimla_District_Himachal_Pradesh.html","https://dynamic-media-cdn.tripadvisor.com/media/photo-o/1a/f6/ed/ce/default-avatar-2020-7.jpg?w=100&h=-1&s=1","4.0 of 5 bubbles","Worth visiting whilst in Shimla",45,"Very easy way to get to see the temple and great views over Shimla. Didn’t need to queue or wait long. Cabin was clean and everything felt safe and well managed.","Mar 2022","","","","2024-03-02T17:47:01Z"
"Jakhu Ropeway","Shimla,Himachal Pradesh","g304552","d12914749","4.0","https://www.tripadvisor.com/ShowUserReviews-g304552-d12914749-r868224099-Jakhu_Ropeway-Shimla_Shimla_District_Himachal_Pradesh.html","https://dynamic-media-cdn.tripadvisor.com/media/photo-o/16/25/fe/33/anilrthakur.jpg?w=100&h=-1&s=1","3.0 of 5 bubbles","Seems forgotten about",935,"The ropeway/cable car is certainly not publicised.  I researched beforehand how to get to the monkey temple but saw no sign of it once in Shimla.  It is also off the beaten track and would have been hard to find on my own had the guide not known where it was.  There is a steep walk to the lift station and ticket booth.  A very disinterested person took my 550 rupees for adult return and left us to it.  Once out of the lift there is a small cafe area to wait - I use the term cafe very, very loosely as not much for sale and just a guy behind a table.  There is no clue as to when the next cable car is.  You just seem to wait and then move up the stairway when other people do or the cafe guy gives a grunt.  Same on the way back down,  All very disorganised.  There are quite good toilet facilities though and the cable ride is fast if a little expensive.","Nov 2022","","","","2024-03-02T17:47:01Z"
"Jakhu Ropeway","Shimla,Himachal Pradesh","g304552","d12914749","4.0","https://www.tripadvisor.com/ShowUserReviews-g304552-d12914749-r614665607-Jakhu_Ropeway-Shimla_Shimla_District_Himachal_Pradesh.html","https://dynamic-media-cdn.tripadvisor.com/media/photo-o/1a/f6/ec/3d/default-avatar-2020-1.jpg?w=100&h=-1&s=1","5.0 of 5 bubbles","Time Saving - Jakhu Ropeway ",13,"I always Prefer to Trekking instead of short cuts but this time I was short of time hence thought of choosing the Ropeway option and thank God for technology it took very less time and I have visited Jakhu.       I am not a big fan of these short cuts but if it would have not there I would have missed Jakhu Visit. Should try if you guys not do much if Trekking.b","Aug 2018","","","","2024-03-02T17:47:01Z"
"Jakhu Ropeway","Shimla,Himachal Pradesh","g304552","d12914749","4.0","https://www.tripadvisor.com/ShowUserReviews-g304552-d12914749-r780465452-Jakhu_Ropeway-Shimla_Shimla_District_Himachal_Pradesh.html","https://dynamic-media-cdn.tripadvisor.com/media/photo-o/09/e1/d4/69/vipul-a.jpg?w=100&h=-1&s=1","4.0 of 5 bubbles","I would call this as one time visit place.",237,"This is a good place for spiritual tourists visiting Shimla. You can reach it via cab, trolley or on walk. By cab: You have to walk for 20min uphill from ridge Church to reach taxi stand at jhakhu point or you can directly take the cab from your hotel costing you approx Rs600.By cable car; This will cost you Rs 550 single way per person and takes around 2.5 hrs to complete the visit.( this includes 15-30min waiting both ways) This is little bit expensive though experience is good.","Dec 2020","","","","2024-03-02T17:47:01Z"
"Jakhu Ropeway","Shimla,Himachal Pradesh","g304552","d12914749","4.0","https://www.tripadvisor.com/ShowUserReviews-g304552-d12914749-r733856270-Jakhu_Ropeway-Shimla_Shimla_District_Himachal_Pradesh.html","https://dynamic-media-cdn.tripadvisor.com/media/photo-o/15/f5/e3/c8/cintatravel2018.jpg?w=100&h=-1&s=1","4.0 of 5 bubbles","Jakhu ropeway",233,"This is a ropeway for reaching to Jakhu temple hill. One has to walk for 20 mins from mall road elevator to reach to the ropeway. The view from the ropeway is beautiful and enjoyable.","Dec 2019","","","","2024-03-02T17:47:01Z"
"Jakhu Ropeway","Shimla,Himachal Pradesh","g304552","d12914749","4.0","https://www.tripadvisor.com/ShowUserReviews-g304552-d12914749-r680935405-Jakhu_Ropeway-Shimla_Shimla_District_Himachal_Pradesh.html","https://dynamic-media-cdn.tripadvisor.com/media/photo-o/17/6a/94/1e/sy1-sunny.jpg?w=100&h=-1&s=1","3.0 of 5 bubbles","Great ride amidst poor service!",186,"Utter mismanagement of a beautiful and convenient facility by government officials has led to its losses. They are least bothered of promoting it for tourism, so much so, that we did not come across even one billboard or advert telling us about the availability and directions for ropeway. It was just a mere coincidence that a local person suggested us this option as an alternate to booking a taxi. When we reached there at 5.00 pm, the officials simply refused to provide us two-way ticket based on the fact that ropeway is about to be closed. I don't think they are interested in promoting tourism or getting business, they seem to be doing a sarkari 9-to-5 job and go home. The prices to seem to be a bit on the higher side with 300 per person for single ride and 550 per person for to-and-fro. No doubt that the view is amazing from here, that you reach in just 5 minutes at the temple (any taxi will take around an hour), that it is the safest and most convenient option to reach Jakhu temple. I just hope the government take notice of this review and make this option more visible and lucrative to the tourists.","Apr 2019","","","","2024-03-02T17:47:01Z"
"Jakhu Ropeway","Shimla,Himachal Pradesh","g304552","d12914749","4.0","https://www.tripadvisor.com/ShowUserReviews-g304552-d12914749-r613690861-Jakhu_Ropeway-Shimla_Shimla_District_Himachal_Pradesh.html","https://dynamic-media-cdn.tripadvisor.com/media/photo-o/1a/f6/ec/3d/default-avatar-2020-1.jpg?w=100&h=-1&s=1","3.0 of 5 bubbles","Pretty pricy for the short distance",3,"The cable car allows one to visit the Jakhoo Hill (Jakhoo Temple) from mall road, in a short 6 minute cable car ride. The price for a one way trip i think was about 300 rs per person, and two-way was about RS 550. Which is pretty steep considering that a taxi will take you about Rs 250 to go to the top, about RS 65 per person  (assuming you divide the taxi cost among the taxi passengers).  The views are nice, but definitely not worth the price.","Jul 2018","","","","2024-03-02T17:47:01Z"
"Jakhu Ropeway","Shimla,Himachal Pradesh","g304552","d12914749","4.0","https://www.tripadvisor.com/ShowUserReviews-g304552-d12914749-r554164892-Jakhu_Ropeway-Shimla_Shimla_District_Himachal_Pradesh.html","https://dynamic-media-cdn.tripadvisor.com/media/photo-o/1a/fe/9f/2d/paul-r.jpg?w=100&h=-1&s=1","4.0 of 5 bubbles","Good views of Shimla.",773,"Cable car ride to temple was in my view best part of the visit. Good views over the valley and Shimla.","Dec 2017","","","","2024-03-02T17:47:01Z"
"Jakhu Ropeway","Shimla,Himachal Pradesh","g304552","d12914749","4.0","https://www.tripadvisor.com/ShowUserReviews-g304552-d12914749-r822748003-Jakhu_Ropeway-Shimla_Shimla_District_Himachal_Pradesh.html","https://dynamic-media-cdn.tripadvisor.com/media/photo-o/1a/f6/f1/79/default-avatar-2020-21.jpg?w=100&h=-1&s=1","5.0 of 5 bubbles","One of the Best And highest Ropeways in India - Jakhu Ropeway Shimla ",942,"We had always gone to Jakhu Temple in Shimla via road, This time we wanted to try the Ropeway, The access to the Ropeway is through almost a 1 km upwards trek from The Ridge at Shimla, Once u reach the Ropeway building, u need to get your tickets and alight the lift to the 11th floor and go to the 12th floor for catching the flying cabins or the cable cars, The cable cars were neat and clean and safe and they locked perfectly, The glass on then was clear to take pictures of the valley or the cable cars above you. It takes about 5-7 mins to climb up and the the alight point is right next to the Jakhu Temple and very very high, The Ropeway authorities charges a fee of Rs. 550/- for a person return and it was worth the price, It’s a must do when in Shimla.","Dec 2021","","","","2024-03-02T17:47:01Z"
"Jakhu Ropeway","Shimla,Himachal Pradesh","g304552","d12914749","4.0","https://www.tripadvisor.com/ShowUserReviews-g304552-d12914749-r733208458-Jakhu_Ropeway-Shimla_Shimla_District_Himachal_Pradesh.html","https://dynamic-media-cdn.tripadvisor.com/media/photo-o/1a/f6/e4/a9/default-avatar-2020-50.jpg?w=100&h=-1&s=1","5.0 of 5 bubbles","nice experience but too costly",434,"A very nice experience but the two way journey was too costly. One must book one way and return through the stairs","Oct 2019","","","","2024-03-02T17:47:01Z"
"Jakhu Ropeway","Shimla,Himachal Pradesh","g304552","d12914749","4.0","https://www.tripadvisor.com/ShowUserReviews-g304552-d12914749-r926747150-Jakhu_Ropeway-Shimla_Shimla_District_Himachal_Pradesh.html","https://dynamic-media-cdn.tripadvisor.com/media/photo-o/1a/f6/ed/ce/default-avatar-2020-7.jpg?w=100&h=-1&s=1","4.0 of 5 bubbles","I would call this as one time visit place.",81,"Very easy way to get to see the temple and great views over Shimla. Didn’t need to queue or wait long. Cabin was clean and everything felt safe and well managed.","Mar 2022","","","","2024-03-02T17:47:03Z"
"Jakhu Ropeway","Shimla,Himachal Pradesh","g304552","d12914749","4.0","https://www.tripadvisor.com/ShowUserReviews-g304552-d12914749-r893932939-Jakhu_Ropeway-Shimla_Shimla_District_Himachal_Pradesh.html","https://dynamic-media-cdn.tripadvisor.com/media/photo-o/16/25/fe/33/anilrthakur.jpg?w=100&h=-1&s=1","5.0 of 5 bubbles","Time Saving - Jakhu Ropeway ",791,"The ropeway/cable car is certainly not publicised.  I researched beforehand how to get to the monkey temple but saw no sign of it once in Shimla.  It is also off the beaten track and would have been hard to find on my own had the guide not known where it was.  There is a steep walk to the lift station and ticket booth.  A very disinterested person took my 550 rupees for adult return and left us to it.  Once out of the lift there is a small cafe area to wait - I use the term cafe very, very loosely as not much for sale and just a guy behind a table.  There is no clue as to when the next cable car is.  You just seem to wait and then move up the stairway when other people do or the cafe guy gives a grunt.  Same on the way back down,  All very disorganised.  There are quite good toilet facilities though and the cable ride is fast if a little expensive.","Nov 2022","","","","2024-03-02T17:47:03Z"
"Jakhu Ropeway","Shimla,Himachal Pradesh","g304552","d12914749","4.0","https://www.tripadvisor.com/ShowUserReviews-g304552-d12914749-r868224099-Jakhu_Ropeway-Shimla_Shimla_District_Himachal_Pradesh.html","https://dynamic-media-cdn.tripadvisor.com/media/photo-o/1a/f6/ec/3d/default-avatar-2020-1.jpg?w=100&h=-1&s=1","2.0 of 5 bubbles","Poor service; exorbitant price",935,"I always Prefer to Trekking instead of short cuts but this time I was short of time hence thought of choosing the Ropeway option and thank God for technology it took very less time and I have visited Jakhu.       I am not a big fan of these short cuts but if it would have not there I would have missed Jakhu Visit. Should try if you guys not do much if Trekking.b","Aug 2018","","","","2024-03-02T17:47:03Z"
"Jakhu Ropeway","Shimla,Himachal Pradesh","g304552","d12914749","4.0","https://www.tripadvisor.com/ShowUserReviews-g304552-d12914749-r832585765-Jakhu_Ropeway-Shimla_Shimla_District_Himachal_Pradesh.html","https://dynamic-media-cdn.tripadvisor.com/media/photo-o/09/e1/d4/69/vipul-a.jpg?w=100&h=-1&s=1","3.0 of 5 bubbles","Great ride amidst poor service!",45,"This is a good place for spiritual tourists visiting Shimla. You can reach it via cab, trolley or on walk. By cab: You have to walk for 20min uphill from ridge Church to reach taxi stand at jhakhu point or you can directly take the cab from your hotel costing you approx Rs600.By cable car; This will cost you Rs 550 single way per person and takes around 2.5 hrs to complete the visit.( this includes 15-30min waiting both ways) This is little bit expensive though experience is good.","Dec 2020","","","","2024-03-02T17:47:03Z"
"Jakhu Ropeway","Shimla,Himachal Pradesh","g304552","d12914749","4.0","https://www.tripadvisor.com/ShowUserReviews-g304552-d12914749-r822748003-Jakhu_Ropeway-Shimla_Shimla_District_Himachal_Pradesh.html","https://dynamic-media-cdn.tripadvisor.com/media/photo-o/15/f5/e3/c8/cintatravel2018.jpg?w=100&h=-1&s=1","5.0 of 5 bubbles","easy acvess to hanuman statue",942,"This is a ropeway for reaching to Jakhu temple hill. One has to walk for 20 mins from mall road elevator to reach to the ropeway. The view from the ropeway is beautiful and enjoyable.","Dec 2019","","","","2024-03-02T17:47:03Z"
"Jakhu Ropeway","Shimla,Himachal Pradesh","g304552","d12914749","4.0","https://www.tripadvisor.com/ShowUserReviews-g304552-d12914749-r780465452-Jakhu_Ropeway-Shimla_Shimla_District_Himachal_Pradesh.html","https://dynamic-media-cdn.tripadvisor.com/media/photo-o/17/6a/94/1e/sy1-sunny.jpg?w=100&h=-1&s=1","4.0 of 5 bubbles","Shimla""s only cable car",237,"Utter mismanagement of a beautiful and convenient facility by government officials has led to its losses. They are least bothered of promoting it for tourism, so much so, that we did not come across even one billboard or advert telling us about the availability and directions for ropeway. It was just a mere coincidence that a local person suggested us this option as an alternate to booking a taxi. When we reached there at 5.00 pm, the officials simply refused to provide us two-way ticket based on the fact that ropeway is about to be closed. I don't think they are interested in promoting tourism or getting business, they seem to be doing a sarkari 9-to-5 job and go home. The prices to seem to be a bit on the higher side with 300 per person for single ride and 550 per person for to-and-fro. No doubt that the view is amazing from here, that you reach in just 5 minutes at the temple (any taxi will take around an hour), that it is the safest and most convenient option to reach Jakhu temple. I just hope the government take notice of this review and make this option more visible and lucrative to the tourists.","Apr 2019","","","","2024-03-02T17:47:03Z"
"Jakhu Ropeway","Shimla,Himachal Pradesh","g304552","d12914749","4.0","https://www.tripadvisor.com/ShowUserReviews-g304552-d12914749-r751617502-Jakhu_Ropeway-Shimla_Shimla_District_Himachal_Pradesh.html","https://dynamic-media-cdn.tripadvisor.com/media/photo-o/1a/f6/ec/3d/default-avatar-2020-1.jpg?w=100&h=-1&s=1","4.0 of 5 bubbles","Easy way to visit Jakhu",756,"The cable car allows one to visit the Jakhoo Hill (Jakhoo Temple) from mall road, in a short 6 minute cable car ride. The price for a one way trip i think was about 300 rs per person, and two-way was about RS 550. Which is pretty steep considering that a taxi will take you about Rs 250 to go to the top, about RS 65 per person  (assuming you divide the taxi cost among the taxi passengers).  The views are nice, but definitely not worth the price.","Jul 2018","","","","2024-03-02T17:47:03Z"
"Jakhu Ropeway","Shimla,Himachal Pradesh","g304552","d12914749","4.0","https://www.tripadvisor.com/ShowUserReviews-g304552-d12914749-r750940858-Jakhu_Ropeway-Shimla_Shimla_District_Himachal_Pradesh.html","https://dynamic-media-cdn.tripadvisor.com/media/photo-o/1a/fe/9f/2d/paul-r.jpg?w=100&h=-1&s=1","3.0 of 5 bubbles","An easy way to descend",60,"Cable car ride to temple was in my view best part of the visit. Good views over the valley and Shimla.","Dec 2017","","","","2024-03-02T17:47:03Z"
"Jakhu Ropeway","Shimla,Himachal Pradesh","g304552","d12914749","4.0","https://www.tripadvisor.com/ShowUserReviews-g304552-d12914749-r743304959-Jakhu_Ropeway-Shimla_Shimla_District_Himachal_Pradesh.html","https://dynamic-media-cdn.tripadvisor.com/media/photo-o/1a/f6/f1/79/default-avatar-2020-21.jpg?w=100&h=-1&s=1","4.0 of 5 bubbles","Jakhu ropeway",562,"We had always gone to Jakhu Temple in Shimla via road, This time we wanted to try the Ropeway, The access to the Ropeway is through almost a 1 km upwards trek from The Ridge at Shimla, Once u reach the Ropeway building, u need to get your tickets and alight the lift to the 11th floor and go to the 12th floor for catching the flying cabins or the cable cars, The cable cars were neat and clean and safe and they locked perfectly, The glass on then was clear to take pictures of the valley or the cable cars above you. It takes about 5-7 mins to climb up and the the alight point is right next to the Jakhu Temple and very very high, The Ropeway authorities charges a fee of Rs. 550/- for a person return and it was worth the price, It’s a must do when in Shimla.","Dec 2021","","","","2024-03-02T17:47:03Z"
"Jakhu Ropeway","Shimla,Himachal Pradesh","g304552","d12914749","4.0","https://www.tripadvisor.com/ShowUserReviews-g304552-d12914749-r740566192-Jakhu_Ropeway-Shimla_Shimla_District_Himachal_Pradesh.html","https://dynamic-media-cdn.tripadvisor.com/media/photo-o/1a/f6/e4/a9/default-avatar-2020-50.jpg?w=100&h=-1&s=1","5.0 of 5 bubbles","nice",55,"A very nice experience but the two way journey was too costly. One must book one way and return through the stairs","Oct 2019","","","","2024-03-02T17:47:03Z"
"Jakhu Ropeway","Shimla,Himachal Pradesh","g304552","d12914749","4.0","https://www.tripadvisor.com/ShowUserReviews-g304552-d12914749-r832585765-Jakhu_Ropeway-Shimla_Shimla_District_Himachal_Pradesh.html","https://dynamic-media-cdn.tripadvisor.com/media/photo-o/1a/f6/f4/d0/default-avatar-2020-33.jpg?w=100&h=-1&s=1","4.0 of 5 bubbles","I would call this as one time visit place.",45,"Very easy way to get to see the temple and great views over Shimla. Didn’t need to queue or wait long. Cabin was clean and everything felt safe and well managed.","Nov 2023","","","","2024-03-02T17:47:04Z"
"Jakhu Ropeway","Shimla,Himachal Pradesh","g304552","d12914749","4.0","https://www.tripadvisor.com/ShowUserReviews-g304552-d12914749-r868224099-Jakhu_Ropeway-Shimla_Shimla_District_Himachal_Pradesh.html","https://dynamic-media-cdn.tripadvisor.com/media/photo-o/1a/f6/e8/5b/default-avatar-2020-61.jpg?w=100&h=-1&s=1","5.0 of 5 bubbles","Time Saving - Jakhu Ropeway ",935,"The ropeway/cable car is certainly not publicised.  I researched beforehand how to get to the monkey temple but saw no sign of it once in Shimla.  It is also off the beaten track and would have been hard to find on my own had the guide not known where it was.  There is a steep walk to the lift station and ticket booth.  A very disinterested person took my 550 rupees for adult return and left us to it.  Once out of the lift there is a small cafe area to wait - I use the term cafe very, very loosely as not much for sale and just a guy behind a table.  There is no clue as to when the next cable car is.  You just seem to wait and then move up the stairway when other people do or the cafe guy gives a grunt.  Same on the way back down,  All very disorganised.  There are quite good toilet facilities though and the cable ride is fast if a little expensive.","Nov 2022","","","","2024-03-02T17:47:04Z"
"Jakhu Ropeway","Shimla,Himachal Pradesh","g304552","d12914749","4.0","https://www.tripadvisor.com/ShowUserReviews-g304552-d12914749-r614665607-Jakhu_Ropeway-Shimla_Shimla_District_Himachal_Pradesh.html","https://dynamic-media-cdn.tripadvisor.com/media/photo-o/16/25/fe/33/anilrthakur.jpg?w=100&h=-1&s=1","2.0 of 5 bubbles","Poor service; exorbitant price",13,"I always Prefer to Trekking instead of short cuts but this time I was short of time hence thought of choosing the Ropeway option and thank God for technology it took very less time and I have visited Jakhu.       I am not a big fan of these short cuts but if it would have not there I would have missed Jakhu Visit. Should try if you guys not do much if Trekking.b","Nov 2022","","","","2024-03-02T17:47:04Z"
"Jakhu Ropeway","Shimla,Himachal Pradesh","g304552","d12914749","4.0","https://www.tripadvisor.com/ShowUserReviews-g304552-d12914749-r780465452-Jakhu_Ropeway-Shimla_Shimla_District_Himachal_Pradesh.html","https://dynamic-media-cdn.tripadvisor.com/media/photo-o/1a/f6/ed/ce/default-avatar-2020-7.jpg?w=100&h=-1&s=1","3.0 of 5 bubbles","Great ride amidst poor service!",237,"This is a good place for spiritual tourists visiting Shimla. You can reach it via cab, trolley or on walk. By cab: You have to walk for 20min uphill from ridge Church to reach taxi stand at jhakhu point or you can directly take the cab from your hotel costing you approx Rs600.By cable car; This will cost you Rs 550 single way per person and takes around 2.5 hrs to complete the visit.( this includes 15-30min waiting both ways) This is little bit expensive though experience is good.","Mar 2022","","","","2024-03-02T17:47:04Z"
"Jakhu Ropeway","Shimla,Himachal Pradesh","g304552","d12914749","4.0","https://www.tripadvisor.com/ShowUserReviews-g304552-d12914749-r733856270-Jakhu_Ropeway-Shimla_Shimla_District_Himachal_Pradesh.html","https://dynamic-media-cdn.tripadvisor.com/media/photo-o/1a/f6/f1/79/default-avatar-2020-21.jpg?w=100&h=-1&s=1","5.0 of 5 bubbles","easy acvess to hanuman statue",233,"This is a ropeway for reaching to Jakhu temple hill. One has to walk for 20 mins from mall road elevator to reach to the ropeway. The view from the ropeway is beautiful and enjoyable.","Dec 2021","","","","2024-03-02T17:47:04Z"
"Jakhu Ropeway","Shimla,Himachal Pradesh","g304552","d12914749","4.0","https://www.tripadvisor.com/ShowUserReviews-g304552-d12914749-r680935405-Jakhu_Ropeway-Shimla_Shimla_District_Himachal_Pradesh.html","https://dynamic-media-cdn.tripadvisor.com/media/photo-o/09/e1/d4/69/vipul-a.jpg?w=100&h=-1&s=1","4.0 of 5 bubbles","Shimla""s only cable car",186,"Utter mismanagement of a beautiful and convenient facility by government officials has led to its losses. They are least bothered of promoting it for tourism, so much so, that we did not come across even one billboard or advert telling us about the availability and directions for ropeway. It was just a mere coincidence that a local person suggested us this option as an alternate to booking a taxi. When we reached there at 5.00 pm, the officials simply refused to provide us two-way ticket based on the fact that ropeway is about to be closed. I don't think they are interested in promoting tourism or getting business, they seem to be doing a sarkari 9-to-5 job and go home. The prices to seem to be a bit on the higher side with 300 per person for single ride and 550 per person for to-and-fro. No doubt that the view is amazing from here, that you reach in just 5 minutes at the temple (any taxi will take around an hour), that it is the safest and most convenient option to reach Jakhu temple. I just hope the government take notice of this review and make this option more visible and lucrative to the tourists.","Dec 2020","","","","2024-03-02T17:47:04Z"
"Jakhu Ropeway","Shimla,Himachal Pradesh","g304552","d12914749","4.0","https://www.tripadvisor.com/ShowUserReviews-g304552-d12914749-r613690861-Jakhu_Ropeway-Shimla_Shimla_District_Himachal_Pradesh.html","https://dynamic-media-cdn.tripadvisor.com/media/photo-o/0f/8a/25/b4/nafeeta.jpg?w=100&h=-1&s=1","4.0 of 5 bubbles","Easy way to visit Jakhu",3,"The cable car allows one to visit the Jakhoo Hill (Jakhoo Temple) from mall road, in a short 6 minute cable car ride. The price for a one way trip i think was about 300 rs per person, and two-way was about RS 550. Which is pretty steep considering that a taxi will take you about Rs 250 to go to the top, about RS 65 per person  (assuming you divide the taxi cost among the taxi passengers).  The views are nice, but definitely not worth the price.","Jan 2020","","","","2024-03-02T17:47:04Z"
"Jakhu Ropeway","Shimla,Himachal Pradesh","g304552","d12914749","4.0","https://www.tripadvisor.com/ShowUserReviews-g304552-d12914749-r554164892-Jakhu_Ropeway-Shimla_Shimla_District_Himachal_Pradesh.html","https://dynamic-media-cdn.tripadvisor.com/media/photo-o/09/f5/9a/28/sharmer1.jpg?w=100&h=-1&s=1","3.0 of 5 bubbles","An easy way to descend",773,"Cable car ride to temple was in my view best part of the visit. Good views over the valley and Shimla.","Mar 2020","","","","2024-03-02T17:47:04Z"
"Jakhu Ropeway","Shimla,Himachal Pradesh","g304552","d12914749","4.0","https://www.tripadvisor.com/ShowUserReviews-g304552-d12914749-r822748003-Jakhu_Ropeway-Shimla_Shimla_District_Himachal_Pradesh.html","https://dynamic-media-cdn.tripadvisor.com/media/photo-o/1b/fa/fe/a5/caption.jpg?w=100&h=-1&s=1","4.0 of 5 bubbles","Jakhu ropeway",942,"We had always gone to Jakhu Temple in Shimla via road, This time we wanted to try the Ropeway, The access to the Ropeway is through almost a 1 km upwards trek from The Ridge at Shimla, Once u reach the Ropeway building, u need to get your tickets and alight the lift to the 11th floor and go to the 12th floor for catching the flying cabins or the cable cars, The cable cars were neat and clean and safe and they locked perfectly, The glass on then was clear to take pictures of the valley or the cable cars above you. It takes about 5-7 mins to climb up and the the alight point is right next to the Jakhu Temple and very very high, The Ropeway authorities charges a fee of Rs. 550/- for a person return and it was worth the price, It’s a must do when in Shimla.","Feb 2020","","","","2024-03-02T17:47:04Z"
"Jakhu Ropeway","Shimla,Himachal Pradesh","g304552","d12914749","4.0","https://www.tripadvisor.com/ShowUserReviews-g304552-d12914749-r733208458-Jakhu_Ropeway-Shimla_Shimla_District_Himachal_Pradesh.html","https://dynamic-media-cdn.tripadvisor.com/media/photo-o/15/e9/fa/96/ravi-s.jpg?w=100&h=-1&s=1","5.0 of 5 bubbles","nice",434,"A very nice experience but the two way journey was too costly. One must book one way and return through the stairs","Feb 2019","","","","2024-03-02T17:47:04Z"
"Jakhu Ropeway","Shimla,Himachal Pradesh","g304552","d12914749","4.0","https://www.tripadvisor.com/ShowUserReviews-g304552-d12914749-r926747150-Jakhu_Ropeway-Shimla_Shimla_District_Himachal_Pradesh.html","https://dynamic-media-cdn.tripadvisor.com/media/photo-o/1a/f6/f4/d0/default-avatar-2020-33.jpg?w=100&h=-1&s=1","4.0 of 5 bubbles","I would call this as one time visit place.",45,"Very easy way to get to see the temple and great views over Shimla. Didn’t need to queue or wait long. Cabin was clean and everything felt safe and well managed.","Mar 2022","","","","2024-03-02T17:47:06Z"
"Jakhu Ropeway","Shimla,Himachal Pradesh","g304552","d12914749","4.0","https://www.tripadvisor.com/ShowUserReviews-g304552-d12914749-r893932939-Jakhu_Ropeway-Shimla_Shimla_District_Himachal_Pradesh.html","https://dynamic-media-cdn.tripadvisor.com/media/photo-o/1a/f6/e8/5b/default-avatar-2020-61.jpg?w=100&h=-1&s=1","3.0 of 5 bubbles","Time Saving - Jakhu Ropeway ",935,"The ropeway/cable car is certainly not publicised.  I researched beforehand how to get to the monkey temple but saw no sign of it once in Shimla.  It is also off the beaten track and would have been hard to find on my own had the guide not known where it was.  There is a steep walk to the lift station and ticket booth.  A very disinterested person took my 550 rupees for adult return and left us to it.  Once out of the lift there is a small cafe area to wait - I use the term cafe very, very loosely as not much for sale and just a guy behind a table.  There is no clue as to when the next cable car is.  You just seem to wait and then move up the stairway when other people do or the cafe guy gives a grunt.  Same on the way back down,  All very disorganised.  There are quite good toilet facilities though and the cable ride is fast if a little expensive.","Nov 2022","","","","2024-03-02T17:47:06Z"
"Jakhu Ropeway","Shimla,Himachal Pradesh","g304552","d12914749","4.0","https://www.tripadvisor.com/ShowUserReviews-g304552-d12914749-r868224099-Jakhu_Ropeway-Shimla_Shimla_District_Himachal_Pradesh.html","https://dynamic-media-cdn.tripadvisor.com/media/photo-o/16/25/fe/33/anilrthakur.jpg?w=100&h=-1&s=1","5.0 of 5 bubbles","Poor service; exorbitant price",13,"I always Prefer to Trekking instead of short cuts but this time I was short of time hence thought of choosing the Ropeway option and thank God for technology it took very less time and I have visited Jakhu.       I am not a big fan of these short cuts but if it would have not there I would have missed Jakhu Visit. Should try if you guys not do much if Trekking.b","Aug 2018","","","","2024-03-02T17:47:06Z"
"Jakhu Ropeway","Shimla,Himachal Pradesh","g304552","d12914749","4.0","https://www.tripadvisor.com/ShowUserReviews-g304552-d12914749-r832585765-Jakhu_Ropeway-Shimla_Shimla_District_Himachal_Pradesh.html","https://dynamic-media-cdn.tripadvisor.com/media/photo-o/1a/f6/ed/ce/default-avatar-2020-7.jpg?w=100&h=-1&s=1","4.0 of 5 bubbles","Great ride amidst poor service!",237,"This is a good place for spiritual tourists visiting Shimla. You can reach it via cab, trolley or on walk. By cab: You have to walk for 20min uphill from ridge Church to reach taxi stand at jhakhu point or you can directly take the cab from your hotel costing you approx Rs600.By cable car; This will cost you Rs 550 single way per person and takes around 2.5 hrs to complete the visit.( this includes 15-30min waiting both ways) This is little bit expensive though experience is good.","Dec 2020","","","","2024-03-02T17:47:06Z"
"Jakhu Ropeway","Shimla,Himachal Pradesh","g304552","d12914749","4.0","https://www.tripadvisor.com/ShowUserReviews-g304552-d12914749-r822748003-Jakhu_Ropeway-Shimla_Shimla_District_Himachal_Pradesh.html","https://dynamic-media-cdn.tripadvisor.com/media/photo-o/1a/f6/f1/79/default-avatar-2020-21.jpg?w=100&h=-1&s=1","4.0 of 5 bubbles","easy acvess to hanuman statue",233,"This is a ropeway for reaching to Jakhu temple hill. One has to walk for 20 mins from mall road elevator to reach to the ropeway. The view from the ropeway is beautiful and enjoyable.","Dec 2019","","","","2024-03-02T17:47:06Z"
"Jakhu Ropeway","Shimla,Himachal Pradesh","g304552","d12914749","4.0","https://www.tripadvisor.com/ShowUserReviews-g304552-d12914749-r780465452-Jakhu_Ropeway-Shimla_Shimla_District_Himachal_Pradesh.html","https://dynamic-media-cdn.tripadvisor.com/media/photo-o/09/e1/d4/69/vipul-a.jpg?w=100&h=-1&s=1","3.0 of 5 bubbles","Shimla""s only cable car",186,"Utter mismanagement of a beautiful and convenient facility by government officials has led to its losses. They are least bothered of promoting it for tourism, so much so, that we did not come across even one billboard or advert telling us about the availability and directions for ropeway. It was just a mere coincidence that a local person suggested us this option as an alternate to booking a taxi. When we reached there at 5.00 pm, the officials simply refused to provide us two-way ticket based on the fact that ropeway is about to be closed. I don't think they are interested in promoting tourism or getting business, they seem to be doing a sarkari 9-to-5 job and go home. The prices to seem to be a bit on the higher side with 300 per person for single ride and 550 per person for to-and-fro. No doubt that the view is amazing from here, that you reach in just 5 minutes at the temple (any taxi will take around an hour), that it is the safest and most convenient option to reach Jakhu temple. I just hope the government take notice of this review and make this option more visible and lucrative to the tourists.","Apr 2019","","","","2024-03-02T17:47:06Z"
"Jakhu Ropeway","Shimla,Himachal Pradesh","g304552","d12914749","4.0","https://www.tripadvisor.com/ShowUserReviews-g304552-d12914749-r751617502-Jakhu_Ropeway-Shimla_Shimla_District_Himachal_Pradesh.html","https://dynamic-media-cdn.tripadvisor.com/media/photo-o/0f/8a/25/b4/nafeeta.jpg?w=100&h=-1&s=1","3.0 of 5 bubbles","Easy way to visit Jakhu",3,"The cable car allows one to visit the Jakhoo Hill (Jakhoo Temple) from mall road, in a short 6 minute cable car ride. The price for a one way trip i think was about 300 rs per person, and two-way was about RS 550. Which is pretty steep considering that a taxi will take you about Rs 250 to go to the top, about RS 65 per person  (assuming you divide the taxi cost among the taxi passengers).  The views are nice, but definitely not worth the price.","Jul 2018","","","","2024-03-02T17:47:06Z"
"Jakhu Ropeway","Shimla,Himachal Pradesh","g304552","d12914749","4.0","https://www.tripadvisor.com/ShowUserReviews-g304552-d12914749-r750940858-Jakhu_Ropeway-Shimla_Shimla_District_Himachal_Pradesh.html","https://dynamic-media-cdn.tripadvisor.com/media/photo-o/09/f5/9a/28/sharmer1.jpg?w=100&h=-1&s=1","4.0 of 5 bubbles","An easy way to descend",773,"Cable car ride to temple was in my view best part of the visit. Good views over the valley and Shimla.","Dec 2017","","","","2024-03-02T17:47:06Z"
"Jakhu Ropeway","Shimla,Himachal Pradesh","g304552","d12914749","4.0","https://www.tripadvisor.com/ShowUserReviews-g304552-d12914749-r743304959-Jakhu_Ropeway-Shimla_Shimla_District_Himachal_Pradesh.html","https://dynamic-media-cdn.tripadvisor.com/media/photo-o/1b/fa/fe/a5/caption.jpg?w=100&h=-1&s=1","5.0 of 5 bubbles","Jakhu ropeway",942,"We had always gone to Jakhu Temple in Shimla via road, This time we wanted to try the Ropeway, The access to the Ropeway is through almost a 1 km upwards trek from The Ridge at Shimla, Once u reach the Ropeway building, u need to get your tickets and alight the lift to the 11th floor and go to the 12th floor for catching the flying cabins or the cable cars, The cable cars were neat and clean and safe and they locked perfectly, The glass on then was clear to take pictures of the valley or the cable cars above you. It takes about 5-7 mins to climb up and the the alight point is right next to the Jakhu Temple and very very high, The Ropeway authorities charges a fee of Rs. 550/- for a person return and it was worth the price, It’s a must do when in Shimla.","Dec 2021","","","","2024-03-02T17:47:06Z"
"Jakhu Ropeway","Shimla,Himachal Pradesh","g304552","d12914749","4.0","https://www.tripadvisor.com/ShowUserReviews-g304552-d12914749-r740566192-Jakhu_Ropeway-Shimla_Shimla_District_Himachal_Pradesh.html","https://dynamic-media-cdn.tripadvisor.com/media/photo-o/15/e9/fa/96/ravi-s.jpg?w=100&h=-1&s=1","5.0 of 5 bubbles","nice",434,"A very nice experience but the two way journey was too costly. One must book one way and return through the stairs","Oct 2019","","","","2024-03-02T17:47:06Z"
