"names","address","geo_id","hotel_id","rating","url","profile_image","review_score","review_heading","profile_contr","review_body","date_of_stay","company_responder","company_response","company_response_date","timestamp"
"Himachal State Museum","Shimla,Himachal Pradesh","g304552","d3912805","4.0","https://www.tripadvisor.com/ShowUserReviews-g304552-d3912805-r899341267-Himachal_State_Museum-Shimla_Shimla_District_Himachal_Pradesh.html","https://dynamic-media-cdn.tripadvisor.com/media/photo-o/0b/19/cd/d1/madhulika-l.jpg?w=100&h=-1&s=1","3.0 of 5 bubbles","Small but interesting collection",4,"The Himachal Pradesh State Museum houses a collection of various types of art and heritage, both from within and outside Himachal. The galleries spread across two floors. These include ancient stone carvings; masks; Himachali traditional clothing and jewellery; prehistoric artefacts (arrowheads, plus a little insight into the Suketi Fossil Park); numismatics; Buddhist art; contemporary art; and galleries dedicated to the Indian military. For me, the most interesting galleries were the ones on miniature painting (the Kangra school, in particular, though there are also some fine examples of Punjabi and Rajasthani art); Chamba rumaals; and the beautifully carved wooden pieces on the ground floor. The stone sculptures, from across India (though they also include Himachali artefacts) are also very impressive.Tickets cost Rs 50 per adult and Rs 30 per adult. Camera charges are extra, and also include phone cameras: you have to pay Rs 100 for this.","Jun 2023","","","","2024-03-02T17:52:12Z"
"Himachal State Museum","Shimla,Himachal Pradesh","g304552","d3912805","4.0","https://www.tripadvisor.com/ShowUserReviews-g304552-d3912805-r891148711-Himachal_State_Museum-Shimla_Shimla_District_Himachal_Pradesh.html","https://dynamic-media-cdn.tripadvisor.com/media/photo-o/04/c5/34/b7/andrew-d.jpg?w=100&h=-1&s=1","3.0 of 5 bubbles","Heavy on sculptures and paintings",398,"Relatively small museum with various collections of clothing, army uniforms, local jewellery, sculptures, weaponry and many paintings and embroideries.  It seemed a bit of a strange mix but then I didn't have any sort of guide to assist me in understanding the exhibits and information was limited as you walked round.  Pleasant enough but not a must do experience.  There was also a 200 rupee charge for using a camera (even a phone camera).","Nov 2022","","","","2024-03-02T17:52:12Z"
"Himachal State Museum","Shimla,Himachal Pradesh","g304552","d3912805","4.0","https://www.tripadvisor.com/ShowUserReviews-g304552-d3912805-r616490970-Himachal_State_Museum-Shimla_Shimla_District_Himachal_Pradesh.html","https://dynamic-media-cdn.tripadvisor.com/media/photo-o/12/cb/bd/24/sachin-k.jpg?w=100&h=-1&s=1","5.0 of 5 bubbles","The Best Museum of State",90,"I was expecting something educational to introduce the various customs and ways of life of the differrent Himachali tribes. Instead, I got a relatively small museum heavy in sculptures and paintings, as well as archaeological digging. Nice, but not essential.","May 2023","","","","2024-03-02T17:52:12Z"
"Himachal State Museum","Shimla,Himachal Pradesh","g304552","d3912805","4.0","https://www.tripadvisor.com/ShowUserReviews-g304552-d3912805-r259397595-Himachal_State_Museum-Shimla_Shimla_District_Himachal_Pradesh.html","https://dynamic-media-cdn.tripadvisor.com/media/photo-o/18/09/3f/45/avatar.jpg?w=100&h=-1&s=1","5.0 of 5 bubbles","Superb !",194,"It is must visit museum for art lovers. It is reasonably big and  requires more than one hour. Different art and craft works of Himachal are placed there.","May 2022","","","","2024-03-02T17:52:12Z"
"Himachal State Museum","Shimla,Himachal Pradesh","g304552","d3912805","4.0","https://www.tripadvisor.com/ShowUserReviews-g304552-d3912805-r255912270-Himachal_State_Museum-Shimla_Shimla_District_Himachal_Pradesh.html","https://dynamic-media-cdn.tripadvisor.com/media/photo-o/17/02/6d/da/l0wkey.jpg?w=100&h=-1&s=1","4.0 of 5 bubbles","Underdog of attractions in Shimla",2,"The state museum shimla is a best historical and archeological place to visit Consists of many tools and weapons of historic era Collection of tools used by early men Coins of post Gupta period And many more to see","Jun 2022","","","","2024-03-02T17:52:12Z"
"Himachal State Museum","Shimla,Himachal Pradesh","g304552","d3912805","4.0","https://www.tripadvisor.com/ShowUserReviews-g304552-d3912805-r562854252-Himachal_State_Museum-Shimla_Shimla_District_Himachal_Pradesh.html","https://dynamic-media-cdn.tripadvisor.com/media/photo-o/12/2a/43/4f/jaiswalashish.jpg?w=100&h=-1&s=1","5.0 of 5 bubbles","Good place to spend some time and must visit for history lovers and patriots.",77,"I have been to better museums, this one is quite eclectic but ok. If you have time to kill before a train then this is a good place to visit as you can leave your bag at reception but if you only have limited time in Shimla you wouldn't be missing much if you gave this place a miss","Apr 2022","","","","2024-03-02T17:52:12Z"
"Himachal State Museum","Shimla,Himachal Pradesh","g304552","d3912805","4.0","https://www.tripadvisor.com/ShowUserReviews-g304552-d3912805-r261024698-Himachal_State_Museum-Shimla_Shimla_District_Himachal_Pradesh.html","https://dynamic-media-cdn.tripadvisor.com/media/photo-o/1a/f6/e2/81/default-avatar-2020-43.jpg?w=100&h=-1&s=1","3.0 of 5 bubbles","mixed review part good parts poor",39,"This place sums up the entire Himachal state very beautifully as it gives a very good glimpse of the diverse state of Himachal. Must visit","Jan 2020","","","","2024-03-02T17:52:12Z"
"Himachal State Museum","Shimla,Himachal Pradesh","g304552","d3912805","4.0","https://www.tripadvisor.com/ShowUserReviews-g304552-d3912805-r239744753-Himachal_State_Museum-Shimla_Shimla_District_Himachal_Pradesh.html","https://dynamic-media-cdn.tripadvisor.com/media/photo-o/1a/f6/f4/5d/default-avatar-2020-32.jpg?w=100&h=-1&s=1","5.0 of 5 bubbles","excellent",0,"Several themed rooms that detail the history of the area.from prehistoric to modern times.  Also houses art, coin and jewellery collection","Feb 2020","","","","2024-03-02T17:52:12Z"
"Himachal State Museum","Shimla,Himachal Pradesh","g304552","d3912805","4.0","https://www.tripadvisor.com/ShowUserReviews-g304552-d3912805-r477003934-Himachal_State_Museum-Shimla_Shimla_District_Himachal_Pradesh.html","https://dynamic-media-cdn.tripadvisor.com/media/photo-o/08/79/63/62/akshat-s.jpg?w=100&h=-1&s=1","3.0 of 5 bubbles","Get to know your ancestors here",39,"The State Museum Shimla was opened on January 26, 1974 Entry Fee : Indian - Rs. 30.00 Foreigner - Rs.  100.00","Oct 2019","","","","2024-03-02T17:52:12Z"
"Himachal State Museum","Shimla,Himachal Pradesh","g304552","d3912805","4.0","https://www.tripadvisor.com/ShowUserReviews-g304552-d3912805-r455781595-Himachal_State_Museum-Shimla_Shimla_District_Himachal_Pradesh.html","https://dynamic-media-cdn.tripadvisor.com/media/photo-o/1a/f6/e2/4a/default-avatar-2020-42.jpg?w=100&h=-1&s=1","5.0 of 5 bubbles","You have no idea what you have been missing",135,"Himachal State Museum Shimla is housed in an old Victorian mansion ‘Inverarm’ which was carefully altered to adapt it to the museum. Inverarm was a small mud roofed house in the early 1860 and belonged to General Innes, which later owned by the ruler of Sirmour and later taken over by the Imperial Government. It was then enlarged, and became for many years the private residence of Lord William Beresford, Military Secretary to the Viceroy. After Lord William Beresford left India it was occupied for some years by General Sir Edwin Collen, and next by Sir Edward Law, financial Member of the Council. Lately it had been the temporary home of Sir Sankaran Nair, and Sir Mohamed Shah and other Government officers. In 1973 the building was transferred to open the Himachal State Museum and on 26th January, 1974 museum was inaugurated by the then Governor S. Chakravarti.","Dec 2018","","","","2024-03-02T17:52:12Z"
"Himachal State Museum","Shimla,Himachal Pradesh","g304552","d3912805","4.0","https://www.tripadvisor.com/ShowUserReviews-g304552-d3912805-r899341267-Himachal_State_Museum-Shimla_Shimla_District_Himachal_Pradesh.html","https://dynamic-media-cdn.tripadvisor.com/media/photo-o/0b/19/cd/d1/madhulika-l.jpg?w=100&h=-1&s=1","3.0 of 5 bubbles","Small but interesting collection",4,"The Himachal Pradesh State Museum houses a collection of various types of art and heritage, both from within and outside Himachal. The galleries spread across two floors. These include ancient stone carvings; masks; Himachali traditional clothing and jewellery; prehistoric artefacts (arrowheads, plus a little insight into the Suketi Fossil Park); numismatics; Buddhist art; contemporary art; and galleries dedicated to the Indian military. For me, the most interesting galleries were the ones on miniature painting (the Kangra school, in particular, though there are also some fine examples of Punjabi and Rajasthani art); Chamba rumaals; and the beautifully carved wooden pieces on the ground floor. The stone sculptures, from across India (though they also include Himachali artefacts) are also very impressive.Tickets cost Rs 50 per adult and Rs 30 per adult. Camera charges are extra, and also include phone cameras: you have to pay Rs 100 for this.","Jun 2023","","","","2024-03-02T17:52:14Z"
"Himachal State Museum","Shimla,Himachal Pradesh","g304552","d3912805","4.0","https://www.tripadvisor.com/ShowUserReviews-g304552-d3912805-r891148711-Himachal_State_Museum-Shimla_Shimla_District_Himachal_Pradesh.html","https://dynamic-media-cdn.tripadvisor.com/media/photo-o/04/c5/34/b7/andrew-d.jpg?w=100&h=-1&s=1","3.0 of 5 bubbles","Fairly niche",791,"I was expecting something educational to introduce the various customs and ways of life of the differrent Himachali tribes. Instead, I got a relatively small museum heavy in sculptures and paintings, as well as archaeological digging. Nice, but not essential.","Nov 2022","","","","2024-03-02T17:52:14Z"
"Himachal State Museum","Shimla,Himachal Pradesh","g304552","d3912805","4.0","https://www.tripadvisor.com/ShowUserReviews-g304552-d3912805-r616490970-Himachal_State_Museum-Shimla_Shimla_District_Himachal_Pradesh.html","https://dynamic-media-cdn.tripadvisor.com/media/photo-o/12/cb/bd/24/sachin-k.jpg?w=100&h=-1&s=1","3.0 of 5 bubbles","Heavy on sculptures and paintings",398,"There are four famous museums in Himachal Pradesh.One is Himachal state museum in Shimla, established in 1974.Others are in Chamba, Dharamsala and Keylong. This museum is housed in an old Victorian mention called INVERARM. Museum possesses a rich collection of sculptures, miniature paintings, murals, arms, woodcarvings, coins, jewellery, textile and other archaeological relics. The ground floor has sculpture gallery, anthropology gallery, archaeology gallery, jewellery gallery and local Himachal Deity. The first floor has painting gallery, art and craft gallery, Buddhist  gallery and Indian Army gallery and the second floor has conference hall and library.The road towards museum is quite steep and a regular driver may find it difficult to drive car on this route.Entrance fees-1. Adult Indians- Rs.302. Children (5 to 10 years)- Rs.203. Foreigners- Rs. 100Camera1. For Indians Rs.502. Foreigners- Rs. 1003. Video camera Rs.1500Washroom- Available Small canteen Available Closed on MondayTime- 10 to 5","May 2023","","","","2024-03-02T17:52:14Z"
"Himachal State Museum","Shimla,Himachal Pradesh","g304552","d3912805","4.0","https://www.tripadvisor.com/ShowUserReviews-g304552-d3912805-r259397595-Himachal_State_Museum-Shimla_Shimla_District_Himachal_Pradesh.html","https://dynamic-media-cdn.tripadvisor.com/media/photo-o/18/09/3f/45/avatar.jpg?w=100&h=-1&s=1","4.0 of 5 bubbles","Nice place for art lover",106,"Excellent place to visit as it takes you through corridors of history and provides a glance of rich cultural heritage.","May 2022","","","","2024-03-02T17:52:14Z"
"Himachal State Museum","Shimla,Himachal Pradesh","g304552","d3912805","4.0","https://www.tripadvisor.com/ShowUserReviews-g304552-d3912805-r255912270-Himachal_State_Museum-Shimla_Shimla_District_Himachal_Pradesh.html","https://dynamic-media-cdn.tripadvisor.com/media/photo-o/17/02/6d/da/l0wkey.jpg?w=100&h=-1&s=1","5.0 of 5 bubbles","Historical place",49,"Mostly people visit Shimla for its natural beauty hence this one place goes unnoticed on their list as its a museum. But for people who are interested in the culture, customs and history of this hilly state, there is not a better place than this museum in whole of the HP. after visiting it, you will have a feeling that you have visited almost all of the state. The house itslef in which the museum is located is a good example of wolden houses found in hilly areas. the museum has a rich collection of stone work starting from more than 1000 years old, local attires with jewelry, a full gallery to Kangra miniature paintings and the list goes on. Visit only if you are interested in history and culture else will get bored very easily.","Jun 2022","","","","2024-03-02T17:52:14Z"
"Himachal State Museum","Shimla,Himachal Pradesh","g304552","d3912805","4.0","https://www.tripadvisor.com/ShowUserReviews-g304552-d3912805-r562854252-Himachal_State_Museum-Shimla_Shimla_District_Himachal_Pradesh.html","https://dynamic-media-cdn.tripadvisor.com/media/photo-o/12/2a/43/4f/jaiswalashish.jpg?w=100&h=-1&s=1","3.0 of 5 bubbles","Standard",475,"It was in the way to Indian Institute of Advanced Studies. We spent 2 hours there. Place is well maintained. Has artefacts from Harappa- Mohenjodero, Himachal History, Sarnath etc. Has some War memorials and artefacts. It has aged well like an old wine. One thing more dont return back to the entry point of Museum if you wish to go ahead with Institute of Advanced Studies. both are almost connected just ask somebody or follow signs and Markings.","Apr 2022","","","","2024-03-02T17:52:14Z"
"Himachal State Museum","Shimla,Himachal Pradesh","g304552","d3912805","4.0","https://www.tripadvisor.com/ShowUserReviews-g304552-d3912805-r261024698-Himachal_State_Museum-Shimla_Shimla_District_Himachal_Pradesh.html","https://dynamic-media-cdn.tripadvisor.com/media/photo-o/1a/f6/e2/81/default-avatar-2020-43.jpg?w=100&h=-1&s=1","5.0 of 5 bubbles","Important and must visit place",592,"Stone, wood etc carvings are excellent as are coins and textiles. Dolls dressed in regional clothing  not so.  Was a lot of modern art on display  to which i couln't  see the point of as old paintings much better.","Jan 2020","","","","2024-03-02T17:52:14Z"
"Himachal State Museum","Shimla,Himachal Pradesh","g304552","d3912805","4.0","https://www.tripadvisor.com/ShowUserReviews-g304552-d3912805-r239744753-Himachal_State_Museum-Shimla_Shimla_District_Himachal_Pradesh.html","https://dynamic-media-cdn.tripadvisor.com/media/photo-o/1a/f6/f4/5d/default-avatar-2020-32.jpg?w=100&h=-1&s=1","4.0 of 5 bubbles","Quirky collection but worth a look",59,"i really appriciate abt ur web site and your properties i really enjoy there... and like to book again through your help","Feb 2020","","","","2024-03-02T17:52:14Z"
"Himachal State Museum","Shimla,Himachal Pradesh","g304552","d3912805","4.0","https://www.tripadvisor.com/ShowUserReviews-g304552-d3912805-r477003934-Himachal_State_Museum-Shimla_Shimla_District_Himachal_Pradesh.html","https://dynamic-media-cdn.tripadvisor.com/media/photo-o/08/79/63/62/akshat-s.jpg?w=100&h=-1&s=1","5.0 of 5 bubbles","nice",434,"Needs more publicity, visibility and maintenance. I really liked the ruins found native to Himachal (Kinnaur) and gold coins. Nothing much happening to see. But the building itself is quite old and resides on a beautiful location.","Oct 2019","","","","2024-03-02T17:52:14Z"
"Himachal State Museum","Shimla,Himachal Pradesh","g304552","d3912805","4.0","https://www.tripadvisor.com/ShowUserReviews-g304552-d3912805-r455781595-Himachal_State_Museum-Shimla_Shimla_District_Himachal_Pradesh.html","https://dynamic-media-cdn.tripadvisor.com/media/photo-o/1a/f6/e2/4a/default-avatar-2020-42.jpg?w=100&h=-1&s=1","5.0 of 5 bubbles","Art & artifacts such as ancient tools, dolls, coins & traditional garments in a Victorian mansion.",0,"First of all, its not on Mall Road. In front of the Oberoi Cecil hotel, is one road that goes to the Viceregal Lodge. The other, smaller road that goes up to the Doordarshan Kendra, is the one you need to take. There are no signboards. Go right up to the end of that road. You will reach the Himachal Pradesh State Museum. Tell the driver that the car goes right up and there is enough parking there. Once inside, feel free to lose yourself entirely and completely. If you have young children, they will enjoy the Indian Army section a lot. I went to see rare examples of the Guler School of Pahadi Miniature Art, and was suitably rewarded. There is a real palki of the goddess for the famous Kullu Ka Dashahra,  and there is a model of the Himachali temple - whose architectural style varies considerably from temples elsewhere in the country. There is a room dedicated to local murals and the Chamba Rumaal - beautiful embroidery that looks the same on both sides. The biggest surprise was the sculpture from the Himachal school. I had no idea! It was a total learning experience. There is also a coins gallery. Though not as good as the Coins gallery at the National Museum, Delhi, it is, nonetheless, a great resource for children who have never been exposed to the coin heritage of India. If you are accompanying a child, please do take the time to read, and then explain to the child. One of the things that I cannot get out of my head - is a coin of a bull with inscription in Kharoshthi. The bull is shaped exactly like the bulls found on the Indus Valley seals, but the inscription is in Kharoshthi. If you are an IVC fan (and I am), that coin is remarkable. It provides, to my knowledge, the only evidence of continuity from the IVC to the later Indic civilisations. The other things of note are the miniature paintings and murals depicting women. In these late 18th century paintings, women can be seen writing, reading, playing with a top, smoking a hookah, and drinking wine. These are all solo portraits (meaning no need for a male subject in the picture). This was the India of over a 100 years ago. I think we need to pay attention to these pictures and understand what we are missing in our ""modern"" world.","Dec 2018","","","","2024-03-02T17:52:14Z"
"Himachal State Museum","Shimla,Himachal Pradesh","g304552","d3912805","4.0","https://www.tripadvisor.com/ShowUserReviews-g304552-d3912805-r899341267-Himachal_State_Museum-Shimla_Shimla_District_Himachal_Pradesh.html","https://dynamic-media-cdn.tripadvisor.com/media/photo-o/0b/19/cd/d1/madhulika-l.jpg?w=100&h=-1&s=1","3.0 of 5 bubbles","Small but interesting collection",4,"The Himachal Pradesh State Museum houses a collection of various types of art and heritage, both from within and outside Himachal. The galleries spread across two floors. These include ancient stone carvings; masks; Himachali traditional clothing and jewellery; prehistoric artefacts (arrowheads, plus a little insight into the Suketi Fossil Park); numismatics; Buddhist art; contemporary art; and galleries dedicated to the Indian military. For me, the most interesting galleries were the ones on miniature painting (the Kangra school, in particular, though there are also some fine examples of Punjabi and Rajasthani art); Chamba rumaals; and the beautifully carved wooden pieces on the ground floor. The stone sculptures, from across India (though they also include Himachali artefacts) are also very impressive.Tickets cost Rs 50 per adult and Rs 30 per adult. Camera charges are extra, and also include phone cameras: you have to pay Rs 100 for this.","Jun 2023","","","","2024-03-02T17:52:16Z"
"Himachal State Museum","Shimla,Himachal Pradesh","g304552","d3912805","4.0","https://www.tripadvisor.com/ShowUserReviews-g304552-d3912805-r891148711-Himachal_State_Museum-Shimla_Shimla_District_Himachal_Pradesh.html","https://dynamic-media-cdn.tripadvisor.com/media/photo-o/1a/f6/e8/5b/default-avatar-2020-61.jpg?w=100&h=-1&s=1","3.0 of 5 bubbles","Fairly niche",791,"Relatively small museum with various collections of clothing, army uniforms, local jewellery, sculptures, weaponry and many paintings and embroideries.  It seemed a bit of a strange mix but then I didn't have any sort of guide to assist me in understanding the exhibits and information was limited as you walked round.  Pleasant enough but not a must do experience.  There was also a 200 rupee charge for using a camera (even a phone camera).","Nov 2022","","","","2024-03-02T17:52:16Z"
"Himachal State Museum","Shimla,Himachal Pradesh","g304552","d3912805","4.0","https://www.tripadvisor.com/ShowUserReviews-g304552-d3912805-r616490970-Himachal_State_Museum-Shimla_Shimla_District_Himachal_Pradesh.html","https://dynamic-media-cdn.tripadvisor.com/media/photo-o/04/c5/34/b7/andrew-d.jpg?w=100&h=-1&s=1","5.0 of 5 bubbles","Heavy on sculptures and paintings",398,"I was expecting something educational to introduce the various customs and ways of life of the differrent Himachali tribes. Instead, I got a relatively small museum heavy in sculptures and paintings, as well as archaeological digging. Nice, but not essential.","May 2023","","","","2024-03-02T17:52:16Z"
"Himachal State Museum","Shimla,Himachal Pradesh","g304552","d3912805","4.0","https://www.tripadvisor.com/ShowUserReviews-g304552-d3912805-r259397595-Himachal_State_Museum-Shimla_Shimla_District_Himachal_Pradesh.html","https://dynamic-media-cdn.tripadvisor.com/media/photo-o/1a/f6/f3/7c/default-avatar-2020-29.jpg?w=100&h=-1&s=1","5.0 of 5 bubbles","Nice place for art lover",106,"It is must visit museum for art lovers. It is reasonably big and  requires more than one hour. Different art and craft works of Himachal are placed there.","May 2022","","","","2024-03-02T17:52:16Z"
"Himachal State Museum","Shimla,Himachal Pradesh","g304552","d3912805","4.0","https://www.tripadvisor.com/ShowUserReviews-g304552-d3912805-r255912270-Himachal_State_Museum-Shimla_Shimla_District_Himachal_Pradesh.html","https://dynamic-media-cdn.tripadvisor.com/media/photo-o/1c/22/fd/1c/caption.jpg?w=100&h=-1&s=1","4.0 of 5 bubbles","Historical place",49,"The state museum shimla is a best historical and archeological place to visit Consists of many tools and weapons of historic era Collection of tools used by early men Coins of post Gupta period And many more to see","Jun 2022","","","","2024-03-02T17:52:16Z"
"Himachal State Museum","Shimla,Himachal Pradesh","g304552","d3912805","4.0","https://www.tripadvisor.com/ShowUserReviews-g304552-d3912805-r562854252-Himachal_State_Museum-Shimla_Shimla_District_Himachal_Pradesh.html","https://dynamic-media-cdn.tripadvisor.com/media/photo-o/04/8e/ff/0f/sunnywin.jpg?w=100&h=-1&s=1","5.0 of 5 bubbles","Standard",475,"I have been to better museums, this one is quite eclectic but ok. If you have time to kill before a train then this is a good place to visit as you can leave your bag at reception but if you only have limited time in Shimla you wouldn't be missing much if you gave this place a miss","Apr 2022","","","","2024-03-02T17:52:16Z"
"Himachal State Museum","Shimla,Himachal Pradesh","g304552","d3912805","4.0","https://www.tripadvisor.com/ShowUserReviews-g304552-d3912805-r261024698-Himachal_State_Museum-Shimla_Shimla_District_Himachal_Pradesh.html","https://dynamic-media-cdn.tripadvisor.com/media/photo-o/1a/f6/7c/01/default-avatar-2020-5.jpg?w=100&h=-1&s=1","3.0 of 5 bubbles","Important and must visit place",592,"This place sums up the entire Himachal state very beautifully as it gives a very good glimpse of the diverse state of Himachal. Must visit","Jan 2020","","","","2024-03-02T17:52:16Z"
"Himachal State Museum","Shimla,Himachal Pradesh","g304552","d3912805","4.0","https://www.tripadvisor.com/ShowUserReviews-g304552-d3912805-r239744753-Himachal_State_Museum-Shimla_Shimla_District_Himachal_Pradesh.html","https://dynamic-media-cdn.tripadvisor.com/media/photo-o/1a/f6/ef/9c/default-avatar-2020-14.jpg?w=100&h=-1&s=1","5.0 of 5 bubbles","Quirky collection but worth a look",59,"Several themed rooms that detail the history of the area.from prehistoric to modern times.  Also houses art, coin and jewellery collection","Feb 2020","","","","2024-03-02T17:52:16Z"
"Himachal State Museum","Shimla,Himachal Pradesh","g304552","d3912805","4.0","https://www.tripadvisor.com/ShowUserReviews-g304552-d3912805-r477003934-Himachal_State_Museum-Shimla_Shimla_District_Himachal_Pradesh.html","https://dynamic-media-cdn.tripadvisor.com/media/photo-o/1a/f6/e4/a9/default-avatar-2020-50.jpg?w=100&h=-1&s=1","3.0 of 5 bubbles","nice",434,"The State Museum Shimla was opened on January 26, 1974 Entry Fee : Indian - Rs. 30.00 Foreigner - Rs.  100.00","Oct 2019","","","","2024-03-02T17:52:16Z"
"Himachal State Museum","Shimla,Himachal Pradesh","g304552","d3912805","4.0","https://www.tripadvisor.com/ShowUserReviews-g304552-d3912805-r455781595-Himachal_State_Museum-Shimla_Shimla_District_Himachal_Pradesh.html","https://dynamic-media-cdn.tripadvisor.com/media/photo-o/1a/f6/e8/91/default-avatar-2020-62.jpg?w=100&h=-1&s=1","5.0 of 5 bubbles","Art & artifacts such as ancient tools, dolls, coins & traditional garments in a Victorian mansion.",0,"Himachal State Museum Shimla is housed in an old Victorian mansion ‘Inverarm’ which was carefully altered to adapt it to the museum. Inverarm was a small mud roofed house in the early 1860 and belonged to General Innes, which later owned by the ruler of Sirmour and later taken over by the Imperial Government. It was then enlarged, and became for many years the private residence of Lord William Beresford, Military Secretary to the Viceroy. After Lord William Beresford left India it was occupied for some years by General Sir Edwin Collen, and next by Sir Edward Law, financial Member of the Council. Lately it had been the temporary home of Sir Sankaran Nair, and Sir Mohamed Shah and other Government officers. In 1973 the building was transferred to open the Himachal State Museum and on 26th January, 1974 museum was inaugurated by the then Governor S. Chakravarti.","Dec 2018","","","","2024-03-02T17:52:16Z"
"Himachal State Museum","Shimla,Himachal Pradesh","g304552","d3912805","4.0","https://www.tripadvisor.com/ShowUserReviews-g304552-d3912805-r899341267-Himachal_State_Museum-Shimla_Shimla_District_Himachal_Pradesh.html","https://dynamic-media-cdn.tripadvisor.com/media/photo-o/0b/19/cd/d1/madhulika-l.jpg?w=100&h=-1&s=1","3.0 of 5 bubbles","Small but interesting collection",4,"The Himachal Pradesh State Museum houses a collection of various types of art and heritage, both from within and outside Himachal. The galleries spread across two floors. These include ancient stone carvings; masks; Himachali traditional clothing and jewellery; prehistoric artefacts (arrowheads, plus a little insight into the Suketi Fossil Park); numismatics; Buddhist art; contemporary art; and galleries dedicated to the Indian military. For me, the most interesting galleries were the ones on miniature painting (the Kangra school, in particular, though there are also some fine examples of Punjabi and Rajasthani art); Chamba rumaals; and the beautifully carved wooden pieces on the ground floor. The stone sculptures, from across India (though they also include Himachali artefacts) are also very impressive.Tickets cost Rs 50 per adult and Rs 30 per adult. Camera charges are extra, and also include phone cameras: you have to pay Rs 100 for this.","Jun 2023","","","","2024-03-02T17:52:17Z"
"Himachal State Museum","Shimla,Himachal Pradesh","g304552","d3912805","4.0","https://www.tripadvisor.com/ShowUserReviews-g304552-d3912805-r891148711-Himachal_State_Museum-Shimla_Shimla_District_Himachal_Pradesh.html","https://dynamic-media-cdn.tripadvisor.com/media/photo-o/1a/f6/e8/5b/default-avatar-2020-61.jpg?w=100&h=-1&s=1","3.0 of 5 bubbles","Fairly niche",398,"Relatively small museum with various collections of clothing, army uniforms, local jewellery, sculptures, weaponry and many paintings and embroideries.  It seemed a bit of a strange mix but then I didn't have any sort of guide to assist me in understanding the exhibits and information was limited as you walked round.  Pleasant enough but not a must do experience.  There was also a 200 rupee charge for using a camera (even a phone camera).","Nov 2022","","","","2024-03-02T17:52:17Z"
"Himachal State Museum","Shimla,Himachal Pradesh","g304552","d3912805","4.0","https://www.tripadvisor.com/ShowUserReviews-g304552-d3912805-r616490970-Himachal_State_Museum-Shimla_Shimla_District_Himachal_Pradesh.html","https://dynamic-media-cdn.tripadvisor.com/media/photo-o/04/c5/34/b7/andrew-d.jpg?w=100&h=-1&s=1","5.0 of 5 bubbles","Heavy on sculptures and paintings",90,"I was expecting something educational to introduce the various customs and ways of life of the differrent Himachali tribes. Instead, I got a relatively small museum heavy in sculptures and paintings, as well as archaeological digging. Nice, but not essential.","May 2023","","","","2024-03-02T17:52:17Z"
"Himachal State Museum","Shimla,Himachal Pradesh","g304552","d3912805","4.0","https://www.tripadvisor.com/ShowUserReviews-g304552-d3912805-r259397595-Himachal_State_Museum-Shimla_Shimla_District_Himachal_Pradesh.html","https://dynamic-media-cdn.tripadvisor.com/media/photo-o/1a/f6/f3/7c/default-avatar-2020-29.jpg?w=100&h=-1&s=1","5.0 of 5 bubbles","Nice place for art lover",194,"It is must visit museum for art lovers. It is reasonably big and  requires more than one hour. Different art and craft works of Himachal are placed there.","May 2022","","","","2024-03-02T17:52:17Z"
"Himachal State Museum","Shimla,Himachal Pradesh","g304552","d3912805","4.0","https://www.tripadvisor.com/ShowUserReviews-g304552-d3912805-r255912270-Himachal_State_Museum-Shimla_Shimla_District_Himachal_Pradesh.html","https://dynamic-media-cdn.tripadvisor.com/media/photo-o/1c/22/fd/1c/caption.jpg?w=100&h=-1&s=1","4.0 of 5 bubbles","Historical place",2,"The state museum shimla is a best historical and archeological place to visit Consists of many tools and weapons of historic era Collection of tools used by early men Coins of post Gupta period And many more to see","Jun 2022","","","","2024-03-02T17:52:17Z"
"Himachal State Museum","Shimla,Himachal Pradesh","g304552","d3912805","4.0","https://www.tripadvisor.com/ShowUserReviews-g304552-d3912805-r562854252-Himachal_State_Museum-Shimla_Shimla_District_Himachal_Pradesh.html","https://dynamic-media-cdn.tripadvisor.com/media/photo-o/04/8e/ff/0f/sunnywin.jpg?w=100&h=-1&s=1","5.0 of 5 bubbles","Standard",77,"I have been to better museums, this one is quite eclectic but ok. If you have time to kill before a train then this is a good place to visit as you can leave your bag at reception but if you only have limited time in Shimla you wouldn't be missing much if you gave this place a miss","Apr 2022","","","","2024-03-02T17:52:17Z"
"Himachal State Museum","Shimla,Himachal Pradesh","g304552","d3912805","4.0","https://www.tripadvisor.com/ShowUserReviews-g304552-d3912805-r261024698-Himachal_State_Museum-Shimla_Shimla_District_Himachal_Pradesh.html","https://dynamic-media-cdn.tripadvisor.com/media/photo-o/1a/f6/7c/01/default-avatar-2020-5.jpg?w=100&h=-1&s=1","3.0 of 5 bubbles","Important and must visit place",39,"This place sums up the entire Himachal state very beautifully as it gives a very good glimpse of the diverse state of Himachal. Must visit","Jan 2020","","","","2024-03-02T17:52:17Z"
"Himachal State Museum","Shimla,Himachal Pradesh","g304552","d3912805","4.0","https://www.tripadvisor.com/ShowUserReviews-g304552-d3912805-r239744753-Himachal_State_Museum-Shimla_Shimla_District_Himachal_Pradesh.html","https://dynamic-media-cdn.tripadvisor.com/media/photo-o/1a/f6/ef/9c/default-avatar-2020-14.jpg?w=100&h=-1&s=1","5.0 of 5 bubbles","Quirky collection but worth a look",0,"Several themed rooms that detail the history of the area.from prehistoric to modern times.  Also houses art, coin and jewellery collection","Feb 2020","","","","2024-03-02T17:52:17Z"
"Himachal State Museum","Shimla,Himachal Pradesh","g304552","d3912805","4.0","https://www.tripadvisor.com/ShowUserReviews-g304552-d3912805-r477003934-Himachal_State_Museum-Shimla_Shimla_District_Himachal_Pradesh.html","https://dynamic-media-cdn.tripadvisor.com/media/photo-o/1a/f6/e4/a9/default-avatar-2020-50.jpg?w=100&h=-1&s=1","3.0 of 5 bubbles","nice",39,"The State Museum Shimla was opened on January 26, 1974 Entry Fee : Indian - Rs. 30.00 Foreigner - Rs.  100.00","Oct 2019","","","","2024-03-02T17:52:17Z"
"Himachal State Museum","Shimla,Himachal Pradesh","g304552","d3912805","4.0","https://www.tripadvisor.com/ShowUserReviews-g304552-d3912805-r455781595-Himachal_State_Museum-Shimla_Shimla_District_Himachal_Pradesh.html","https://dynamic-media-cdn.tripadvisor.com/media/photo-o/1a/f6/e8/91/default-avatar-2020-62.jpg?w=100&h=-1&s=1","5.0 of 5 bubbles","Art & artifacts such as ancient tools, dolls, coins & traditional garments in a Victorian mansion.",135,"Himachal State Museum Shimla is housed in an old Victorian mansion ‘Inverarm’ which was carefully altered to adapt it to the museum. Inverarm was a small mud roofed house in the early 1860 and belonged to General Innes, which later owned by the ruler of Sirmour and later taken over by the Imperial Government. It was then enlarged, and became for many years the private residence of Lord William Beresford, Military Secretary to the Viceroy. After Lord William Beresford left India it was occupied for some years by General Sir Edwin Collen, and next by Sir Edward Law, financial Member of the Council. Lately it had been the temporary home of Sir Sankaran Nair, and Sir Mohamed Shah and other Government officers. In 1973 the building was transferred to open the Himachal State Museum and on 26th January, 1974 museum was inaugurated by the then Governor S. Chakravarti.","Dec 2018","","","","2024-03-02T17:52:17Z"
"Himachal State Museum","Shimla,Himachal Pradesh","g304552","d3912805","4.0","https://www.tripadvisor.com/ShowUserReviews-g304552-d3912805-r899341267-Himachal_State_Museum-Shimla_Shimla_District_Himachal_Pradesh.html","https://dynamic-media-cdn.tripadvisor.com/media/photo-o/0b/19/cd/d1/madhulika-l.jpg?w=100&h=-1&s=1","3.0 of 5 bubbles","Small but interesting collection",4,"The Himachal Pradesh State Museum houses a collection of various types of art and heritage, both from within and outside Himachal. The galleries spread across two floors. These include ancient stone carvings; masks; Himachali traditional clothing and jewellery; prehistoric artefacts (arrowheads, plus a little insight into the Suketi Fossil Park); numismatics; Buddhist art; contemporary art; and galleries dedicated to the Indian military. For me, the most interesting galleries were the ones on miniature painting (the Kangra school, in particular, though there are also some fine examples of Punjabi and Rajasthani art); Chamba rumaals; and the beautifully carved wooden pieces on the ground floor. The stone sculptures, from across India (though they also include Himachali artefacts) are also very impressive.Tickets cost Rs 50 per adult and Rs 30 per adult. Camera charges are extra, and also include phone cameras: you have to pay Rs 100 for this.","Jun 2023","","","","2024-03-02T17:52:20Z"
"Himachal State Museum","Shimla,Himachal Pradesh","g304552","d3912805","4.0","https://www.tripadvisor.com/ShowUserReviews-g304552-d3912805-r893931645-Himachal_State_Museum-Shimla_Shimla_District_Himachal_Pradesh.html","https://dynamic-media-cdn.tripadvisor.com/media/photo-o/04/c5/34/b7/andrew-d.jpg?w=100&h=-1&s=1","3.0 of 5 bubbles","Heavy on sculptures and paintings",398,"I was expecting something educational to introduce the various customs and ways of life of the differrent Himachali tribes. Instead, I got a relatively small museum heavy in sculptures and paintings, as well as archaeological digging. Nice, but not essential.","May 2023","","","","2024-03-02T17:52:20Z"
"Himachal State Museum","Shimla,Himachal Pradesh","g304552","d3912805","4.0","https://www.tripadvisor.com/ShowUserReviews-g304552-d3912805-r891148711-Himachal_State_Museum-Shimla_Shimla_District_Himachal_Pradesh.html","https://dynamic-media-cdn.tripadvisor.com/media/photo-o/12/cb/bd/24/sachin-k.jpg?w=100&h=-1&s=1","3.0 of 5 bubbles","The Best Museum of State",90,"There are four famous museums in Himachal Pradesh.One is Himachal state museum in Shimla, established in 1974.Others are in Chamba, Dharamsala and Keylong. This museum is housed in an old Victorian mention called INVERARM. Museum possesses a rich collection of sculptures, miniature paintings, murals, arms, woodcarvings, coins, jewellery, textile and other archaeological relics. The ground floor has sculpture gallery, anthropology gallery, archaeology gallery, jewellery gallery and local Himachal Deity. The first floor has painting gallery, art and craft gallery, Buddhist  gallery and Indian Army gallery and the second floor has conference hall and library.The road towards museum is quite steep and a regular driver may find it difficult to drive car on this route.Entrance fees-1. Adult Indians- Rs.302. Children (5 to 10 years)- Rs.203. Foreigners- Rs. 100Camera1. For Indians Rs.502. Foreigners- Rs. 1003. Video camera Rs.1500Washroom- Available Small canteen Available Closed on MondayTime- 10 to 5","Sep 2018","","","","2024-03-02T17:52:20Z"
"Himachal State Museum","Shimla,Himachal Pradesh","g304552","d3912805","4.0","https://www.tripadvisor.com/ShowUserReviews-g304552-d3912805-r868769182-Himachal_State_Museum-Shimla_Shimla_District_Himachal_Pradesh.html","https://dynamic-media-cdn.tripadvisor.com/media/photo-o/18/09/3f/45/avatar.jpg?w=100&h=-1&s=1","4.0 of 5 bubbles","Superb !",194,"Excellent place to visit as it takes you through corridors of history and provides a glance of rich cultural heritage.","Jan 2015","","","","2024-03-02T17:52:20Z"
"Himachal State Museum","Shimla,Himachal Pradesh","g304552","d3912805","4.0","https://www.tripadvisor.com/ShowUserReviews-g304552-d3912805-r841990817-Himachal_State_Museum-Shimla_Shimla_District_Himachal_Pradesh.html","https://dynamic-media-cdn.tripadvisor.com/media/photo-o/17/02/6d/da/l0wkey.jpg?w=100&h=-1&s=1","5.0 of 5 bubbles","Underdog of attractions in Shimla",2,"Mostly people visit Shimla for its natural beauty hence this one place goes unnoticed on their list as its a museum. But for people who are interested in the culture, customs and history of this hilly state, there is not a better place than this museum in whole of the HP. after visiting it, you will have a feeling that you have visited almost all of the state. The house itslef in which the museum is located is a good example of wolden houses found in hilly areas. the museum has a rich collection of stone work starting from more than 1000 years old, local attires with jewelry, a full gallery to Kangra miniature paintings and the list goes on. Visit only if you are interested in history and culture else will get bored very easily.","Jan 2015","","","","2024-03-02T17:52:20Z"
"Himachal State Museum","Shimla,Himachal Pradesh","g304552","d3912805","4.0","https://www.tripadvisor.com/ShowUserReviews-g304552-d3912805-r834002502-Himachal_State_Museum-Shimla_Shimla_District_Himachal_Pradesh.html","https://dynamic-media-cdn.tripadvisor.com/media/photo-o/12/2a/43/4f/jaiswalashish.jpg?w=100&h=-1&s=1","3.0 of 5 bubbles","Good place to spend some time and must visit for history lovers and patriots.",77,"It was in the way to Indian Institute of Advanced Studies. We spent 2 hours there. Place is well maintained. Has artefacts from Harappa- Mohenjodero, Himachal History, Sarnath etc. Has some War memorials and artefacts. It has aged well like an old wine. One thing more dont return back to the entry point of Museum if you wish to go ahead with Institute of Advanced Studies. both are almost connected just ask somebody or follow signs and Markings.","Aug 2017","","","","2024-03-02T17:52:20Z"
"Himachal State Museum","Shimla,Himachal Pradesh","g304552","d3912805","4.0","https://www.tripadvisor.com/ShowUserReviews-g304552-d3912805-r746927648-Himachal_State_Museum-Shimla_Shimla_District_Himachal_Pradesh.html","https://dynamic-media-cdn.tripadvisor.com/media/photo-o/1a/f6/e2/81/default-avatar-2020-43.jpg?w=100&h=-1&s=1","5.0 of 5 bubbles","mixed review part good parts poor",39,"Stone, wood etc carvings are excellent as are coins and textiles. Dolls dressed in regional clothing  not so.  Was a lot of modern art on display  to which i couln't  see the point of as old paintings much better.","Mar 2015","","","","2024-03-02T17:52:20Z"
"Himachal State Museum","Shimla,Himachal Pradesh","g304552","d3912805","4.0","https://www.tripadvisor.com/ShowUserReviews-g304552-d3912805-r745221836-Himachal_State_Museum-Shimla_Shimla_District_Himachal_Pradesh.html","https://dynamic-media-cdn.tripadvisor.com/media/photo-o/1a/f6/f4/5d/default-avatar-2020-32.jpg?w=100&h=-1&s=1","4.0 of 5 bubbles","excellent",0,"i really appriciate abt ur web site and your properties i really enjoy there... and like to book again through your help","Sep 2014","","","","2024-03-02T17:52:20Z"
"Himachal State Museum","Shimla,Himachal Pradesh","g304552","d3912805","4.0","https://www.tripadvisor.com/ShowUserReviews-g304552-d3912805-r733205513-Himachal_State_Museum-Shimla_Shimla_District_Himachal_Pradesh.html","https://dynamic-media-cdn.tripadvisor.com/media/photo-o/08/79/63/62/akshat-s.jpg?w=100&h=-1&s=1","5.0 of 5 bubbles","Get to know your ancestors here",39,"Needs more publicity, visibility and maintenance. I really liked the ruins found native to Himachal (Kinnaur) and gold coins. Nothing much happening to see. But the building itself is quite old and resides on a beautiful location.","May 2016","","","","2024-03-02T17:52:20Z"
"Himachal State Museum","Shimla,Himachal Pradesh","g304552","d3912805","4.0","https://www.tripadvisor.com/ShowUserReviews-g304552-d3912805-r728538122-Himachal_State_Museum-Shimla_Shimla_District_Himachal_Pradesh.html","https://dynamic-media-cdn.tripadvisor.com/media/photo-o/1a/f6/e2/4a/default-avatar-2020-42.jpg?w=100&h=-1&s=1","5.0 of 5 bubbles","You have no idea what you have been missing",135,"First of all, its not on Mall Road. In front of the Oberoi Cecil hotel, is one road that goes to the Viceregal Lodge. The other, smaller road that goes up to the Doordarshan Kendra, is the one you need to take. There are no signboards. Go right up to the end of that road. You will reach the Himachal Pradesh State Museum. Tell the driver that the car goes right up and there is enough parking there. Once inside, feel free to lose yourself entirely and completely. If you have young children, they will enjoy the Indian Army section a lot. I went to see rare examples of the Guler School of Pahadi Miniature Art, and was suitably rewarded. There is a real palki of the goddess for the famous Kullu Ka Dashahra,  and there is a model of the Himachali temple - whose architectural style varies considerably from temples elsewhere in the country. There is a room dedicated to local murals and the Chamba Rumaal - beautiful embroidery that looks the same on both sides. The biggest surprise was the sculpture from the Himachal school. I had no idea! It was a total learning experience. There is also a coins gallery. Though not as good as the Coins gallery at the National Museum, Delhi, it is, nonetheless, a great resource for children who have never been exposed to the coin heritage of India. If you are accompanying a child, please do take the time to read, and then explain to the child. One of the things that I cannot get out of my head - is a coin of a bull with inscription in Kharoshthi. The bull is shaped exactly like the bulls found on the Indus Valley seals, but the inscription is in Kharoshthi. If you are an IVC fan (and I am), that coin is remarkable. It provides, to my knowledge, the only evidence of continuity from the IVC to the later Indic civilisations. The other things of note are the miniature paintings and murals depicting women. In these late 18th century paintings, women can be seen writing, reading, playing with a top, smoking a hookah, and drinking wine. These are all solo portraits (meaning no need for a male subject in the picture). This was the India of over a 100 years ago. I think we need to pay attention to these pictures and understand what we are missing in our ""modern"" world.","Jan 2017","","","","2024-03-02T17:52:20Z"
"Himachal State Museum","Shimla,Himachal Pradesh","g304552","d3912805","4.0","https://www.tripadvisor.com/ShowUserReviews-g304552-d3912805-r899341267-Himachal_State_Museum-Shimla_Shimla_District_Himachal_Pradesh.html","https://dynamic-media-cdn.tripadvisor.com/media/photo-o/0b/19/cd/d1/madhulika-l.jpg?w=100&h=-1&s=1","3.0 of 5 bubbles","Small but interesting collection",4,"The Himachal Pradesh State Museum houses a collection of various types of art and heritage, both from within and outside Himachal. The galleries spread across two floors. These include ancient stone carvings; masks; Himachali traditional clothing and jewellery; prehistoric artefacts (arrowheads, plus a little insight into the Suketi Fossil Park); numismatics; Buddhist art; contemporary art; and galleries dedicated to the Indian military. For me, the most interesting galleries were the ones on miniature painting (the Kangra school, in particular, though there are also some fine examples of Punjabi and Rajasthani art); Chamba rumaals; and the beautifully carved wooden pieces on the ground floor. The stone sculptures, from across India (though they also include Himachali artefacts) are also very impressive.Tickets cost Rs 50 per adult and Rs 30 per adult. Camera charges are extra, and also include phone cameras: you have to pay Rs 100 for this.","Jun 2023","","","","2024-03-02T17:52:22Z"
"Himachal State Museum","Shimla,Himachal Pradesh","g304552","d3912805","4.0","https://www.tripadvisor.com/ShowUserReviews-g304552-d3912805-r893931645-Himachal_State_Museum-Shimla_Shimla_District_Himachal_Pradesh.html","https://dynamic-media-cdn.tripadvisor.com/media/photo-o/04/c5/34/b7/andrew-d.jpg?w=100&h=-1&s=1","3.0 of 5 bubbles","Heavy on sculptures and paintings",791,"I was expecting something educational to introduce the various customs and ways of life of the differrent Himachali tribes. Instead, I got a relatively small museum heavy in sculptures and paintings, as well as archaeological digging. Nice, but not essential.","May 2023","","","","2024-03-02T17:52:22Z"
"Himachal State Museum","Shimla,Himachal Pradesh","g304552","d3912805","4.0","https://www.tripadvisor.com/ShowUserReviews-g304552-d3912805-r891148711-Himachal_State_Museum-Shimla_Shimla_District_Himachal_Pradesh.html","https://dynamic-media-cdn.tripadvisor.com/media/photo-o/12/cb/bd/24/sachin-k.jpg?w=100&h=-1&s=1","5.0 of 5 bubbles","The Best Museum of State",398,"There are four famous museums in Himachal Pradesh.One is Himachal state museum in Shimla, established in 1974.Others are in Chamba, Dharamsala and Keylong. This museum is housed in an old Victorian mention called INVERARM. Museum possesses a rich collection of sculptures, miniature paintings, murals, arms, woodcarvings, coins, jewellery, textile and other archaeological relics. The ground floor has sculpture gallery, anthropology gallery, archaeology gallery, jewellery gallery and local Himachal Deity. The first floor has painting gallery, art and craft gallery, Buddhist  gallery and Indian Army gallery and the second floor has conference hall and library.The road towards museum is quite steep and a regular driver may find it difficult to drive car on this route.Entrance fees-1. Adult Indians- Rs.302. Children (5 to 10 years)- Rs.203. Foreigners- Rs. 100Camera1. For Indians Rs.502. Foreigners- Rs. 1003. Video camera Rs.1500Washroom- Available Small canteen Available Closed on MondayTime- 10 to 5","Sep 2018","","","","2024-03-02T17:52:22Z"
"Himachal State Museum","Shimla,Himachal Pradesh","g304552","d3912805","4.0","https://www.tripadvisor.com/ShowUserReviews-g304552-d3912805-r868769182-Himachal_State_Museum-Shimla_Shimla_District_Himachal_Pradesh.html","https://dynamic-media-cdn.tripadvisor.com/media/photo-o/18/09/3f/45/avatar.jpg?w=100&h=-1&s=1","5.0 of 5 bubbles","Superb !",106,"Excellent place to visit as it takes you through corridors of history and provides a glance of rich cultural heritage.","Jan 2015","","","","2024-03-02T17:52:22Z"
"Himachal State Museum","Shimla,Himachal Pradesh","g304552","d3912805","4.0","https://www.tripadvisor.com/ShowUserReviews-g304552-d3912805-r841990817-Himachal_State_Museum-Shimla_Shimla_District_Himachal_Pradesh.html","https://dynamic-media-cdn.tripadvisor.com/media/photo-o/17/02/6d/da/l0wkey.jpg?w=100&h=-1&s=1","4.0 of 5 bubbles","Underdog of attractions in Shimla",49,"Mostly people visit Shimla for its natural beauty hence this one place goes unnoticed on their list as its a museum. But for people who are interested in the culture, customs and history of this hilly state, there is not a better place than this museum in whole of the HP. after visiting it, you will have a feeling that you have visited almost all of the state. The house itslef in which the museum is located is a good example of wolden houses found in hilly areas. the museum has a rich collection of stone work starting from more than 1000 years old, local attires with jewelry, a full gallery to Kangra miniature paintings and the list goes on. Visit only if you are interested in history and culture else will get bored very easily.","Jan 2015","","","","2024-03-02T17:52:22Z"
"Himachal State Museum","Shimla,Himachal Pradesh","g304552","d3912805","4.0","https://www.tripadvisor.com/ShowUserReviews-g304552-d3912805-r834002502-Himachal_State_Museum-Shimla_Shimla_District_Himachal_Pradesh.html","https://dynamic-media-cdn.tripadvisor.com/media/photo-o/12/2a/43/4f/jaiswalashish.jpg?w=100&h=-1&s=1","5.0 of 5 bubbles","Good place to spend some time and must visit for history lovers and patriots.",475,"It was in the way to Indian Institute of Advanced Studies. We spent 2 hours there. Place is well maintained. Has artefacts from Harappa- Mohenjodero, Himachal History, Sarnath etc. Has some War memorials and artefacts. It has aged well like an old wine. One thing more dont return back to the entry point of Museum if you wish to go ahead with Institute of Advanced Studies. both are almost connected just ask somebody or follow signs and Markings.","Aug 2017","","","","2024-03-02T17:52:22Z"
"Himachal State Museum","Shimla,Himachal Pradesh","g304552","d3912805","4.0","https://www.tripadvisor.com/ShowUserReviews-g304552-d3912805-r746927648-Himachal_State_Museum-Shimla_Shimla_District_Himachal_Pradesh.html","https://dynamic-media-cdn.tripadvisor.com/media/photo-o/1a/f6/e2/81/default-avatar-2020-43.jpg?w=100&h=-1&s=1","3.0 of 5 bubbles","mixed review part good parts poor",592,"Stone, wood etc carvings are excellent as are coins and textiles. Dolls dressed in regional clothing  not so.  Was a lot of modern art on display  to which i couln't  see the point of as old paintings much better.","Mar 2015","","","","2024-03-02T17:52:22Z"
"Himachal State Museum","Shimla,Himachal Pradesh","g304552","d3912805","4.0","https://www.tripadvisor.com/ShowUserReviews-g304552-d3912805-r745221836-Himachal_State_Museum-Shimla_Shimla_District_Himachal_Pradesh.html","https://dynamic-media-cdn.tripadvisor.com/media/photo-o/1a/f6/f4/5d/default-avatar-2020-32.jpg?w=100&h=-1&s=1","5.0 of 5 bubbles","excellent",59,"i really appriciate abt ur web site and your properties i really enjoy there... and like to book again through your help","Sep 2014","","","","2024-03-02T17:52:22Z"
"Himachal State Museum","Shimla,Himachal Pradesh","g304552","d3912805","4.0","https://www.tripadvisor.com/ShowUserReviews-g304552-d3912805-r733205513-Himachal_State_Museum-Shimla_Shimla_District_Himachal_Pradesh.html","https://dynamic-media-cdn.tripadvisor.com/media/photo-o/08/79/63/62/akshat-s.jpg?w=100&h=-1&s=1","3.0 of 5 bubbles","Get to know your ancestors here",434,"Needs more publicity, visibility and maintenance. I really liked the ruins found native to Himachal (Kinnaur) and gold coins. Nothing much happening to see. But the building itself is quite old and resides on a beautiful location.","May 2016","","","","2024-03-02T17:52:22Z"
"Himachal State Museum","Shimla,Himachal Pradesh","g304552","d3912805","4.0","https://www.tripadvisor.com/ShowUserReviews-g304552-d3912805-r728538122-Himachal_State_Museum-Shimla_Shimla_District_Himachal_Pradesh.html","https://dynamic-media-cdn.tripadvisor.com/media/photo-o/1a/f6/e2/4a/default-avatar-2020-42.jpg?w=100&h=-1&s=1","5.0 of 5 bubbles","You have no idea what you have been missing",0,"First of all, its not on Mall Road. In front of the Oberoi Cecil hotel, is one road that goes to the Viceregal Lodge. The other, smaller road that goes up to the Doordarshan Kendra, is the one you need to take. There are no signboards. Go right up to the end of that road. You will reach the Himachal Pradesh State Museum. Tell the driver that the car goes right up and there is enough parking there. Once inside, feel free to lose yourself entirely and completely. If you have young children, they will enjoy the Indian Army section a lot. I went to see rare examples of the Guler School of Pahadi Miniature Art, and was suitably rewarded. There is a real palki of the goddess for the famous Kullu Ka Dashahra,  and there is a model of the Himachali temple - whose architectural style varies considerably from temples elsewhere in the country. There is a room dedicated to local murals and the Chamba Rumaal - beautiful embroidery that looks the same on both sides. The biggest surprise was the sculpture from the Himachal school. I had no idea! It was a total learning experience. There is also a coins gallery. Though not as good as the Coins gallery at the National Museum, Delhi, it is, nonetheless, a great resource for children who have never been exposed to the coin heritage of India. If you are accompanying a child, please do take the time to read, and then explain to the child. One of the things that I cannot get out of my head - is a coin of a bull with inscription in Kharoshthi. The bull is shaped exactly like the bulls found on the Indus Valley seals, but the inscription is in Kharoshthi. If you are an IVC fan (and I am), that coin is remarkable. It provides, to my knowledge, the only evidence of continuity from the IVC to the later Indic civilisations. The other things of note are the miniature paintings and murals depicting women. In these late 18th century paintings, women can be seen writing, reading, playing with a top, smoking a hookah, and drinking wine. These are all solo portraits (meaning no need for a male subject in the picture). This was the India of over a 100 years ago. I think we need to pay attention to these pictures and understand what we are missing in our ""modern"" world.","Jan 2017","","","","2024-03-02T17:52:22Z"
"Himachal State Museum","Shimla,Himachal Pradesh","g304552","d3912805","4.0","https://www.tripadvisor.com/ShowUserReviews-g304552-d3912805-r899341267-Himachal_State_Museum-Shimla_Shimla_District_Himachal_Pradesh.html","https://dynamic-media-cdn.tripadvisor.com/media/photo-o/0b/19/cd/d1/madhulika-l.jpg?w=100&h=-1&s=1","3.0 of 5 bubbles","Small but interesting collection",4,"The Himachal Pradesh State Museum houses a collection of various types of art and heritage, both from within and outside Himachal. The galleries spread across two floors. These include ancient stone carvings; masks; Himachali traditional clothing and jewellery; prehistoric artefacts (arrowheads, plus a little insight into the Suketi Fossil Park); numismatics; Buddhist art; contemporary art; and galleries dedicated to the Indian military. For me, the most interesting galleries were the ones on miniature painting (the Kangra school, in particular, though there are also some fine examples of Punjabi and Rajasthani art); Chamba rumaals; and the beautifully carved wooden pieces on the ground floor. The stone sculptures, from across India (though they also include Himachali artefacts) are also very impressive.Tickets cost Rs 50 per adult and Rs 30 per adult. Camera charges are extra, and also include phone cameras: you have to pay Rs 100 for this.","Jun 2023","","","","2024-03-02T17:52:24Z"
"Himachal State Museum","Shimla,Himachal Pradesh","g304552","d3912805","4.0","https://www.tripadvisor.com/ShowUserReviews-g304552-d3912805-r893931645-Himachal_State_Museum-Shimla_Shimla_District_Himachal_Pradesh.html","https://dynamic-media-cdn.tripadvisor.com/media/photo-o/1a/f6/e8/5b/default-avatar-2020-61.jpg?w=100&h=-1&s=1","3.0 of 5 bubbles","Heavy on sculptures and paintings",398,"I was expecting something educational to introduce the various customs and ways of life of the differrent Himachali tribes. Instead, I got a relatively small museum heavy in sculptures and paintings, as well as archaeological digging. Nice, but not essential.","May 2023","","","","2024-03-02T17:52:24Z"
"Himachal State Museum","Shimla,Himachal Pradesh","g304552","d3912805","4.0","https://www.tripadvisor.com/ShowUserReviews-g304552-d3912805-r891148711-Himachal_State_Museum-Shimla_Shimla_District_Himachal_Pradesh.html","https://dynamic-media-cdn.tripadvisor.com/media/photo-o/04/c5/34/b7/andrew-d.jpg?w=100&h=-1&s=1","3.0 of 5 bubbles","The Best Museum of State",90,"There are four famous museums in Himachal Pradesh.One is Himachal state museum in Shimla, established in 1974.Others are in Chamba, Dharamsala and Keylong. This museum is housed in an old Victorian mention called INVERARM. Museum possesses a rich collection of sculptures, miniature paintings, murals, arms, woodcarvings, coins, jewellery, textile and other archaeological relics. The ground floor has sculpture gallery, anthropology gallery, archaeology gallery, jewellery gallery and local Himachal Deity. The first floor has painting gallery, art and craft gallery, Buddhist  gallery and Indian Army gallery and the second floor has conference hall and library.The road towards museum is quite steep and a regular driver may find it difficult to drive car on this route.Entrance fees-1. Adult Indians- Rs.302. Children (5 to 10 years)- Rs.203. Foreigners- Rs. 100Camera1. For Indians Rs.502. Foreigners- Rs. 1003. Video camera Rs.1500Washroom- Available Small canteen Available Closed on MondayTime- 10 to 5","Sep 2018","","","","2024-03-02T17:52:24Z"
"Himachal State Museum","Shimla,Himachal Pradesh","g304552","d3912805","4.0","https://www.tripadvisor.com/ShowUserReviews-g304552-d3912805-r868769182-Himachal_State_Museum-Shimla_Shimla_District_Himachal_Pradesh.html","https://dynamic-media-cdn.tripadvisor.com/media/photo-o/1a/f6/f3/7c/default-avatar-2020-29.jpg?w=100&h=-1&s=1","4.0 of 5 bubbles","Superb !",194,"Excellent place to visit as it takes you through corridors of history and provides a glance of rich cultural heritage.","Jan 2015","","","","2024-03-02T17:52:24Z"
"Himachal State Museum","Shimla,Himachal Pradesh","g304552","d3912805","4.0","https://www.tripadvisor.com/ShowUserReviews-g304552-d3912805-r841990817-Himachal_State_Museum-Shimla_Shimla_District_Himachal_Pradesh.html","https://dynamic-media-cdn.tripadvisor.com/media/photo-o/1c/22/fd/1c/caption.jpg?w=100&h=-1&s=1","5.0 of 5 bubbles","Underdog of attractions in Shimla",2,"Mostly people visit Shimla for its natural beauty hence this one place goes unnoticed on their list as its a museum. But for people who are interested in the culture, customs and history of this hilly state, there is not a better place than this museum in whole of the HP. after visiting it, you will have a feeling that you have visited almost all of the state. The house itslef in which the museum is located is a good example of wolden houses found in hilly areas. the museum has a rich collection of stone work starting from more than 1000 years old, local attires with jewelry, a full gallery to Kangra miniature paintings and the list goes on. Visit only if you are interested in history and culture else will get bored very easily.","Jan 2015","","","","2024-03-02T17:52:24Z"
"Himachal State Museum","Shimla,Himachal Pradesh","g304552","d3912805","4.0","https://www.tripadvisor.com/ShowUserReviews-g304552-d3912805-r834002502-Himachal_State_Museum-Shimla_Shimla_District_Himachal_Pradesh.html","https://dynamic-media-cdn.tripadvisor.com/media/photo-o/04/8e/ff/0f/sunnywin.jpg?w=100&h=-1&s=1","3.0 of 5 bubbles","Good place to spend some time and must visit for history lovers and patriots.",77,"It was in the way to Indian Institute of Advanced Studies. We spent 2 hours there. Place is well maintained. Has artefacts from Harappa- Mohenjodero, Himachal History, Sarnath etc. Has some War memorials and artefacts. It has aged well like an old wine. One thing more dont return back to the entry point of Museum if you wish to go ahead with Institute of Advanced Studies. both are almost connected just ask somebody or follow signs and Markings.","Aug 2017","","","","2024-03-02T17:52:24Z"
"Himachal State Museum","Shimla,Himachal Pradesh","g304552","d3912805","4.0","https://www.tripadvisor.com/ShowUserReviews-g304552-d3912805-r746927648-Himachal_State_Museum-Shimla_Shimla_District_Himachal_Pradesh.html","https://dynamic-media-cdn.tripadvisor.com/media/photo-o/1a/f6/7c/01/default-avatar-2020-5.jpg?w=100&h=-1&s=1","5.0 of 5 bubbles","mixed review part good parts poor",39,"Stone, wood etc carvings are excellent as are coins and textiles. Dolls dressed in regional clothing  not so.  Was a lot of modern art on display  to which i couln't  see the point of as old paintings much better.","Mar 2015","","","","2024-03-02T17:52:24Z"
"Himachal State Museum","Shimla,Himachal Pradesh","g304552","d3912805","4.0","https://www.tripadvisor.com/ShowUserReviews-g304552-d3912805-r745221836-Himachal_State_Museum-Shimla_Shimla_District_Himachal_Pradesh.html","https://dynamic-media-cdn.tripadvisor.com/media/photo-o/1a/f6/ef/9c/default-avatar-2020-14.jpg?w=100&h=-1&s=1","4.0 of 5 bubbles","excellent",0,"i really appriciate abt ur web site and your properties i really enjoy there... and like to book again through your help","Sep 2014","","","","2024-03-02T17:52:24Z"
"Himachal State Museum","Shimla,Himachal Pradesh","g304552","d3912805","4.0","https://www.tripadvisor.com/ShowUserReviews-g304552-d3912805-r733205513-Himachal_State_Museum-Shimla_Shimla_District_Himachal_Pradesh.html","https://dynamic-media-cdn.tripadvisor.com/media/photo-o/1a/f6/e4/a9/default-avatar-2020-50.jpg?w=100&h=-1&s=1","5.0 of 5 bubbles","Get to know your ancestors here",39,"Needs more publicity, visibility and maintenance. I really liked the ruins found native to Himachal (Kinnaur) and gold coins. Nothing much happening to see. But the building itself is quite old and resides on a beautiful location.","May 2016","","","","2024-03-02T17:52:24Z"
"Himachal State Museum","Shimla,Himachal Pradesh","g304552","d3912805","4.0","https://www.tripadvisor.com/ShowUserReviews-g304552-d3912805-r728538122-Himachal_State_Museum-Shimla_Shimla_District_Himachal_Pradesh.html","https://dynamic-media-cdn.tripadvisor.com/media/photo-o/1a/f6/e8/91/default-avatar-2020-62.jpg?w=100&h=-1&s=1","5.0 of 5 bubbles","You have no idea what you have been missing",135,"First of all, its not on Mall Road. In front of the Oberoi Cecil hotel, is one road that goes to the Viceregal Lodge. The other, smaller road that goes up to the Doordarshan Kendra, is the one you need to take. There are no signboards. Go right up to the end of that road. You will reach the Himachal Pradesh State Museum. Tell the driver that the car goes right up and there is enough parking there. Once inside, feel free to lose yourself entirely and completely. If you have young children, they will enjoy the Indian Army section a lot. I went to see rare examples of the Guler School of Pahadi Miniature Art, and was suitably rewarded. There is a real palki of the goddess for the famous Kullu Ka Dashahra,  and there is a model of the Himachali temple - whose architectural style varies considerably from temples elsewhere in the country. There is a room dedicated to local murals and the Chamba Rumaal - beautiful embroidery that looks the same on both sides. The biggest surprise was the sculpture from the Himachal school. I had no idea! It was a total learning experience. There is also a coins gallery. Though not as good as the Coins gallery at the National Museum, Delhi, it is, nonetheless, a great resource for children who have never been exposed to the coin heritage of India. If you are accompanying a child, please do take the time to read, and then explain to the child. One of the things that I cannot get out of my head - is a coin of a bull with inscription in Kharoshthi. The bull is shaped exactly like the bulls found on the Indus Valley seals, but the inscription is in Kharoshthi. If you are an IVC fan (and I am), that coin is remarkable. It provides, to my knowledge, the only evidence of continuity from the IVC to the later Indic civilisations. The other things of note are the miniature paintings and murals depicting women. In these late 18th century paintings, women can be seen writing, reading, playing with a top, smoking a hookah, and drinking wine. These are all solo portraits (meaning no need for a male subject in the picture). This was the India of over a 100 years ago. I think we need to pay attention to these pictures and understand what we are missing in our ""modern"" world.","Jan 2017","","","","2024-03-02T17:52:24Z"
"Himachal State Museum","Shimla,Himachal Pradesh","g304552","d3912805","4.0","https://www.tripadvisor.com/ShowUserReviews-g304552-d3912805-r899341267-Himachal_State_Museum-Shimla_Shimla_District_Himachal_Pradesh.html","https://dynamic-media-cdn.tripadvisor.com/media/photo-o/0b/19/cd/d1/madhulika-l.jpg?w=100&h=-1&s=1","3.0 of 5 bubbles","Small but interesting collection",4,"The Himachal Pradesh State Museum houses a collection of various types of art and heritage, both from within and outside Himachal. The galleries spread across two floors. These include ancient stone carvings; masks; Himachali traditional clothing and jewellery; prehistoric artefacts (arrowheads, plus a little insight into the Suketi Fossil Park); numismatics; Buddhist art; contemporary art; and galleries dedicated to the Indian military. For me, the most interesting galleries were the ones on miniature painting (the Kangra school, in particular, though there are also some fine examples of Punjabi and Rajasthani art); Chamba rumaals; and the beautifully carved wooden pieces on the ground floor. The stone sculptures, from across India (though they also include Himachali artefacts) are also very impressive.Tickets cost Rs 50 per adult and Rs 30 per adult. Camera charges are extra, and also include phone cameras: you have to pay Rs 100 for this.","Jun 2023","","","","2024-03-02T17:52:26Z"
"Himachal State Museum","Shimla,Himachal Pradesh","g304552","d3912805","4.0","https://www.tripadvisor.com/ShowUserReviews-g304552-d3912805-r893931645-Himachal_State_Museum-Shimla_Shimla_District_Himachal_Pradesh.html","https://dynamic-media-cdn.tripadvisor.com/media/photo-o/04/c5/34/b7/andrew-d.jpg?w=100&h=-1&s=1","3.0 of 5 bubbles","Heavy on sculptures and paintings",398,"I was expecting something educational to introduce the various customs and ways of life of the differrent Himachali tribes. Instead, I got a relatively small museum heavy in sculptures and paintings, as well as archaeological digging. Nice, but not essential.","May 2023","","","","2024-03-02T17:52:26Z"
"Himachal State Museum","Shimla,Himachal Pradesh","g304552","d3912805","4.0","https://www.tripadvisor.com/ShowUserReviews-g304552-d3912805-r891148711-Himachal_State_Museum-Shimla_Shimla_District_Himachal_Pradesh.html","https://dynamic-media-cdn.tripadvisor.com/media/photo-o/12/cb/bd/24/sachin-k.jpg?w=100&h=-1&s=1","5.0 of 5 bubbles","The Best Museum of State",90,"There are four famous museums in Himachal Pradesh.One is Himachal state museum in Shimla, established in 1974.Others are in Chamba, Dharamsala and Keylong. This museum is housed in an old Victorian mention called INVERARM. Museum possesses a rich collection of sculptures, miniature paintings, murals, arms, woodcarvings, coins, jewellery, textile and other archaeological relics. The ground floor has sculpture gallery, anthropology gallery, archaeology gallery, jewellery gallery and local Himachal Deity. The first floor has painting gallery, art and craft gallery, Buddhist  gallery and Indian Army gallery and the second floor has conference hall and library.The road towards museum is quite steep and a regular driver may find it difficult to drive car on this route.Entrance fees-1. Adult Indians- Rs.302. Children (5 to 10 years)- Rs.203. Foreigners- Rs. 100Camera1. For Indians Rs.502. Foreigners- Rs. 1003. Video camera Rs.1500Washroom- Available Small canteen Available Closed on MondayTime- 10 to 5","Sep 2018","","","","2024-03-02T17:52:26Z"
"Himachal State Museum","Shimla,Himachal Pradesh","g304552","d3912805","4.0","https://www.tripadvisor.com/ShowUserReviews-g304552-d3912805-r868769182-Himachal_State_Museum-Shimla_Shimla_District_Himachal_Pradesh.html","https://dynamic-media-cdn.tripadvisor.com/media/photo-o/18/09/3f/45/avatar.jpg?w=100&h=-1&s=1","5.0 of 5 bubbles","Superb !",194,"Excellent place to visit as it takes you through corridors of history and provides a glance of rich cultural heritage.","Jan 2015","","","","2024-03-02T17:52:26Z"
"Himachal State Museum","Shimla,Himachal Pradesh","g304552","d3912805","4.0","https://www.tripadvisor.com/ShowUserReviews-g304552-d3912805-r841990817-Himachal_State_Museum-Shimla_Shimla_District_Himachal_Pradesh.html","https://dynamic-media-cdn.tripadvisor.com/media/photo-o/17/02/6d/da/l0wkey.jpg?w=100&h=-1&s=1","4.0 of 5 bubbles","Underdog of attractions in Shimla",2,"Mostly people visit Shimla for its natural beauty hence this one place goes unnoticed on their list as its a museum. But for people who are interested in the culture, customs and history of this hilly state, there is not a better place than this museum in whole of the HP. after visiting it, you will have a feeling that you have visited almost all of the state. The house itslef in which the museum is located is a good example of wolden houses found in hilly areas. the museum has a rich collection of stone work starting from more than 1000 years old, local attires with jewelry, a full gallery to Kangra miniature paintings and the list goes on. Visit only if you are interested in history and culture else will get bored very easily.","Jan 2015","","","","2024-03-02T17:52:26Z"
"Himachal State Museum","Shimla,Himachal Pradesh","g304552","d3912805","4.0","https://www.tripadvisor.com/ShowUserReviews-g304552-d3912805-r834002502-Himachal_State_Museum-Shimla_Shimla_District_Himachal_Pradesh.html","https://dynamic-media-cdn.tripadvisor.com/media/photo-o/12/2a/43/4f/jaiswalashish.jpg?w=100&h=-1&s=1","5.0 of 5 bubbles","Good place to spend some time and must visit for history lovers and patriots.",77,"It was in the way to Indian Institute of Advanced Studies. We spent 2 hours there. Place is well maintained. Has artefacts from Harappa- Mohenjodero, Himachal History, Sarnath etc. Has some War memorials and artefacts. It has aged well like an old wine. One thing more dont return back to the entry point of Museum if you wish to go ahead with Institute of Advanced Studies. both are almost connected just ask somebody or follow signs and Markings.","Aug 2017","","","","2024-03-02T17:52:26Z"
"Himachal State Museum","Shimla,Himachal Pradesh","g304552","d3912805","4.0","https://www.tripadvisor.com/ShowUserReviews-g304552-d3912805-r746927648-Himachal_State_Museum-Shimla_Shimla_District_Himachal_Pradesh.html","https://dynamic-media-cdn.tripadvisor.com/media/photo-o/1a/f6/e2/81/default-avatar-2020-43.jpg?w=100&h=-1&s=1","3.0 of 5 bubbles","mixed review part good parts poor",39,"Stone, wood etc carvings are excellent as are coins and textiles. Dolls dressed in regional clothing  not so.  Was a lot of modern art on display  to which i couln't  see the point of as old paintings much better.","Mar 2015","","","","2024-03-02T17:52:26Z"
"Himachal State Museum","Shimla,Himachal Pradesh","g304552","d3912805","4.0","https://www.tripadvisor.com/ShowUserReviews-g304552-d3912805-r745221836-Himachal_State_Museum-Shimla_Shimla_District_Himachal_Pradesh.html","https://dynamic-media-cdn.tripadvisor.com/media/photo-o/1a/f6/f4/5d/default-avatar-2020-32.jpg?w=100&h=-1&s=1","5.0 of 5 bubbles","excellent",0,"i really appriciate abt ur web site and your properties i really enjoy there... and like to book again through your help","Sep 2014","","","","2024-03-02T17:52:26Z"
"Himachal State Museum","Shimla,Himachal Pradesh","g304552","d3912805","4.0","https://www.tripadvisor.com/ShowUserReviews-g304552-d3912805-r733205513-Himachal_State_Museum-Shimla_Shimla_District_Himachal_Pradesh.html","https://dynamic-media-cdn.tripadvisor.com/media/photo-o/08/79/63/62/akshat-s.jpg?w=100&h=-1&s=1","3.0 of 5 bubbles","Get to know your ancestors here",39,"Needs more publicity, visibility and maintenance. I really liked the ruins found native to Himachal (Kinnaur) and gold coins. Nothing much happening to see. But the building itself is quite old and resides on a beautiful location.","May 2016","","","","2024-03-02T17:52:26Z"
"Himachal State Museum","Shimla,Himachal Pradesh","g304552","d3912805","4.0","https://www.tripadvisor.com/ShowUserReviews-g304552-d3912805-r728538122-Himachal_State_Museum-Shimla_Shimla_District_Himachal_Pradesh.html","https://dynamic-media-cdn.tripadvisor.com/media/photo-o/1a/f6/e2/4a/default-avatar-2020-42.jpg?w=100&h=-1&s=1","5.0 of 5 bubbles","You have no idea what you have been missing",135,"First of all, its not on Mall Road. In front of the Oberoi Cecil hotel, is one road that goes to the Viceregal Lodge. The other, smaller road that goes up to the Doordarshan Kendra, is the one you need to take. There are no signboards. Go right up to the end of that road. You will reach the Himachal Pradesh State Museum. Tell the driver that the car goes right up and there is enough parking there. Once inside, feel free to lose yourself entirely and completely. If you have young children, they will enjoy the Indian Army section a lot. I went to see rare examples of the Guler School of Pahadi Miniature Art, and was suitably rewarded. There is a real palki of the goddess for the famous Kullu Ka Dashahra,  and there is a model of the Himachali temple - whose architectural style varies considerably from temples elsewhere in the country. There is a room dedicated to local murals and the Chamba Rumaal - beautiful embroidery that looks the same on both sides. The biggest surprise was the sculpture from the Himachal school. I had no idea! It was a total learning experience. There is also a coins gallery. Though not as good as the Coins gallery at the National Museum, Delhi, it is, nonetheless, a great resource for children who have never been exposed to the coin heritage of India. If you are accompanying a child, please do take the time to read, and then explain to the child. One of the things that I cannot get out of my head - is a coin of a bull with inscription in Kharoshthi. The bull is shaped exactly like the bulls found on the Indus Valley seals, but the inscription is in Kharoshthi. If you are an IVC fan (and I am), that coin is remarkable. It provides, to my knowledge, the only evidence of continuity from the IVC to the later Indic civilisations. The other things of note are the miniature paintings and murals depicting women. In these late 18th century paintings, women can be seen writing, reading, playing with a top, smoking a hookah, and drinking wine. These are all solo portraits (meaning no need for a male subject in the picture). This was the India of over a 100 years ago. I think we need to pay attention to these pictures and understand what we are missing in our ""modern"" world.","Jan 2017","","","","2024-03-02T17:52:26Z"
"Himachal State Museum","Shimla,Himachal Pradesh","g304552","d3912805","4.0","https://www.tripadvisor.com/ShowUserReviews-g304552-d3912805-r899341267-Himachal_State_Museum-Shimla_Shimla_District_Himachal_Pradesh.html","https://dynamic-media-cdn.tripadvisor.com/media/photo-o/0b/19/cd/d1/madhulika-l.jpg?w=100&h=-1&s=1","3.0 of 5 bubbles","Small but interesting collection",4,"The Himachal Pradesh State Museum houses a collection of various types of art and heritage, both from within and outside Himachal. The galleries spread across two floors. These include ancient stone carvings; masks; Himachali traditional clothing and jewellery; prehistoric artefacts (arrowheads, plus a little insight into the Suketi Fossil Park); numismatics; Buddhist art; contemporary art; and galleries dedicated to the Indian military. For me, the most interesting galleries were the ones on miniature painting (the Kangra school, in particular, though there are also some fine examples of Punjabi and Rajasthani art); Chamba rumaals; and the beautifully carved wooden pieces on the ground floor. The stone sculptures, from across India (though they also include Himachali artefacts) are also very impressive.Tickets cost Rs 50 per adult and Rs 30 per adult. Camera charges are extra, and also include phone cameras: you have to pay Rs 100 for this.","Jun 2023","","","","2024-03-02T17:52:28Z"
"Himachal State Museum","Shimla,Himachal Pradesh","g304552","d3912805","4.0","https://www.tripadvisor.com/ShowUserReviews-g304552-d3912805-r893931645-Himachal_State_Museum-Shimla_Shimla_District_Himachal_Pradesh.html","https://dynamic-media-cdn.tripadvisor.com/media/photo-o/1a/f6/e8/5b/default-avatar-2020-61.jpg?w=100&h=-1&s=1","3.0 of 5 bubbles","Heavy on sculptures and paintings",398,"Relatively small museum with various collections of clothing, army uniforms, local jewellery, sculptures, weaponry and many paintings and embroideries.  It seemed a bit of a strange mix but then I didn't have any sort of guide to assist me in understanding the exhibits and information was limited as you walked round.  Pleasant enough but not a must do experience.  There was also a 200 rupee charge for using a camera (even a phone camera).","Nov 2022","","","","2024-03-02T17:52:28Z"
"Himachal State Museum","Shimla,Himachal Pradesh","g304552","d3912805","4.0","https://www.tripadvisor.com/ShowUserReviews-g304552-d3912805-r891148711-Himachal_State_Museum-Shimla_Shimla_District_Himachal_Pradesh.html","https://dynamic-media-cdn.tripadvisor.com/media/photo-o/04/c5/34/b7/andrew-d.jpg?w=100&h=-1&s=1","3.0 of 5 bubbles","The Best Museum of State",90,"I was expecting something educational to introduce the various customs and ways of life of the differrent Himachali tribes. Instead, I got a relatively small museum heavy in sculptures and paintings, as well as archaeological digging. Nice, but not essential.","May 2023","","","","2024-03-02T17:52:28Z"
"Himachal State Museum","Shimla,Himachal Pradesh","g304552","d3912805","4.0","https://www.tripadvisor.com/ShowUserReviews-g304552-d3912805-r868769182-Himachal_State_Museum-Shimla_Shimla_District_Himachal_Pradesh.html","https://dynamic-media-cdn.tripadvisor.com/media/photo-o/1a/f6/f3/7c/default-avatar-2020-29.jpg?w=100&h=-1&s=1","4.0 of 5 bubbles","Superb !",194,"It is must visit museum for art lovers. It is reasonably big and  requires more than one hour. Different art and craft works of Himachal are placed there.","May 2022","","","","2024-03-02T17:52:28Z"
"Himachal State Museum","Shimla,Himachal Pradesh","g304552","d3912805","4.0","https://www.tripadvisor.com/ShowUserReviews-g304552-d3912805-r841990817-Himachal_State_Museum-Shimla_Shimla_District_Himachal_Pradesh.html","https://dynamic-media-cdn.tripadvisor.com/media/photo-o/1c/22/fd/1c/caption.jpg?w=100&h=-1&s=1","5.0 of 5 bubbles","Underdog of attractions in Shimla",2,"The state museum shimla is a best historical and archeological place to visit Consists of many tools and weapons of historic era Collection of tools used by early men Coins of post Gupta period And many more to see","Jun 2022","","","","2024-03-02T17:52:28Z"
"Himachal State Museum","Shimla,Himachal Pradesh","g304552","d3912805","4.0","https://www.tripadvisor.com/ShowUserReviews-g304552-d3912805-r834002502-Himachal_State_Museum-Shimla_Shimla_District_Himachal_Pradesh.html","https://dynamic-media-cdn.tripadvisor.com/media/photo-o/04/8e/ff/0f/sunnywin.jpg?w=100&h=-1&s=1","3.0 of 5 bubbles","Good place to spend some time and must visit for history lovers and patriots.",77,"I have been to better museums, this one is quite eclectic but ok. If you have time to kill before a train then this is a good place to visit as you can leave your bag at reception but if you only have limited time in Shimla you wouldn't be missing much if you gave this place a miss","Apr 2022","","","","2024-03-02T17:52:28Z"
"Himachal State Museum","Shimla,Himachal Pradesh","g304552","d3912805","4.0","https://www.tripadvisor.com/ShowUserReviews-g304552-d3912805-r746927648-Himachal_State_Museum-Shimla_Shimla_District_Himachal_Pradesh.html","https://dynamic-media-cdn.tripadvisor.com/media/photo-o/1a/f6/7c/01/default-avatar-2020-5.jpg?w=100&h=-1&s=1","5.0 of 5 bubbles","mixed review part good parts poor",39,"This place sums up the entire Himachal state very beautifully as it gives a very good glimpse of the diverse state of Himachal. Must visit","Jan 2020","","","","2024-03-02T17:52:28Z"
"Himachal State Museum","Shimla,Himachal Pradesh","g304552","d3912805","4.0","https://www.tripadvisor.com/ShowUserReviews-g304552-d3912805-r745221836-Himachal_State_Museum-Shimla_Shimla_District_Himachal_Pradesh.html","https://dynamic-media-cdn.tripadvisor.com/media/photo-o/1a/f6/ef/9c/default-avatar-2020-14.jpg?w=100&h=-1&s=1","4.0 of 5 bubbles","excellent",0,"Several themed rooms that detail the history of the area.from prehistoric to modern times.  Also houses art, coin and jewellery collection","Feb 2020","","","","2024-03-02T17:52:28Z"
"Himachal State Museum","Shimla,Himachal Pradesh","g304552","d3912805","4.0","https://www.tripadvisor.com/ShowUserReviews-g304552-d3912805-r733205513-Himachal_State_Museum-Shimla_Shimla_District_Himachal_Pradesh.html","https://dynamic-media-cdn.tripadvisor.com/media/photo-o/1a/f6/e4/a9/default-avatar-2020-50.jpg?w=100&h=-1&s=1","5.0 of 5 bubbles","Get to know your ancestors here",39,"The State Museum Shimla was opened on January 26, 1974 Entry Fee : Indian - Rs. 30.00 Foreigner - Rs.  100.00","Oct 2019","","","","2024-03-02T17:52:28Z"
"Himachal State Museum","Shimla,Himachal Pradesh","g304552","d3912805","4.0","https://www.tripadvisor.com/ShowUserReviews-g304552-d3912805-r728538122-Himachal_State_Museum-Shimla_Shimla_District_Himachal_Pradesh.html","https://dynamic-media-cdn.tripadvisor.com/media/photo-o/1a/f6/e8/91/default-avatar-2020-62.jpg?w=100&h=-1&s=1","5.0 of 5 bubbles","You have no idea what you have been missing",135,"Himachal State Museum Shimla is housed in an old Victorian mansion ‘Inverarm’ which was carefully altered to adapt it to the museum. Inverarm was a small mud roofed house in the early 1860 and belonged to General Innes, which later owned by the ruler of Sirmour and later taken over by the Imperial Government. It was then enlarged, and became for many years the private residence of Lord William Beresford, Military Secretary to the Viceroy. After Lord William Beresford left India it was occupied for some years by General Sir Edwin Collen, and next by Sir Edward Law, financial Member of the Council. Lately it had been the temporary home of Sir Sankaran Nair, and Sir Mohamed Shah and other Government officers. In 1973 the building was transferred to open the Himachal State Museum and on 26th January, 1974 museum was inaugurated by the then Governor S. Chakravarti.","Dec 2018","","","","2024-03-02T17:52:28Z"
"Himachal State Museum","Shimla,Himachal Pradesh","g304552","d3912805","4.0","https://www.tripadvisor.com/ShowUserReviews-g304552-d3912805-r899341267-Himachal_State_Museum-Shimla_Shimla_District_Himachal_Pradesh.html","https://dynamic-media-cdn.tripadvisor.com/media/photo-o/0b/19/cd/d1/madhulika-l.jpg?w=100&h=-1&s=1","3.0 of 5 bubbles","Small but interesting collection",4,"The Himachal Pradesh State Museum houses a collection of various types of art and heritage, both from within and outside Himachal. The galleries spread across two floors. These include ancient stone carvings; masks; Himachali traditional clothing and jewellery; prehistoric artefacts (arrowheads, plus a little insight into the Suketi Fossil Park); numismatics; Buddhist art; contemporary art; and galleries dedicated to the Indian military. For me, the most interesting galleries were the ones on miniature painting (the Kangra school, in particular, though there are also some fine examples of Punjabi and Rajasthani art); Chamba rumaals; and the beautifully carved wooden pieces on the ground floor. The stone sculptures, from across India (though they also include Himachali artefacts) are also very impressive.Tickets cost Rs 50 per adult and Rs 30 per adult. Camera charges are extra, and also include phone cameras: you have to pay Rs 100 for this.","Jun 2023","","","","2024-03-02T17:52:30Z"
"Himachal State Museum","Shimla,Himachal Pradesh","g304552","d3912805","4.0","https://www.tripadvisor.com/ShowUserReviews-g304552-d3912805-r891148711-Himachal_State_Museum-Shimla_Shimla_District_Himachal_Pradesh.html","https://dynamic-media-cdn.tripadvisor.com/media/photo-o/04/c5/34/b7/andrew-d.jpg?w=100&h=-1&s=1","3.0 of 5 bubbles","Fairly niche",791,"Relatively small museum with various collections of clothing, army uniforms, local jewellery, sculptures, weaponry and many paintings and embroideries.  It seemed a bit of a strange mix but then I didn't have any sort of guide to assist me in understanding the exhibits and information was limited as you walked round.  Pleasant enough but not a must do experience.  There was also a 200 rupee charge for using a camera (even a phone camera).","Nov 2022","","","","2024-03-02T17:52:30Z"
"Himachal State Museum","Shimla,Himachal Pradesh","g304552","d3912805","4.0","https://www.tripadvisor.com/ShowUserReviews-g304552-d3912805-r616490970-Himachal_State_Museum-Shimla_Shimla_District_Himachal_Pradesh.html","https://dynamic-media-cdn.tripadvisor.com/media/photo-o/12/cb/bd/24/sachin-k.jpg?w=100&h=-1&s=1","3.0 of 5 bubbles","Heavy on sculptures and paintings",398,"I was expecting something educational to introduce the various customs and ways of life of the differrent Himachali tribes. Instead, I got a relatively small museum heavy in sculptures and paintings, as well as archaeological digging. Nice, but not essential.","May 2023","","","","2024-03-02T17:52:30Z"
"Himachal State Museum","Shimla,Himachal Pradesh","g304552","d3912805","4.0","https://www.tripadvisor.com/ShowUserReviews-g304552-d3912805-r259397595-Himachal_State_Museum-Shimla_Shimla_District_Himachal_Pradesh.html","https://dynamic-media-cdn.tripadvisor.com/media/photo-o/18/09/3f/45/avatar.jpg?w=100&h=-1&s=1","4.0 of 5 bubbles","Nice place for art lover",106,"It is must visit museum for art lovers. It is reasonably big and  requires more than one hour. Different art and craft works of Himachal are placed there.","May 2022","","","","2024-03-02T17:52:30Z"
"Himachal State Museum","Shimla,Himachal Pradesh","g304552","d3912805","4.0","https://www.tripadvisor.com/ShowUserReviews-g304552-d3912805-r255912270-Himachal_State_Museum-Shimla_Shimla_District_Himachal_Pradesh.html","https://dynamic-media-cdn.tripadvisor.com/media/photo-o/17/02/6d/da/l0wkey.jpg?w=100&h=-1&s=1","5.0 of 5 bubbles","Historical place",49,"The state museum shimla is a best historical and archeological place to visit Consists of many tools and weapons of historic era Collection of tools used by early men Coins of post Gupta period And many more to see","Jun 2022","","","","2024-03-02T17:52:30Z"
"Himachal State Museum","Shimla,Himachal Pradesh","g304552","d3912805","4.0","https://www.tripadvisor.com/ShowUserReviews-g304552-d3912805-r562854252-Himachal_State_Museum-Shimla_Shimla_District_Himachal_Pradesh.html","https://dynamic-media-cdn.tripadvisor.com/media/photo-o/12/2a/43/4f/jaiswalashish.jpg?w=100&h=-1&s=1","3.0 of 5 bubbles","Standard",475,"I have been to better museums, this one is quite eclectic but ok. If you have time to kill before a train then this is a good place to visit as you can leave your bag at reception but if you only have limited time in Shimla you wouldn't be missing much if you gave this place a miss","Apr 2022","","","","2024-03-02T17:52:30Z"
"Himachal State Museum","Shimla,Himachal Pradesh","g304552","d3912805","4.0","https://www.tripadvisor.com/ShowUserReviews-g304552-d3912805-r261024698-Himachal_State_Museum-Shimla_Shimla_District_Himachal_Pradesh.html","https://dynamic-media-cdn.tripadvisor.com/media/photo-o/1a/f6/e2/81/default-avatar-2020-43.jpg?w=100&h=-1&s=1","5.0 of 5 bubbles","Important and must visit place",592,"This place sums up the entire Himachal state very beautifully as it gives a very good glimpse of the diverse state of Himachal. Must visit","Jan 2020","","","","2024-03-02T17:52:30Z"
"Himachal State Museum","Shimla,Himachal Pradesh","g304552","d3912805","4.0","https://www.tripadvisor.com/ShowUserReviews-g304552-d3912805-r239744753-Himachal_State_Museum-Shimla_Shimla_District_Himachal_Pradesh.html","https://dynamic-media-cdn.tripadvisor.com/media/photo-o/1a/f6/f4/5d/default-avatar-2020-32.jpg?w=100&h=-1&s=1","4.0 of 5 bubbles","Quirky collection but worth a look",59,"Several themed rooms that detail the history of the area.from prehistoric to modern times.  Also houses art, coin and jewellery collection","Feb 2020","","","","2024-03-02T17:52:30Z"
"Himachal State Museum","Shimla,Himachal Pradesh","g304552","d3912805","4.0","https://www.tripadvisor.com/ShowUserReviews-g304552-d3912805-r477003934-Himachal_State_Museum-Shimla_Shimla_District_Himachal_Pradesh.html","https://dynamic-media-cdn.tripadvisor.com/media/photo-o/08/79/63/62/akshat-s.jpg?w=100&h=-1&s=1","5.0 of 5 bubbles","nice",434,"The State Museum Shimla was opened on January 26, 1974 Entry Fee : Indian - Rs. 30.00 Foreigner - Rs.  100.00","Oct 2019","","","","2024-03-02T17:52:30Z"
"Himachal State Museum","Shimla,Himachal Pradesh","g304552","d3912805","4.0","https://www.tripadvisor.com/ShowUserReviews-g304552-d3912805-r455781595-Himachal_State_Museum-Shimla_Shimla_District_Himachal_Pradesh.html","https://dynamic-media-cdn.tripadvisor.com/media/photo-o/1a/f6/e2/4a/default-avatar-2020-42.jpg?w=100&h=-1&s=1","5.0 of 5 bubbles","Art & artifacts such as ancient tools, dolls, coins & traditional garments in a Victorian mansion.",0,"Himachal State Museum Shimla is housed in an old Victorian mansion ‘Inverarm’ which was carefully altered to adapt it to the museum. Inverarm was a small mud roofed house in the early 1860 and belonged to General Innes, which later owned by the ruler of Sirmour and later taken over by the Imperial Government. It was then enlarged, and became for many years the private residence of Lord William Beresford, Military Secretary to the Viceroy. After Lord William Beresford left India it was occupied for some years by General Sir Edwin Collen, and next by Sir Edward Law, financial Member of the Council. Lately it had been the temporary home of Sir Sankaran Nair, and Sir Mohamed Shah and other Government officers. In 1973 the building was transferred to open the Himachal State Museum and on 26th January, 1974 museum was inaugurated by the then Governor S. Chakravarti.","Dec 2018","","","","2024-03-02T17:52:30Z"
"Himachal State Museum","Shimla,Himachal Pradesh","g304552","d3912805","4.0","https://www.tripadvisor.com/ShowUserReviews-g304552-d3912805-r899341267-Himachal_State_Museum-Shimla_Shimla_District_Himachal_Pradesh.html","https://dynamic-media-cdn.tripadvisor.com/media/photo-o/0b/19/cd/d1/madhulika-l.jpg?w=100&h=-1&s=1","3.0 of 5 bubbles","Small but interesting collection",4,"The Himachal Pradesh State Museum houses a collection of various types of art and heritage, both from within and outside Himachal. The galleries spread across two floors. These include ancient stone carvings; masks; Himachali traditional clothing and jewellery; prehistoric artefacts (arrowheads, plus a little insight into the Suketi Fossil Park); numismatics; Buddhist art; contemporary art; and galleries dedicated to the Indian military. For me, the most interesting galleries were the ones on miniature painting (the Kangra school, in particular, though there are also some fine examples of Punjabi and Rajasthani art); Chamba rumaals; and the beautifully carved wooden pieces on the ground floor. The stone sculptures, from across India (though they also include Himachali artefacts) are also very impressive.Tickets cost Rs 50 per adult and Rs 30 per adult. Camera charges are extra, and also include phone cameras: you have to pay Rs 100 for this.","Jun 2023","","","","2024-03-02T17:52:32Z"
"Himachal State Museum","Shimla,Himachal Pradesh","g304552","d3912805","4.0","https://www.tripadvisor.com/ShowUserReviews-g304552-d3912805-r891148711-Himachal_State_Museum-Shimla_Shimla_District_Himachal_Pradesh.html","https://dynamic-media-cdn.tripadvisor.com/media/photo-o/1a/f6/e8/5b/default-avatar-2020-61.jpg?w=100&h=-1&s=1","3.0 of 5 bubbles","Heavy on sculptures and paintings",398,"Relatively small museum with various collections of clothing, army uniforms, local jewellery, sculptures, weaponry and many paintings and embroideries.  It seemed a bit of a strange mix but then I didn't have any sort of guide to assist me in understanding the exhibits and information was limited as you walked round.  Pleasant enough but not a must do experience.  There was also a 200 rupee charge for using a camera (even a phone camera).","May 2023","","","","2024-03-02T17:52:32Z"
"Himachal State Museum","Shimla,Himachal Pradesh","g304552","d3912805","4.0","https://www.tripadvisor.com/ShowUserReviews-g304552-d3912805-r616490970-Himachal_State_Museum-Shimla_Shimla_District_Himachal_Pradesh.html","https://dynamic-media-cdn.tripadvisor.com/media/photo-o/04/c5/34/b7/andrew-d.jpg?w=100&h=-1&s=1","5.0 of 5 bubbles","The Best Museum of State",90,"I was expecting something educational to introduce the various customs and ways of life of the differrent Himachali tribes. Instead, I got a relatively small museum heavy in sculptures and paintings, as well as archaeological digging. Nice, but not essential.","Sep 2018","","","","2024-03-02T17:52:32Z"
"Himachal State Museum","Shimla,Himachal Pradesh","g304552","d3912805","4.0","https://www.tripadvisor.com/ShowUserReviews-g304552-d3912805-r259397595-Himachal_State_Museum-Shimla_Shimla_District_Himachal_Pradesh.html","https://dynamic-media-cdn.tripadvisor.com/media/photo-o/1a/f6/f3/7c/default-avatar-2020-29.jpg?w=100&h=-1&s=1","5.0 of 5 bubbles","Superb !",194,"It is must visit museum for art lovers. It is reasonably big and  requires more than one hour. Different art and craft works of Himachal are placed there.","Jan 2015","","","","2024-03-02T17:52:32Z"
"Himachal State Museum","Shimla,Himachal Pradesh","g304552","d3912805","4.0","https://www.tripadvisor.com/ShowUserReviews-g304552-d3912805-r255912270-Himachal_State_Museum-Shimla_Shimla_District_Himachal_Pradesh.html","https://dynamic-media-cdn.tripadvisor.com/media/photo-o/1c/22/fd/1c/caption.jpg?w=100&h=-1&s=1","4.0 of 5 bubbles","Underdog of attractions in Shimla",2,"The state museum shimla is a best historical and archeological place to visit Consists of many tools and weapons of historic era Collection of tools used by early men Coins of post Gupta period And many more to see","Jan 2015","","","","2024-03-02T17:52:32Z"
"Himachal State Museum","Shimla,Himachal Pradesh","g304552","d3912805","4.0","https://www.tripadvisor.com/ShowUserReviews-g304552-d3912805-r562854252-Himachal_State_Museum-Shimla_Shimla_District_Himachal_Pradesh.html","https://dynamic-media-cdn.tripadvisor.com/media/photo-o/04/8e/ff/0f/sunnywin.jpg?w=100&h=-1&s=1","5.0 of 5 bubbles","Good place to spend some time and must visit for history lovers and patriots.",77,"I have been to better museums, this one is quite eclectic but ok. If you have time to kill before a train then this is a good place to visit as you can leave your bag at reception but if you only have limited time in Shimla you wouldn't be missing much if you gave this place a miss","Aug 2017","","","","2024-03-02T17:52:32Z"
"Himachal State Museum","Shimla,Himachal Pradesh","g304552","d3912805","4.0","https://www.tripadvisor.com/ShowUserReviews-g304552-d3912805-r261024698-Himachal_State_Museum-Shimla_Shimla_District_Himachal_Pradesh.html","https://dynamic-media-cdn.tripadvisor.com/media/photo-o/1a/f6/7c/01/default-avatar-2020-5.jpg?w=100&h=-1&s=1","3.0 of 5 bubbles","mixed review part good parts poor",39,"This place sums up the entire Himachal state very beautifully as it gives a very good glimpse of the diverse state of Himachal. Must visit","Mar 2015","","","","2024-03-02T17:52:32Z"
"Himachal State Museum","Shimla,Himachal Pradesh","g304552","d3912805","4.0","https://www.tripadvisor.com/ShowUserReviews-g304552-d3912805-r239744753-Himachal_State_Museum-Shimla_Shimla_District_Himachal_Pradesh.html","https://dynamic-media-cdn.tripadvisor.com/media/photo-o/1a/f6/ef/9c/default-avatar-2020-14.jpg?w=100&h=-1&s=1","5.0 of 5 bubbles","excellent",0,"Several themed rooms that detail the history of the area.from prehistoric to modern times.  Also houses art, coin and jewellery collection","Sep 2014","","","","2024-03-02T17:52:32Z"
"Himachal State Museum","Shimla,Himachal Pradesh","g304552","d3912805","4.0","https://www.tripadvisor.com/ShowUserReviews-g304552-d3912805-r477003934-Himachal_State_Museum-Shimla_Shimla_District_Himachal_Pradesh.html","https://dynamic-media-cdn.tripadvisor.com/media/photo-o/1a/f6/e4/a9/default-avatar-2020-50.jpg?w=100&h=-1&s=1","3.0 of 5 bubbles","Get to know your ancestors here",39,"The State Museum Shimla was opened on January 26, 1974 Entry Fee : Indian - Rs. 30.00 Foreigner - Rs.  100.00","May 2016","","","","2024-03-02T17:52:32Z"
"Himachal State Museum","Shimla,Himachal Pradesh","g304552","d3912805","4.0","https://www.tripadvisor.com/ShowUserReviews-g304552-d3912805-r455781595-Himachal_State_Museum-Shimla_Shimla_District_Himachal_Pradesh.html","https://dynamic-media-cdn.tripadvisor.com/media/photo-o/1a/f6/e8/91/default-avatar-2020-62.jpg?w=100&h=-1&s=1","5.0 of 5 bubbles","You have no idea what you have been missing",135,"Himachal State Museum Shimla is housed in an old Victorian mansion ‘Inverarm’ which was carefully altered to adapt it to the museum. Inverarm was a small mud roofed house in the early 1860 and belonged to General Innes, which later owned by the ruler of Sirmour and later taken over by the Imperial Government. It was then enlarged, and became for many years the private residence of Lord William Beresford, Military Secretary to the Viceroy. After Lord William Beresford left India it was occupied for some years by General Sir Edwin Collen, and next by Sir Edward Law, financial Member of the Council. Lately it had been the temporary home of Sir Sankaran Nair, and Sir Mohamed Shah and other Government officers. In 1973 the building was transferred to open the Himachal State Museum and on 26th January, 1974 museum was inaugurated by the then Governor S. Chakravarti.","Jan 2017","","","","2024-03-02T17:52:32Z"
