"names","address","geo_id","hotel_id","rating","url","profile_image","review_score","review_heading","profile_contr","review_body","date_of_stay","company_responder","company_response","company_response_date","timestamp"
"Shimla Water Catchment Wildlife Sanctuary","Shimla,Himachal Pradesh","g304552","d8093299","4.5","https://www.tripadvisor.com/ShowUserReviews-g304552-d8093299-r861788574-Shimla_Water_Catchment_Wildlife_Sanctuary-Shimla_Shimla_District_Himachal_Prades.html","https://dynamic-media-cdn.tripadvisor.com/media/photo-o/1a/f6/eb/a3/default-avatar-2020-38.jpg?w=100&h=-1&s=1","5.0 of 5 bubbles","Spotless clean and tranquil ",11,"Shimla water catchment wildlife sanctuary is very beautiful place surrounded by a very dense cedar forest. It has 14 Km long track. Which can be either explored by feet or by a bicycle. And bicycle (mountain bike? is the best and fun option. Which can be rented there for 200 rupees only. Since I am a cycling enthusiast, I had so much fun riding there and was also mesmerized by the Beauty and calmness of the forest. I will recommend everyone to try this at least once, who is visiting Shimla.","Sep 2022","","","","2024-03-02T17:57:00Z"
"Shimla Water Catchment Wildlife Sanctuary","Shimla,Himachal Pradesh","g304552","d8093299","4.5","https://www.tripadvisor.com/ShowUserReviews-g304552-d8093299-r860651713-Shimla_Water_Catchment_Wildlife_Sanctuary-Shimla_Shimla_District_Himachal_Prades.html","https://dynamic-media-cdn.tripadvisor.com/media/photo-o/1a/f6/f3/23/default-avatar-2020-28.jpg?w=100&h=-1&s=1","5.0 of 5 bubbles","Awesome nature walk",2,"A beautiful place in the midst of nature and a thick deodar forest with lots of wildlife.The best way to explore this area is by renting a bicycle (available for 200 rs) to cycle through the park (one side is 7 km).For me the best thing to do in Shimla, if you want to experience nature and be a bit active. The boys who rent bicycles can even organize full-day mountain bike, hiking and camping tours in Shimla. I highly recommend doing that!","May 2015","","","","2024-03-02T17:57:00Z"
"Shimla Water Catchment Wildlife Sanctuary","Shimla,Himachal Pradesh","g304552","d8093299","4.5","https://www.tripadvisor.com/ShowUserReviews-g304552-d8093299-r784891641-Shimla_Water_Catchment_Wildlife_Sanctuary-Shimla_Shimla_District_Himachal_Prades.html","https://dynamic-media-cdn.tripadvisor.com/media/photo-s/01/df/e2/5f/debabrata19.jpg?w=100&h=-1&s=1","4.0 of 5 bubbles","Calm Area",90,"The water catchment area provide for an amazing nature walk. The road is at the same level so you do not feel exhausted due to the hill climbs. There are benches on which you can sit around, if you feel tired. You can even rent a bicycle or carry your own. It is a really nice place to go to. We did not go very far so we’re unable to see the full sanctuary.","Mar 2018","","","","2024-03-02T17:57:00Z"
"Shimla Water Catchment Wildlife Sanctuary","Shimla,Himachal Pradesh","g304552","d8093299","4.5","https://www.tripadvisor.com/ShowUserReviews-g304552-d8093299-r752704557-Shimla_Water_Catchment_Wildlife_Sanctuary-Shimla_Shimla_District_Himachal_Prades.html","https://dynamic-media-cdn.tripadvisor.com/media/photo-o/05/e2/eb/c4/leenafalnikar.jpg?w=100&h=-1&s=1","5.0 of 5 bubbles","A  Day to remember",247,"It’s nature trail . It’s about 7 km walk near green valley .Do not liter Please. Take snacks  and water as there is no restaurant inside. Entry fee is nominal. We went there for walk with our toddler and walked about 4km as our baby could manage that much walk . It’s serene beauty of nature","Nov 2018","","","","2024-03-02T17:57:00Z"
"Shimla Water Catchment Wildlife Sanctuary","Shimla,Himachal Pradesh","g304552","d8093299","4.5","https://www.tripadvisor.com/ShowUserReviews-g304552-d8093299-r744594107-Shimla_Water_Catchment_Wildlife_Sanctuary-Shimla_Shimla_District_Himachal_Prades.html","https://dynamic-media-cdn.tripadvisor.com/media/photo-o/15/2b/a5/20/experience360646.jpg?w=100&h=-1&s=1","5.0 of 5 bubbles","One of the finest walking/ cycling trails around shimla",118,"Truly amazing place for easy hiking! I think this is the best nature reserve I have seen so far in India compared to other poorly managed parks and reserves. They have done a decent job to keep this place in order and clean. I have to say that this place is almost spotless clean, despite you might see some trash in the ditch areas. The trash are not generated from the park, in fact they are from the highway flushed into the reserve. You can’t really complain too much. It’s a flat easy walk, make sure you only follow the signs, they are serious and clean to understand. The trek stretches maybe over 30km, who knows. In terms of wild animals, I saw only a deer in distance, but don’t be discouraged. Remember, this is the home of wildlife, you didn’t get an invite to come here. The animals don’t have to come to see you simply because it’s their home. You just need to enjoy the beauty of Mother Nature, there are still so many to see. Bikes are also available to rent.","Mar 2015","","","","2024-03-02T17:57:00Z"
"Shimla Water Catchment Wildlife Sanctuary","Shimla,Himachal Pradesh","g304552","d8093299","4.5","https://www.tripadvisor.com/ShowUserReviews-g304552-d8093299-r704493990-Shimla_Water_Catchment_Wildlife_Sanctuary-Shimla_Shimla_District_Himachal_Prades.html","https://dynamic-media-cdn.tripadvisor.com/media/photo-l/01/2a/fd/9b/avatar.jpg?w=100&h=-1&s=1","5.0 of 5 bubbles","Comfortable walk of 15 kilometres ",118,"Though I've been to shimla a couple of times but wanted to try something new. So here we landed on a cool day... Probably the only visitors for the day. We took bicycles offered at the entrance. Bicycle rent seems high in context of the bicycle condition. Trail was good. We went up to 3.5kms and came back in around an hour. Will definitely come again to see the whole 7km trail. Best time to visit will be Aug end or September as it will be lush green, monsoons are over and winters are away.","Apr 2017","","","","2024-03-02T17:57:00Z"
"Shimla Water Catchment Wildlife Sanctuary","Shimla,Himachal Pradesh","g304552","d8093299","4.5","https://www.tripadvisor.com/ShowUserReviews-g304552-d8093299-r700953162-Shimla_Water_Catchment_Wildlife_Sanctuary-Shimla_Shimla_District_Himachal_Prades.html","https://dynamic-media-cdn.tripadvisor.com/media/photo-o/1a/f6/de/0a/default-avatar-2020-35.jpg?w=100&h=-1&s=1","5.0 of 5 bubbles","Quiet ocean of green",42,"If you are nature lover and bird watchers this is the place.Mesmerising deep dense forest where you are totally into the nature.At the entrance of the gate ticket need to be taken to visit as there is limit of visitors.It is a 7 kms walk and you can do cycling also.Cycles can be hired there only.","Dec 2014","","","","2024-03-02T17:57:00Z"
"Shimla Water Catchment Wildlife Sanctuary","Shimla,Himachal Pradesh","g304552","d8093299","4.5","https://www.tripadvisor.com/ShowUserReviews-g304552-d8093299-r678290989-Shimla_Water_Catchment_Wildlife_Sanctuary-Shimla_Shimla_District_Himachal_Prades.html","https://dynamic-media-cdn.tripadvisor.com/media/photo-o/0e/a9/28/2b/iyeraarthi.jpg?w=100&h=-1&s=1","4.0 of 5 bubbles","An inviting jungle near Shimla city",69,"This is not a very touristy place, if thats your need, this isnt for you. Not many tourists visit here, but if you visit Shimla for its weather, pollution free air, enjoy long walks, want to be in the midst of nature, and like to see what does it feel like inside a forest, gazing at the birds and various types of Himalayan flora fauna, this is the perfect place. This is a 7 km stretch which takes you inside the forest, previously meant for water supply to Shimla, now not in use as much. The 7 km is one way stretch, takes you about 2 hours to walk one way. there are options of cycling inside as well, cycles are available on rent here. Better to go with good walking shoes, drinking water and camera if you like. light snacks can be taken as well, cos there isnt anything you would be able to buy inside. We saw langoors, varity of birds, butterflies, various kinds of pines and oak trees, and  snakes too. Lot of people have spotted deers too. Better to go in small groups to enjoy the silence. Also, the best part is its not very tiring as its a plane walk and not uphill.Not meant for kids below 10, and people with knee problems, I would say. For Rs100 ticket, I think its a steal.","Sep 2022","","","","2024-03-02T17:57:00Z"
"Shimla Water Catchment Wildlife Sanctuary","Shimla,Himachal Pradesh","g304552","d8093299","4.5","https://www.tripadvisor.com/ShowUserReviews-g304552-d8093299-r670066063-Shimla_Water_Catchment_Wildlife_Sanctuary-Shimla_Shimla_District_Himachal_Prades.html","https://dynamic-media-cdn.tripadvisor.com/media/photo-o/1a/f6/f4/5d/default-avatar-2020-32.jpg?w=100&h=-1&s=1","5.0 of 5 bubbles","Must do",59,"The place is a forest and has its look like a forest.People are allowed to have a wild life experience.","Aug 2019","","","","2024-03-02T17:57:00Z"
"Shimla Water Catchment Wildlife Sanctuary","Shimla,Himachal Pradesh","g304552","d8093299","4.5","https://www.tripadvisor.com/ShowUserReviews-g304552-d8093299-r636861326-Shimla_Water_Catchment_Wildlife_Sanctuary-Shimla_Shimla_District_Himachal_Prades.html","https://dynamic-media-cdn.tripadvisor.com/media/photo-o/1a/f6/df/2b/default-avatar-2020-39.jpg?w=100&h=-1&s=1","4.0 of 5 bubbles","Amazing place.. Awesome sightings..",17,"To be honest, stories of leopard sightings got us interested in this relatively unheard of ""Sanctuary"". Its a bear 10km from Shimla on the Kufri - Narkanda Road - right ON the highway. Tickets were 100/ , students' concessional ones for 50/-. One has to park outside the gate and then its a 8km walk to the end point where there is the water-catchment lake. After the first 1 km, the sounds of traffic fade out. The walk goes from shady paths to sun-drenched, through thick growth of fern, pines, cedar, oak. There is a forest bungalow at the end - a 1 km uphill road leads off the main road at the 6 or 6.5 km mark. One problem is - there is no drinking water source nor any toilet except at the gate office. Good walking shoes, water bottle and toffees are recommended. Unfortunately - we came across no leopards.","Aug 2019","","","","2024-03-02T17:57:00Z"
"Shimla Water Catchment Wildlife Sanctuary","Shimla,Himachal Pradesh","g304552","d8093299","4.5","https://www.tripadvisor.com/ShowUserReviews-g304552-d8093299-r861788574-Shimla_Water_Catchment_Wildlife_Sanctuary-Shimla_Shimla_District_Himachal_Prades.html","https://dynamic-media-cdn.tripadvisor.com/media/photo-o/1a/f6/eb/a3/default-avatar-2020-38.jpg?w=100&h=-1&s=1","5.0 of 5 bubbles","A  Day to remember",11,"Shimla water catchment wildlife sanctuary is very beautiful place surrounded by a very dense cedar forest. It has 14 Km long track. Which can be either explored by feet or by a bicycle. And bicycle (mountain bike? is the best and fun option. Which can be rented there for 200 rupees only. Since I am a cycling enthusiast, I had so much fun riding there and was also mesmerized by the Beauty and calmness of the forest. I will recommend everyone to try this at least once, who is visiting Shimla.","Sep 2022","","","","2024-03-02T17:57:01Z"
"Shimla Water Catchment Wildlife Sanctuary","Shimla,Himachal Pradesh","g304552","d8093299","4.5","https://www.tripadvisor.com/ShowUserReviews-g304552-d8093299-r272267566-Shimla_Water_Catchment_Wildlife_Sanctuary-Shimla_Shimla_District_Himachal_Prades.html","https://dynamic-media-cdn.tripadvisor.com/media/photo-o/17/02/6d/da/l0wkey.jpg?w=100&h=-1&s=1","5.0 of 5 bubbles","One of the finest walking/ cycling trails around shimla",2,"A beautiful place in the midst of nature and a thick deodar forest with lots of wildlife.The best way to explore this area is by renting a bicycle (available for 200 rs) to cycle through the park (one side is 7 km).For me the best thing to do in Shimla, if you want to experience nature and be a bit active. The boys who rent bicycles can even organize full-day mountain bike, hiking and camping tours in Shimla. I highly recommend doing that!","May 2015","","","","2024-03-02T17:57:01Z"
"Shimla Water Catchment Wildlife Sanctuary","Shimla,Himachal Pradesh","g304552","d8093299","4.5","https://www.tripadvisor.com/ShowUserReviews-g304552-d8093299-r568079076-Shimla_Water_Catchment_Wildlife_Sanctuary-Shimla_Shimla_District_Himachal_Prades.html","https://dynamic-media-cdn.tripadvisor.com/media/photo-o/12/cb/bd/24/sachin-k.jpg?w=100&h=-1&s=1","5.0 of 5 bubbles","Comfortable walk of 15 kilometres ",90,"The water catchment area provide for an amazing nature walk. The road is at the same level so you do not feel exhausted due to the hill climbs. There are benches on which you can sit around, if you feel tired. You can even rent a bicycle or carry your own. It is a really nice place to go to. We did not go very far so we’re unable to see the full sanctuary.","Mar 2018","","","","2024-03-02T17:57:01Z"
"Shimla Water Catchment Wildlife Sanctuary","Shimla,Himachal Pradesh","g304552","d8093299","4.5","https://www.tripadvisor.com/ShowUserReviews-g304552-d8093299-r636861326-Shimla_Water_Catchment_Wildlife_Sanctuary-Shimla_Shimla_District_Himachal_Prades.html","https://dynamic-media-cdn.tripadvisor.com/media/photo-o/1a/f6/df/2b/default-avatar-2020-39.jpg?w=100&h=-1&s=1","4.0 of 5 bubbles","Quiet ocean of green",247,"It’s nature trail . It’s about 7 km walk near green valley .Do not liter Please. Take snacks  and water as there is no restaurant inside. Entry fee is nominal. We went there for walk with our toddler and walked about 4km as our baby could manage that much walk . It’s serene beauty of nature","Nov 2018","","","","2024-03-02T17:57:01Z"
"Shimla Water Catchment Wildlife Sanctuary","Shimla,Himachal Pradesh","g304552","d8093299","4.5","https://www.tripadvisor.com/ShowUserReviews-g304552-d8093299-r342112512-Shimla_Water_Catchment_Wildlife_Sanctuary-Shimla_Shimla_District_Himachal_Prades.html","https://dynamic-media-cdn.tripadvisor.com/media/photo-o/09/a3/41/2a/ashesh-g.jpg?w=100&h=-1&s=1","5.0 of 5 bubbles","An inviting jungle near Shimla city",118,"Truly amazing place for easy hiking! I think this is the best nature reserve I have seen so far in India compared to other poorly managed parks and reserves. They have done a decent job to keep this place in order and clean. I have to say that this place is almost spotless clean, despite you might see some trash in the ditch areas. The trash are not generated from the park, in fact they are from the highway flushed into the reserve. You can’t really complain too much. It’s a flat easy walk, make sure you only follow the signs, they are serious and clean to understand. The trek stretches maybe over 30km, who knows. In terms of wild animals, I saw only a deer in distance, but don’t be discouraged. Remember, this is the home of wildlife, you didn’t get an invite to come here. The animals don’t have to come to see you simply because it’s their home. You just need to enjoy the beauty of Mother Nature, there are still so many to see. Bikes are also available to rent.","Mar 2015","","","","2024-03-02T17:57:01Z"
"Shimla Water Catchment Wildlife Sanctuary","Shimla,Himachal Pradesh","g304552","d8093299","4.5","https://www.tripadvisor.com/ShowUserReviews-g304552-d8093299-r478406195-Shimla_Water_Catchment_Wildlife_Sanctuary-Shimla_Shimla_District_Himachal_Prades.html","https://dynamic-media-cdn.tripadvisor.com/media/photo-o/05/33/98/c9/pratzila.jpg?w=100&h=-1&s=1","5.0 of 5 bubbles","Must do",118,"Though I've been to shimla a couple of times but wanted to try something new. So here we landed on a cool day... Probably the only visitors for the day. We took bicycles offered at the entrance. Bicycle rent seems high in context of the bicycle condition. Trail was good. We went up to 3.5kms and came back in around an hour. Will definitely come again to see the whole 7km trail. Best time to visit will be Aug end or September as it will be lush green, monsoons are over and winters are away.","Apr 2017","","","","2024-03-02T17:57:01Z"
"Shimla Water Catchment Wildlife Sanctuary","Shimla,Himachal Pradesh","g304552","d8093299","4.5","https://www.tripadvisor.com/ShowUserReviews-g304552-d8093299-r303154908-Shimla_Water_Catchment_Wildlife_Sanctuary-Shimla_Shimla_District_Himachal_Prades.html","https://dynamic-media-cdn.tripadvisor.com/media/photo-o/1a/f6/e7/3d/default-avatar-2020-55.jpg?w=100&h=-1&s=1","4.0 of 5 bubbles","Amazing place.. Awesome sightings..",42,"If you are nature lover and bird watchers this is the place.Mesmerising deep dense forest where you are totally into the nature.At the entrance of the gate ticket need to be taken to visit as there is limit of visitors.It is a 7 kms walk and you can do cycling also.Cycles can be hired there only.","Dec 2014","","","","2024-03-02T17:57:01Z"
"Shimla Water Catchment Wildlife Sanctuary","Shimla,Himachal Pradesh","g304552","d8093299","4.5","https://www.tripadvisor.com/ShowUserReviews-g304552-d8093299-r860651713-Shimla_Water_Catchment_Wildlife_Sanctuary-Shimla_Shimla_District_Himachal_Prades.html","https://dynamic-media-cdn.tripadvisor.com/media/photo-o/1a/f6/f3/23/default-avatar-2020-28.jpg?w=100&h=-1&s=1","5.0 of 5 bubbles","Great easy cycling in the midst of Shimla's Nature",69,"This is not a very touristy place, if thats your need, this isnt for you. Not many tourists visit here, but if you visit Shimla for its weather, pollution free air, enjoy long walks, want to be in the midst of nature, and like to see what does it feel like inside a forest, gazing at the birds and various types of Himalayan flora fauna, this is the perfect place. This is a 7 km stretch which takes you inside the forest, previously meant for water supply to Shimla, now not in use as much. The 7 km is one way stretch, takes you about 2 hours to walk one way. there are options of cycling inside as well, cycles are available on rent here. Better to go with good walking shoes, drinking water and camera if you like. light snacks can be taken as well, cos there isnt anything you would be able to buy inside. We saw langoors, varity of birds, butterflies, various kinds of pines and oak trees, and  snakes too. Lot of people have spotted deers too. Better to go in small groups to enjoy the silence. Also, the best part is its not very tiring as its a plane walk and not uphill.Not meant for kids below 10, and people with knee problems, I would say. For Rs100 ticket, I think its a steal.","Sep 2022","","","","2024-03-02T17:57:01Z"
"Shimla Water Catchment Wildlife Sanctuary","Shimla,Himachal Pradesh","g304552","d8093299","4.5","https://www.tripadvisor.com/ShowUserReviews-g304552-d8093299-r704493990-Shimla_Water_Catchment_Wildlife_Sanctuary-Shimla_Shimla_District_Himachal_Prades.html","https://dynamic-media-cdn.tripadvisor.com/media/photo-l/01/2a/fd/9b/avatar.jpg?w=100&h=-1&s=1","5.0 of 5 bubbles","Hidden Gem",59,"The place is a forest and has its look like a forest.People are allowed to have a wild life experience.","Aug 2019","","","","2024-03-02T17:57:01Z"
"Shimla Water Catchment Wildlife Sanctuary","Shimla,Himachal Pradesh","g304552","d8093299","4.5","https://www.tripadvisor.com/ShowUserReviews-g304552-d8093299-r700953162-Shimla_Water_Catchment_Wildlife_Sanctuary-Shimla_Shimla_District_Himachal_Prades.html","https://dynamic-media-cdn.tripadvisor.com/media/photo-o/1a/f6/de/0a/default-avatar-2020-35.jpg?w=100&h=-1&s=1","5.0 of 5 bubbles","World second dense pine forest",17,"To be honest, stories of leopard sightings got us interested in this relatively unheard of ""Sanctuary"". Its a bear 10km from Shimla on the Kufri - Narkanda Road - right ON the highway. Tickets were 100/ , students' concessional ones for 50/-. One has to park outside the gate and then its a 8km walk to the end point where there is the water-catchment lake. After the first 1 km, the sounds of traffic fade out. The walk goes from shady paths to sun-drenched, through thick growth of fern, pines, cedar, oak. There is a forest bungalow at the end - a 1 km uphill road leads off the main road at the 6 or 6.5 km mark. One problem is - there is no drinking water source nor any toilet except at the gate office. Good walking shoes, water bottle and toffees are recommended. Unfortunately - we came across no leopards.","Aug 2019","","","","2024-03-02T17:57:01Z"
"Shimla Water Catchment Wildlife Sanctuary","Shimla,Himachal Pradesh","g304552","d8093299","4.5","https://www.tripadvisor.com/ShowUserReviews-g304552-d8093299-r861788574-Shimla_Water_Catchment_Wildlife_Sanctuary-Shimla_Shimla_District_Himachal_Prades.html","https://dynamic-media-cdn.tripadvisor.com/media/photo-o/1a/f6/eb/a3/default-avatar-2020-38.jpg?w=100&h=-1&s=1","5.0 of 5 bubbles","A  Day to remember",11,"Shimla water catchment wildlife sanctuary is very beautiful place surrounded by a very dense cedar forest. It has 14 Km long track. Which can be either explored by feet or by a bicycle. And bicycle (mountain bike? is the best and fun option. Which can be rented there for 200 rupees only. Since I am a cycling enthusiast, I had so much fun riding there and was also mesmerized by the Beauty and calmness of the forest. I will recommend everyone to try this at least once, who is visiting Shimla.","Sep 2022","","","","2024-03-02T17:57:03Z"
"Shimla Water Catchment Wildlife Sanctuary","Shimla,Himachal Pradesh","g304552","d8093299","4.5","https://www.tripadvisor.com/ShowUserReviews-g304552-d8093299-r272267566-Shimla_Water_Catchment_Wildlife_Sanctuary-Shimla_Shimla_District_Himachal_Prades.html","https://dynamic-media-cdn.tripadvisor.com/media/photo-o/17/02/6d/da/l0wkey.jpg?w=100&h=-1&s=1","5.0 of 5 bubbles","One of the finest walking/ cycling trails around shimla",69,"Travel from hotel to Dhalli by car/ bus. Disembark at the gates of the sanctuary, get your permit and proceed with the trek. Shimla water catchment wildlife sanctuary has a long history of conservation and is considered to be one of the densest forests of Asia. It has been conserved for more than past 135 years. Besides providing water supply to shimla town, its an important wildlife sanctuary with immense conservation value. The trek is fairly easy and relaxing as you will walking on a rough narrow road which is leveled with almost no ups and downs. The sanctuary offers opportunities for wildlife tourism with breathtaking vistas to nature lovers with lots of potential for animal and bird sighting. Ghoral, barking deer, langoor, Porcupine and common leopard wander freely in this sanctuary. You can also see specked wood-pigeon, Himalayan woodpecker, yellow-billed magpie and Koklass pheasant if lucky. After an approx 2 hrs walk you will reach Seog where the water tank with the capacity of approx 5 million gallons still stands which was built by British back in 1901. Though not in use now, you can still marvel at British engineering done more than 100 years ago. From here, trek uphill through a small trail for approx 10 to 15 minutes through dense forest to reach Seog guest house again built in 1901 (though recently renovated). On way visit a small card room built for the pleasure of British at the same time. On reaching the guest house, have your packed lunch under the open sky with sounds of the jungle. After lunch, proceed downhill until we catch up with the main road for our returning journey. The sanctuary has a huge variety of trees like ban-oak, moru-oak, kharsu-oak, kail, spruce, silver fir, Rhododendron, Chir and Himalayan Cedar. After a level walk of approx 1 ½ hrs reach back at the gates of sanctuary where the trek ends.PS: The same trek can be done by the cycles (available at the gates where you get permit) also as the road is big enough for passing of a small car and leveled. The trail will take approx 1- 1 ½ hrs by cycle one way.","May 2015","","","","2024-03-02T17:57:03Z"
"Shimla Water Catchment Wildlife Sanctuary","Shimla,Himachal Pradesh","g304552","d8093299","4.5","https://www.tripadvisor.com/ShowUserReviews-g304552-d8093299-r568079076-Shimla_Water_Catchment_Wildlife_Sanctuary-Shimla_Shimla_District_Himachal_Prades.html","https://dynamic-media-cdn.tripadvisor.com/media/photo-o/12/cb/bd/24/sachin-k.jpg?w=100&h=-1&s=1","4.0 of 5 bubbles","Comfortable walk of 15 kilometres ",479,"Sheog forest walk is highly recommended activity in Shimla. One can hire cycles or walk leisurely for the stretch which presents picturesque sceneries. A weekend getaway for locals and a rare opportunity for tourists to enjoy nature from within.","Mar 2018","","","","2024-03-02T17:57:03Z"
"Shimla Water Catchment Wildlife Sanctuary","Shimla,Himachal Pradesh","g304552","d8093299","4.5","https://www.tripadvisor.com/ShowUserReviews-g304552-d8093299-r636861326-Shimla_Water_Catchment_Wildlife_Sanctuary-Shimla_Shimla_District_Himachal_Prades.html","https://dynamic-media-cdn.tripadvisor.com/media/photo-o/1a/f6/df/2b/default-avatar-2020-39.jpg?w=100&h=-1&s=1","5.0 of 5 bubbles","Quiet ocean of green",9,"To be honest, stories of leopard sightings got us interested in this relatively unheard of ""Sanctuary"". Its a bear 10km from Shimla on the Kufri - Narkanda Road - right ON the highway. Tickets were 100/ , students' concessional ones for 50/-. One has to park outside the gate and then its a 8km walk to the end point where there is the water-catchment lake. After the first 1 km, the sounds of traffic fade out. The walk goes from shady paths to sun-drenched, through thick growth of fern, pines, cedar, oak. There is a forest bungalow at the end - a 1 km uphill road leads off the main road at the 6 or 6.5 km mark. One problem is - there is no drinking water source nor any toilet except at the gate office. Good walking shoes, water bottle and toffees are recommended. Unfortunately - we came across no leopards.","Nov 2018","","","","2024-03-02T17:57:03Z"
"Shimla Water Catchment Wildlife Sanctuary","Shimla,Himachal Pradesh","g304552","d8093299","4.5","https://www.tripadvisor.com/ShowUserReviews-g304552-d8093299-r342112512-Shimla_Water_Catchment_Wildlife_Sanctuary-Shimla_Shimla_District_Himachal_Prades.html","https://dynamic-media-cdn.tripadvisor.com/media/photo-o/09/a3/41/2a/ashesh-g.jpg?w=100&h=-1&s=1","5.0 of 5 bubbles","An inviting jungle near Shimla city",8,"Shimla catchment area is just 10 minutes away from Dhalli tunnel in Shimla. It has got its name from catchment tank built by the british to supply water and till very resently, it was under the Shimla MC. Now it is a sanctuary. There is a walkable road of 14 kilometers out of which 7 kms can be covered by bicycle provided by Forest Department. Rest 7 kms are core dense forest and you can walk but may encounter wild animals. It is advisable to go to the core area with some forest guard. Take water along as there are no restaurent inside. The sanctuary is covered with thick Deodar Forest. There are pheasants, deer, phesants and other wild animals. Leopard is also found here. There is a forest test house but you need to prebook from forest department. It is a good day tour for those looking for peace and proximity to n.ature","Mar 2015","","","","2024-03-02T17:57:03Z"
"Shimla Water Catchment Wildlife Sanctuary","Shimla,Himachal Pradesh","g304552","d8093299","4.5","https://www.tripadvisor.com/ShowUserReviews-g304552-d8093299-r478406195-Shimla_Water_Catchment_Wildlife_Sanctuary-Shimla_Shimla_District_Himachal_Prades.html","https://dynamic-media-cdn.tripadvisor.com/media/photo-o/05/33/98/c9/pratzila.jpg?w=100&h=-1&s=1","5.0 of 5 bubbles","Must do",59,"this is one of the hidden jewels of Shimla. About 30 mins drive from the main city, it is a very scenic valley, apparently the dencest in the country. Has a huge walking and cycling track, with options of renting out bikes at the main entrace. Has a small fee of 150rs to enter. Go ahead if you love birds and wildlife. No materialistic stuff inside, so not for city slickers!","Apr 2017","","","","2024-03-02T17:57:03Z"
"Shimla Water Catchment Wildlife Sanctuary","Shimla,Himachal Pradesh","g304552","d8093299","4.5","https://www.tripadvisor.com/ShowUserReviews-g304552-d8093299-r303154908-Shimla_Water_Catchment_Wildlife_Sanctuary-Shimla_Shimla_District_Himachal_Prades.html","https://dynamic-media-cdn.tripadvisor.com/media/photo-o/1a/f6/e7/3d/default-avatar-2020-55.jpg?w=100&h=-1&s=1","5.0 of 5 bubbles","Amazing place.. Awesome sightings..",17,"We loved this place a lot.. It was so good being surrounded by nature and wildlife. If you are a nature lover and want to witness some natural beauty then this place is a must visit for you..Loved it!","Dec 2014","","","","2024-03-02T17:57:03Z"
"Shimla Water Catchment Wildlife Sanctuary","Shimla,Himachal Pradesh","g304552","d8093299","4.5","https://www.tripadvisor.com/ShowUserReviews-g304552-d8093299-r860651713-Shimla_Water_Catchment_Wildlife_Sanctuary-Shimla_Shimla_District_Himachal_Prades.html","https://dynamic-media-cdn.tripadvisor.com/media/photo-o/1a/f6/f3/23/default-avatar-2020-28.jpg?w=100&h=-1&s=1","4.0 of 5 bubbles","Great easy cycling in the midst of Shimla's Nature",121,"A beautiful place in the midst of nature and a thick deodar forest with lots of wildlife.The best way to explore this area is by renting a bicycle (available for 200 rs) to cycle through the park (one side is 7 km).For me the best thing to do in Shimla, if you want to experience nature and be a bit active. The boys who rent bicycles can even organize full-day mountain bike, hiking and camping tours in Shimla. I highly recommend doing that!","Sep 2022","","","","2024-03-02T17:57:03Z"
"Shimla Water Catchment Wildlife Sanctuary","Shimla,Himachal Pradesh","g304552","d8093299","4.5","https://www.tripadvisor.com/ShowUserReviews-g304552-d8093299-r704493990-Shimla_Water_Catchment_Wildlife_Sanctuary-Shimla_Shimla_District_Himachal_Prades.html","https://dynamic-media-cdn.tripadvisor.com/media/photo-l/01/2a/fd/9b/avatar.jpg?w=100&h=-1&s=1","5.0 of 5 bubbles","Hidden Gem",376,"Though I've been to shimla a couple of times but wanted to try something new. So here we landed on a cool day... Probably the only visitors for the day. We took bicycles offered at the entrance. Bicycle rent seems high in context of the bicycle condition. Trail was good. We went up to 3.5kms and came back in around an hour. Will definitely come again to see the whole 7km trail. Best time to visit will be Aug end or September as it will be lush green, monsoons are over and winters are away.","Aug 2019","","","","2024-03-02T17:57:03Z"
"Shimla Water Catchment Wildlife Sanctuary","Shimla,Himachal Pradesh","g304552","d8093299","4.5","https://www.tripadvisor.com/ShowUserReviews-g304552-d8093299-r700953162-Shimla_Water_Catchment_Wildlife_Sanctuary-Shimla_Shimla_District_Himachal_Prades.html","https://dynamic-media-cdn.tripadvisor.com/media/photo-o/1a/f6/de/0a/default-avatar-2020-35.jpg?w=100&h=-1&s=1","4.0 of 5 bubbles","World second dense pine forest",247,"If you are nature lover and bird watchers this is the place.Mesmerising deep dense forest where you are totally into the nature.At the entrance of the gate ticket need to be taken to visit as there is limit of visitors.It is a 7 kms walk and you can do cycling also.Cycles can be hired there only.","Aug 2019","","","","2024-03-02T17:57:03Z"
