"names","address","geo_id","hotel_id","rating","url","profile_image","review_score","review_heading","profile_contr","review_body","date_of_stay","company_responder","company_response","company_response_date","timestamp"
"Laxminarayan Temple","Shimla,Himachal Pradesh","g304552","d3727138","4.5","https://www.tripadvisor.com/ShowUserReviews-g304552-d3727138-r905148435-Laxminarayan_Temple-Shimla_Shimla_District_Himachal_Pradesh.html","https://dynamic-media-cdn.tripadvisor.com/media/photo-o/29/e0/20/d3/caption.jpg?w=100&h=-1&s=1","5.0 of 5 bubbles","Om Bhagwate Vasudevaye ",70,"It is Called Laxminarayan which means it is dedicated to Lord Vishnu but also there is a kind of set of temples where there is Shiva Temple as well and Getting Darshan is Pure Bliss. Located mid of the city easy to reach from Chamba Chaugan, Great Historic Significance Built by Raja of Chamba. One of the Oldest and Ancient Temples in the region.","Jul 2023","","","","2024-03-02T17:58:13Z"
"Laxminarayan Temple","Shimla,Himachal Pradesh","g304552","d3727138","4.5","https://www.tripadvisor.com/ShowUserReviews-g304552-d3727138-r170680092-Laxminarayan_Temple-Shimla_Shimla_District_Himachal_Pradesh.html","https://dynamic-media-cdn.tripadvisor.com/media/photo-o/04/29/d9/7c/tarakishore.jpg?w=100&h=-1&s=1","5.0 of 5 bubbles","Good temple for visitor.",131,"The Temple was Built in the 10th century by Raja Sahil Verman, Laxmi Narayana Temple is the main shrine in Chamba that includes Bimana i.e. Shikhara and Garbhgriha with a small antarala and a mantapa. The temple has wooden chattries and a shell roof at the top to protect against snowfall. There is a wheel shaped roof that helps to protect from cold. It houses a metallic image of Garuda, the mount of Lord Vishnu. It's a beautiful place of great historical implication and architectural marvel. It has a mandapa like structure too. The entire area includes six temples in a row from north to south and is dedicated to Lord Shiva and Vishnu.Laxmi Narayan Temple is one of the most popular temples of Chamba that is known for its great historical significance and architectural marvel. There are also other temples in the complex like Radha Krishna Temple- built by Rani Sarda (wife of Raja Jit Singh in 1825), Shiva Temple of Chandragupta- built by Sahil Varman and the Gauri Shankar Temple- built by Yugkar Varman (the son of Sahil Varman). There is a Garuda statue in metal watches over the main gate, which is placed by Raja Balabhadra Verma. The latest addition to the shrine in historical periods was in answer to the Mughal terror. Then Aurangzeb the emperor order to demolish the temple and the Raja Chhatra Singh included gilded elevations to the temple in the year 1678.HistoryThe history says that the idol of Lord Vishnu in this temple was made of a rare marble, which was imported from Vindhyachal Mountains. It is believed that the former king of the region- Sahil Varman had sacrificed his eight sons to get the marble and finally his eldest son namely Yugkara succeeded to acquire the marble. In fact, he was too attacked by the robbers but due to a saint, he had saved himself from robbers.Darshan Timings Laxmi Narayan Temple remains open from early 6 am to 12.30 pm and then from 2.30 pm to 8.30 pm. It remains open twice a day for the devotees in two halves.","Oct 2021","","","","2024-03-02T17:58:13Z"
"Laxminarayan Temple","Shimla,Himachal Pradesh","g304552","d3727138","4.5","https://www.tripadvisor.com/ShowUserReviews-g304552-d3727138-r247531784-Laxminarayan_Temple-Shimla_Shimla_District_Himachal_Pradesh.html","https://dynamic-media-cdn.tripadvisor.com/media/photo-o/07/eb/77/94/jedme.jpg?w=100&h=-1&s=1","5.0 of 5 bubbles","Nice to take pictures from outside",178,"Laxmi Narayan Temple is one of the most popular temples of Chamba that is known for its great historical significance and architectural marvel. There are also other temples in the complex like Radha Krishna Temple-","Oct 2019","","","","2024-03-02T17:58:13Z"
"Laxminarayan Temple","Shimla,Himachal Pradesh","g304552","d3727138","4.5","https://www.tripadvisor.com/ShowUserReviews-g304552-d3727138-r380846643-Laxminarayan_Temple-Shimla_Shimla_District_Himachal_Pradesh.html","https://dynamic-media-cdn.tripadvisor.com/media/photo-o/1a/f6/e4/a9/default-avatar-2020-50.jpg?w=100&h=-1&s=1","3.0 of 5 bubbles","Nice temple in arki hills",91,"This Temple is magical people said about that this is so old and strong with there structure i was went there with my family","Jun 2019","","","","2024-03-02T17:58:13Z"
"Laxminarayan Temple","Shimla,Himachal Pradesh","g304552","d3727138","4.5","https://www.tripadvisor.com/ShowUserReviews-g304552-d3727138-r733206787-Laxminarayan_Temple-Shimla_Shimla_District_Himachal_Pradesh.html","https://dynamic-media-cdn.tripadvisor.com/media/photo-o/1a/f6/e4/a9/default-avatar-2020-50.jpg?w=100&h=-1&s=1","5.0 of 5 bubbles","nice",434,"The temple is good and it is famous temple in the place.It is a hindu temple.It is well maintained and neat.","Feb 2019","","","","2024-03-02T17:58:13Z"
"Laxminarayan Temple","Shimla,Himachal Pradesh","g304552","d3727138","4.5","https://www.tripadvisor.com/ShowUserReviews-g304552-d3727138-r620215817-Laxminarayan_Temple-Shimla_Shimla_District_Himachal_Pradesh.html","https://dynamic-media-cdn.tripadvisor.com/media/photo-o/1a/f6/e5/66/default-avatar-2020-53.jpg?w=100&h=-1&s=1","5.0 of 5 bubbles","Very beautiful temple of Lord Vishnu",419,"On the arki hills this temple looks very very vibrant when entering inside it. This Lord Vishnu temple is very peaceful.","Aug 2018","","","","2024-03-02T17:58:13Z"
"Laxminarayan Temple","Shimla,Himachal Pradesh","g304552","d3727138","4.5","https://www.tripadvisor.com/ShowUserReviews-g304552-d3727138-r324833175-Laxminarayan_Temple-Shimla_Shimla_District_Himachal_Pradesh.html","https://dynamic-media-cdn.tripadvisor.com/media/photo-o/1a/f6/de/0a/default-avatar-2020-35.jpg?w=100&h=-1&s=1","4.0 of 5 bubbles","nice temple",30,"Laxminarayan temple is located in shimla.it is a famous temple in the SD place. We got nice darshan of the laxminarayana-lord Vishnu. Pleasant and old temple","Jan 2018","","","","2024-03-02T17:58:13Z"
"Laxminarayan Temple","Shimla,Himachal Pradesh","g304552","d3727138","4.5","https://www.tripadvisor.com/ShowUserReviews-g304552-d3727138-r816442143-Laxminarayan_Temple-Shimla_Shimla_District_Himachal_Pradesh.html","https://dynamic-media-cdn.tripadvisor.com/media/photo-o/16/25/fe/33/anilrthakur.jpg?w=100&h=-1&s=1","5.0 of 5 bubbles","Historical Marble Made by King Sahil Verman",935,"This is a very old temple and you must go and offer prayers to Lord Vishnu.  this is very well maintained and beautiful heritage.","Aug 2017","","","","2024-03-02T17:58:13Z"
"Laxminarayan Temple","Shimla,Himachal Pradesh","g304552","d3727138","4.5","https://www.tripadvisor.com/ShowUserReviews-g304552-d3727138-r693617944-Laxminarayan_Temple-Shimla_Shimla_District_Himachal_Pradesh.html","https://dynamic-media-cdn.tripadvisor.com/media/photo-o/14/e9/2a/74/akhtarali-s.jpg?w=100&h=-1&s=1","4.0 of 5 bubbles","Bhagwan",173,"Laxminarayan temple is beautiful temple of shimla.this temple is attract to tourist.must see this temple.","Jul 2016","","","","2024-03-02T17:58:13Z"
"Laxminarayan Temple","Shimla,Himachal Pradesh","g304552","d3727138","4.5","https://www.tripadvisor.com/ShowUserReviews-g304552-d3727138-r670065679-Laxminarayan_Temple-Shimla_Shimla_District_Himachal_Pradesh.html","https://dynamic-media-cdn.tripadvisor.com/media/photo-o/1a/f6/f4/5d/default-avatar-2020-32.jpg?w=100&h=-1&s=1","5.0 of 5 bubbles","good temple",376,"This is a very old temple dedicated to Lord Vishnu, the facade is wooden with beautiful carvings. It is popular with the locals.","Oct 2016","","","","2024-03-02T17:58:13Z"
"Laxminarayan Temple","Shimla,Himachal Pradesh","g304552","d3727138","4.5","https://www.tripadvisor.com/ShowUserReviews-g304552-d3727138-r905148435-Laxminarayan_Temple-Shimla_Shimla_District_Himachal_Pradesh.html","https://dynamic-media-cdn.tripadvisor.com/media/photo-o/29/e0/20/d3/caption.jpg?w=100&h=-1&s=1","5.0 of 5 bubbles","Om Bhagwate Vasudevaye ",70,"It is Called Laxminarayan which means it is dedicated to Lord Vishnu but also there is a kind of set of temples where there is Shiva Temple as well and Getting Darshan is Pure Bliss. Located mid of the city easy to reach from Chamba Chaugan, Great Historic Significance Built by Raja of Chamba. One of the Oldest and Ancient Temples in the region.","Jul 2023","","","","2024-03-02T17:58:15Z"
"Laxminarayan Temple","Shimla,Himachal Pradesh","g304552","d3727138","4.5","https://www.tripadvisor.com/ShowUserReviews-g304552-d3727138-r170680092-Laxminarayan_Temple-Shimla_Shimla_District_Himachal_Pradesh.html","https://dynamic-media-cdn.tripadvisor.com/media/photo-o/04/29/d9/7c/tarakishore.jpg?w=100&h=-1&s=1","5.0 of 5 bubbles","Good temple for visitor.",131,"Laxmi Narayan Mandir this is one of the oldest temples in the region. Day to day working is controlled by Shri Sanatan Dharm Sabha, Kasumpti.  is situated in the prime location (Heart)of Kasumpti Bazaar. Lakshmi Narayan Temple ... Hamirpur it is 210 km, from Shimla it is nearly 350 km and from Mandi it is about 295 km. Visitor came here to fullfill their requirement.  Laxmi Narayan Temple ... The main temple houses statues of Lord Narayan and Hindu Goddess Lakshmi.Here god Vishnu (Narayana), accompanied with consort - goddess of wealth Lakshmi.","Jan 2013","","","","2024-03-02T17:58:15Z"
"Laxminarayan Temple","Shimla,Himachal Pradesh","g304552","d3727138","4.5","https://www.tripadvisor.com/ShowUserReviews-g304552-d3727138-r247531784-Laxminarayan_Temple-Shimla_Shimla_District_Himachal_Pradesh.html","https://dynamic-media-cdn.tripadvisor.com/media/photo-o/07/eb/77/94/jedme.jpg?w=100&h=-1&s=1","5.0 of 5 bubbles","Nice to take pictures from outside",178,"It has a nice park to enjoy a free time walking around. Pictures inside the temple are not allowed. So with a car go from the other side of the street and take the pictures you should visit it.","Jan 2015","","","","2024-03-02T17:58:15Z"
"Laxminarayan Temple","Shimla,Himachal Pradesh","g304552","d3727138","4.5","https://www.tripadvisor.com/ShowUserReviews-g304552-d3727138-r380846643-Laxminarayan_Temple-Shimla_Shimla_District_Himachal_Pradesh.html","https://dynamic-media-cdn.tripadvisor.com/media/photo-o/1a/f6/e4/a9/default-avatar-2020-50.jpg?w=100&h=-1&s=1","4.0 of 5 bubbles","Nice temple in arki hills",91,"Can go for it if time allows...it is in solan, arki town on beautiful arki hills...it is one of the temples which is not destroyed by muslim rulers","Apr 2016","","","","2024-03-02T17:58:15Z"
"Laxminarayan Temple","Shimla,Himachal Pradesh","g304552","d3727138","4.5","https://www.tripadvisor.com/ShowUserReviews-g304552-d3727138-r733206787-Laxminarayan_Temple-Shimla_Shimla_District_Himachal_Pradesh.html","https://dynamic-media-cdn.tripadvisor.com/media/photo-o/1a/f6/e4/a9/default-avatar-2020-50.jpg?w=100&h=-1&s=1","5.0 of 5 bubbles","nice",434,"Laxmi Narayan Temple is one of the most popular temples of Chamba that is known for its great historical significance and architectural marvel. There are also other temples in the complex like Radha Krishna Temple-","Oct 2019","","","","2024-03-02T17:58:15Z"
"Laxminarayan Temple","Shimla,Himachal Pradesh","g304552","d3727138","4.5","https://www.tripadvisor.com/ShowUserReviews-g304552-d3727138-r620215817-Laxminarayan_Temple-Shimla_Shimla_District_Himachal_Pradesh.html","https://dynamic-media-cdn.tripadvisor.com/media/photo-o/1a/f6/e5/66/default-avatar-2020-53.jpg?w=100&h=-1&s=1","5.0 of 5 bubbles","Very beautiful temple of Lord Vishnu",419,"On the arki hills this temple looks very very vibrant when entering inside it. This Lord Vishnu temple is very peaceful.","Aug 2018","","","","2024-03-02T17:58:15Z"
"Laxminarayan Temple","Shimla,Himachal Pradesh","g304552","d3727138","4.5","https://www.tripadvisor.com/ShowUserReviews-g304552-d3727138-r324833175-Laxminarayan_Temple-Shimla_Shimla_District_Himachal_Pradesh.html","https://dynamic-media-cdn.tripadvisor.com/media/photo-o/1a/f6/de/0a/default-avatar-2020-35.jpg?w=100&h=-1&s=1","4.0 of 5 bubbles","nice temple",30,"nice temple - easy to access. good place to visit, felt blessed when visited there. worth visiting once.","Jun 2015","","","","2024-03-02T17:58:15Z"
"Laxminarayan Temple","Shimla,Himachal Pradesh","g304552","d3727138","4.5","https://www.tripadvisor.com/ShowUserReviews-g304552-d3727138-r816442143-Laxminarayan_Temple-Shimla_Shimla_District_Himachal_Pradesh.html","https://dynamic-media-cdn.tripadvisor.com/media/photo-o/16/25/fe/33/anilrthakur.jpg?w=100&h=-1&s=1","5.0 of 5 bubbles","Historical Marble Made by King Sahil Verman",935,"The Temple was Built in the 10th century by Raja Sahil Verman, Laxmi Narayana Temple is the main shrine in Chamba that includes Bimana i.e. Shikhara and Garbhgriha with a small antarala and a mantapa. The temple has wooden chattries and a shell roof at the top to protect against snowfall. There is a wheel shaped roof that helps to protect from cold. It houses a metallic image of Garuda, the mount of Lord Vishnu. It's a beautiful place of great historical implication and architectural marvel. It has a mandapa like structure too. The entire area includes six temples in a row from north to south and is dedicated to Lord Shiva and Vishnu.Laxmi Narayan Temple is one of the most popular temples of Chamba that is known for its great historical significance and architectural marvel. There are also other temples in the complex like Radha Krishna Temple- built by Rani Sarda (wife of Raja Jit Singh in 1825), Shiva Temple of Chandragupta- built by Sahil Varman and the Gauri Shankar Temple- built by Yugkar Varman (the son of Sahil Varman). There is a Garuda statue in metal watches over the main gate, which is placed by Raja Balabhadra Verma. The latest addition to the shrine in historical periods was in answer to the Mughal terror. Then Aurangzeb the emperor order to demolish the temple and the Raja Chhatra Singh included gilded elevations to the temple in the year 1678.HistoryThe history says that the idol of Lord Vishnu in this temple was made of a rare marble, which was imported from Vindhyachal Mountains. It is believed that the former king of the region- Sahil Varman had sacrificed his eight sons to get the marble and finally his eldest son namely Yugkara succeeded to acquire the marble. In fact, he was too attacked by the robbers but due to a saint, he had saved himself from robbers.Darshan Timings Laxmi Narayan Temple remains open from early 6 am to 12.30 pm and then from 2.30 pm to 8.30 pm. It remains open twice a day for the devotees in two halves.","Oct 2021","","","","2024-03-02T17:58:15Z"
"Laxminarayan Temple","Shimla,Himachal Pradesh","g304552","d3727138","4.5","https://www.tripadvisor.com/ShowUserReviews-g304552-d3727138-r693617944-Laxminarayan_Temple-Shimla_Shimla_District_Himachal_Pradesh.html","https://dynamic-media-cdn.tripadvisor.com/media/photo-o/14/e9/2a/74/akhtarali-s.jpg?w=100&h=-1&s=1","5.0 of 5 bubbles","Bhagwan",173,"This Temple is magical people said about that this is so old and strong with there structure i was went there with my family","Jun 2019","","","","2024-03-02T17:58:15Z"
"Laxminarayan Temple","Shimla,Himachal Pradesh","g304552","d3727138","4.5","https://www.tripadvisor.com/ShowUserReviews-g304552-d3727138-r670065679-Laxminarayan_Temple-Shimla_Shimla_District_Himachal_Pradesh.html","https://dynamic-media-cdn.tripadvisor.com/media/photo-o/1a/f6/f4/5d/default-avatar-2020-32.jpg?w=100&h=-1&s=1","5.0 of 5 bubbles","good temple",376,"The temple is good and it is famous temple in the place.It is a hindu temple.It is well maintained and neat.","Feb 2019","","","","2024-03-02T17:58:15Z"
"Laxminarayan Temple","Shimla,Himachal Pradesh","g304552","d3727138","4.5","https://www.tripadvisor.com/ShowUserReviews-g304552-d3727138-r905148435-Laxminarayan_Temple-Shimla_Shimla_District_Himachal_Pradesh.html","https://dynamic-media-cdn.tripadvisor.com/media/photo-o/29/e0/20/d3/caption.jpg?w=100&h=-1&s=1","5.0 of 5 bubbles","Om Bhagwate Vasudevaye ",70,"It is Called Laxminarayan which means it is dedicated to Lord Vishnu but also there is a kind of set of temples where there is Shiva Temple as well and Getting Darshan is Pure Bliss. Located mid of the city easy to reach from Chamba Chaugan, Great Historic Significance Built by Raja of Chamba. One of the Oldest and Ancient Temples in the region.","Jul 2023","","","","2024-03-02T17:58:18Z"
"Laxminarayan Temple","Shimla,Himachal Pradesh","g304552","d3727138","4.5","https://www.tripadvisor.com/ShowUserReviews-g304552-d3727138-r170680092-Laxminarayan_Temple-Shimla_Shimla_District_Himachal_Pradesh.html","https://dynamic-media-cdn.tripadvisor.com/media/photo-o/04/29/d9/7c/tarakishore.jpg?w=100&h=-1&s=1","5.0 of 5 bubbles","Historical Marble Made by King Sahil Verman",131,"Laxmi Narayan Mandir this is one of the oldest temples in the region. Day to day working is controlled by Shri Sanatan Dharm Sabha, Kasumpti.  is situated in the prime location (Heart)of Kasumpti Bazaar. Lakshmi Narayan Temple ... Hamirpur it is 210 km, from Shimla it is nearly 350 km and from Mandi it is about 295 km. Visitor came here to fullfill their requirement.  Laxmi Narayan Temple ... The main temple houses statues of Lord Narayan and Hindu Goddess Lakshmi.Here god Vishnu (Narayana), accompanied with consort - goddess of wealth Lakshmi.","Oct 2021","","","","2024-03-02T17:58:18Z"
"Laxminarayan Temple","Shimla,Himachal Pradesh","g304552","d3727138","4.5","https://www.tripadvisor.com/ShowUserReviews-g304552-d3727138-r247531784-Laxminarayan_Temple-Shimla_Shimla_District_Himachal_Pradesh.html","https://dynamic-media-cdn.tripadvisor.com/media/photo-o/07/eb/77/94/jedme.jpg?w=100&h=-1&s=1","5.0 of 5 bubbles","nice",178,"It has a nice park to enjoy a free time walking around. Pictures inside the temple are not allowed. So with a car go from the other side of the street and take the pictures you should visit it.","Oct 2019","","","","2024-03-02T17:58:18Z"
"Laxminarayan Temple","Shimla,Himachal Pradesh","g304552","d3727138","4.5","https://www.tripadvisor.com/ShowUserReviews-g304552-d3727138-r380846643-Laxminarayan_Temple-Shimla_Shimla_District_Himachal_Pradesh.html","https://dynamic-media-cdn.tripadvisor.com/media/photo-o/1a/f6/e4/a9/default-avatar-2020-50.jpg?w=100&h=-1&s=1","3.0 of 5 bubbles","Bhagwan",91,"Can go for it if time allows...it is in solan, arki town on beautiful arki hills...it is one of the temples which is not destroyed by muslim rulers","Jun 2019","","","","2024-03-02T17:58:18Z"
"Laxminarayan Temple","Shimla,Himachal Pradesh","g304552","d3727138","4.5","https://www.tripadvisor.com/ShowUserReviews-g304552-d3727138-r733206787-Laxminarayan_Temple-Shimla_Shimla_District_Himachal_Pradesh.html","https://dynamic-media-cdn.tripadvisor.com/media/photo-o/1a/f6/e4/a9/default-avatar-2020-50.jpg?w=100&h=-1&s=1","5.0 of 5 bubbles","good temple",434,"Laxmi Narayan Temple is one of the most popular temples of Chamba that is known for its great historical significance and architectural marvel. There are also other temples in the complex like Radha Krishna Temple-","Feb 2019","","","","2024-03-02T17:58:18Z"
"Laxminarayan Temple","Shimla,Himachal Pradesh","g304552","d3727138","4.5","https://www.tripadvisor.com/ShowUserReviews-g304552-d3727138-r620215817-Laxminarayan_Temple-Shimla_Shimla_District_Himachal_Pradesh.html","https://dynamic-media-cdn.tripadvisor.com/media/photo-o/1a/f6/e5/66/default-avatar-2020-53.jpg?w=100&h=-1&s=1","5.0 of 5 bubbles","Very beautiful temple of Lord Vishnu",419,"On the arki hills this temple looks very very vibrant when entering inside it. This Lord Vishnu temple is very peaceful.","Aug 2018","","","","2024-03-02T17:58:18Z"
"Laxminarayan Temple","Shimla,Himachal Pradesh","g304552","d3727138","4.5","https://www.tripadvisor.com/ShowUserReviews-g304552-d3727138-r324833175-Laxminarayan_Temple-Shimla_Shimla_District_Himachal_Pradesh.html","https://dynamic-media-cdn.tripadvisor.com/media/photo-o/1a/f6/de/0a/default-avatar-2020-35.jpg?w=100&h=-1&s=1","4.0 of 5 bubbles","Nice temple!!! ",30,"nice temple - easy to access. good place to visit, felt blessed when visited there. worth visiting once.","Jan 2018","","","","2024-03-02T17:58:18Z"
"Laxminarayan Temple","Shimla,Himachal Pradesh","g304552","d3727138","4.5","https://www.tripadvisor.com/ShowUserReviews-g304552-d3727138-r816442143-Laxminarayan_Temple-Shimla_Shimla_District_Himachal_Pradesh.html","https://dynamic-media-cdn.tripadvisor.com/media/photo-o/16/25/fe/33/anilrthakur.jpg?w=100&h=-1&s=1","5.0 of 5 bubbles","Very old",935,"The Temple was Built in the 10th century by Raja Sahil Verman, Laxmi Narayana Temple is the main shrine in Chamba that includes Bimana i.e. Shikhara and Garbhgriha with a small antarala and a mantapa. The temple has wooden chattries and a shell roof at the top to protect against snowfall. There is a wheel shaped roof that helps to protect from cold. It houses a metallic image of Garuda, the mount of Lord Vishnu. It's a beautiful place of great historical implication and architectural marvel. It has a mandapa like structure too. The entire area includes six temples in a row from north to south and is dedicated to Lord Shiva and Vishnu.Laxmi Narayan Temple is one of the most popular temples of Chamba that is known for its great historical significance and architectural marvel. There are also other temples in the complex like Radha Krishna Temple- built by Rani Sarda (wife of Raja Jit Singh in 1825), Shiva Temple of Chandragupta- built by Sahil Varman and the Gauri Shankar Temple- built by Yugkar Varman (the son of Sahil Varman). There is a Garuda statue in metal watches over the main gate, which is placed by Raja Balabhadra Verma. The latest addition to the shrine in historical periods was in answer to the Mughal terror. Then Aurangzeb the emperor order to demolish the temple and the Raja Chhatra Singh included gilded elevations to the temple in the year 1678.HistoryThe history says that the idol of Lord Vishnu in this temple was made of a rare marble, which was imported from Vindhyachal Mountains. It is believed that the former king of the region- Sahil Varman had sacrificed his eight sons to get the marble and finally his eldest son namely Yugkara succeeded to acquire the marble. In fact, he was too attacked by the robbers but due to a saint, he had saved himself from robbers.Darshan Timings Laxmi Narayan Temple remains open from early 6 am to 12.30 pm and then from 2.30 pm to 8.30 pm. It remains open twice a day for the devotees in two halves.","Aug 2017","","","","2024-03-02T17:58:18Z"
"Laxminarayan Temple","Shimla,Himachal Pradesh","g304552","d3727138","4.5","https://www.tripadvisor.com/ShowUserReviews-g304552-d3727138-r693617944-Laxminarayan_Temple-Shimla_Shimla_District_Himachal_Pradesh.html","https://dynamic-media-cdn.tripadvisor.com/media/photo-o/14/e9/2a/74/akhtarali-s.jpg?w=100&h=-1&s=1","4.0 of 5 bubbles","Nice temple",173,"This Temple is magical people said about that this is so old and strong with there structure i was went there with my family","Jul 2016","","","","2024-03-02T17:58:18Z"
"Laxminarayan Temple","Shimla,Himachal Pradesh","g304552","d3727138","4.5","https://www.tripadvisor.com/ShowUserReviews-g304552-d3727138-r670065679-Laxminarayan_Temple-Shimla_Shimla_District_Himachal_Pradesh.html","https://dynamic-media-cdn.tripadvisor.com/media/photo-o/1a/f6/f4/5d/default-avatar-2020-32.jpg?w=100&h=-1&s=1","5.0 of 5 bubbles","Temple dedicated to Lord Vishnu",376,"The temple is good and it is famous temple in the place.It is a hindu temple.It is well maintained and neat.","Oct 2016","","","","2024-03-02T17:58:18Z"
