"names","address","geo_id","hotel_id","rating","url","profile_image","review_score","review_heading","profile_contr","review_body","date_of_stay","company_responder","company_response","company_response_date","timestamp"
"Chadwick Falls","Shimla,Himachal Pradesh","g304552","d4139115","4.5","https://www.tripadvisor.com/ShowUserReviews-g304552-d4139115-r201200263-Chadwick_Falls-Shimla_Shimla_District_Himachal_Pradesh.html","https://dynamic-media-cdn.tripadvisor.com/media/photo-o/1a/f6/f4/20/default-avatar-2020-31.jpg?w=100&h=-1&s=1","4.0 of 5 bubbles","Very extraordinary. Serene and picturesque. Calming effect to see the water falling from a height.",2,"Out of the world. The place is serene and the air is fresh. Take a short hike of about half an hour to reach.","Apr 2014","","","","2024-03-02T18:00:20Z"
"Chadwick Falls","Shimla,Himachal Pradesh","g304552","d4139115","4.5","https://www.tripadvisor.com/ShowUserReviews-g304552-d4139115-r232553174-Chadwick_Falls-Shimla_Shimla_District_Himachal_Pradesh.html","https://dynamic-media-cdn.tripadvisor.com/media/photo-o/1a/f6/e4/a9/default-avatar-2020-50.jpg?w=100&h=-1&s=1","5.0 of 5 bubbles","nice",434,"Chadwick Falls is one of the best waterfalls in Shimla region and also one of the top tourist places to visit in Shimla. This is one of the top attractions you must include in Shimla packages","Nov 2013","","","","2024-03-02T18:00:20Z"
"Chadwick Falls","Shimla,Himachal Pradesh","g304552","d4139115","4.5","https://www.tripadvisor.com/ShowUserReviews-g304552-d4139115-r232051186-Chadwick_Falls-Shimla_Shimla_District_Himachal_Pradesh.html","https://dynamic-media-cdn.tripadvisor.com/media/photo-o/08/cf/8f/d9/lennae-j.jpg?w=100&h=-1&s=1","5.0 of 5 bubbles","Beautiful but dirty ",201,"We have a “walls of shimla” boom and was glad. Google would have sent me no where near the falls! Once close it’s a bit tricky as none of the signs are there anymore. It was a nice combo of less used roads and there are some trails you can do if you want. No fee and no stores. Bring water and PLEASE PACK OUT YOUR OWN TRASH! It’s sad how much waste is down there. Hike took 4+ hours from scandal point. And was around 12miles (I think, according to my fitness tracker)","Nov 2014","","","","2024-03-02T18:00:20Z"
"Chadwick Falls","Shimla,Himachal Pradesh","g304552","d4139115","4.5","https://www.tripadvisor.com/ShowUserReviews-g304552-d4139115-r240716531-Chadwick_Falls-Shimla_Shimla_District_Himachal_Pradesh.html","https://dynamic-media-cdn.tripadvisor.com/media/photo-o/17/6a/94/1e/sy1-sunny.jpg?w=100&h=-1&s=1","2.0 of 5 bubbles","An utter waste of time",186,"A dump of sorts not a very good place to visit very far from city center ,very filthy waterfalls a big no no from my end rather a waste of time consider visiting any other place in Shimla rather than being here","Apr 2015","","","","2024-03-02T18:00:20Z"
"Chadwick Falls","Shimla,Himachal Pradesh","g304552","d4139115","4.5","https://www.tripadvisor.com/ShowUserReviews-g304552-d4139115-r266983316-Chadwick_Falls-Shimla_Shimla_District_Himachal_Pradesh.html","https://dynamic-media-cdn.tripadvisor.com/media/photo-o/1a/f6/f4/5d/default-avatar-2020-32.jpg?w=100&h=-1&s=1","3.0 of 5 bubbles","place is in shimla",376,"The falls is in shimla and good in seeing it.It gives a good sightseeing during the tour to this place.","May 2017","","","","2024-03-02T18:00:20Z"
"Chadwick Falls","Shimla,Himachal Pradesh","g304552","d4139115","4.5","https://www.tripadvisor.com/ShowUserReviews-g304552-d4139115-r487028402-Chadwick_Falls-Shimla_Shimla_District_Himachal_Pradesh.html","https://dynamic-media-cdn.tripadvisor.com/media/photo-o/1a/f6/e2/11/default-avatar-2020-41.jpg?w=100&h=-1&s=1","1.0 of 5 bubbles","Amazing experience",100,"Awesome location.The clear waters of the Chadwick Waterfall cascade deep down a gorge at a height of approximately 86 m. What amplifies the beauty of the place is the surrounding hills as well as the thick green trees of Pine and Deodar.After you have had a hectic travel schedule exploring the entire Shimla, you can come back here and unwind. This place will give you ample ‘me’ time.It is a natural waterfall and The height of the waterfall is around 130 feet. The water is so cold and refreshing.To go there is a narrow path from height to valley you have to careful you can even slip there.But it is a very beautiful and adventures experience to watch.","Dec 2015","","","","2024-03-02T18:00:20Z"
"Chadwick Falls","Shimla,Himachal Pradesh","g304552","d4139115","4.5","https://www.tripadvisor.com/ShowUserReviews-g304552-d4139115-r414514698-Chadwick_Falls-Shimla_Shimla_District_Himachal_Pradesh.html","https://dynamic-media-cdn.tripadvisor.com/media/photo-o/05/05/4a/27/floydsindia.jpg?w=100&h=-1&s=1","4.0 of 5 bubbles","Lovely place to visit",236,"We explored Chadwick falls too after asking a lot of people on the way for directions. Most of the waterfall was frozen though and even the water at the base was a sheet of ice. It was a lovely 10-minute walk through the serene forest to get to the waterfall. The falls are not a favourite tourist stop, but this is recommended if you want to enjoy a peaceful walk through the woods.","Nov 2017","","","","2024-03-02T18:00:20Z"
"Chadwick Falls","Shimla,Himachal Pradesh","g304552","d4139115","4.5","https://www.tripadvisor.com/ShowUserReviews-g304552-d4139115-r564530694-Chadwick_Falls-Shimla_Shimla_District_Himachal_Pradesh.html","https://dynamic-media-cdn.tripadvisor.com/media/photo-o/1a/f6/f0/48/default-avatar-2020-15.jpg?w=100&h=-1&s=1","2.0 of 5 bubbles","small water fall",398,"The water fall is very small. You will disappointed with the fall. You have to walk approx 1-2 kms to reach this place.","Mar 2020","","","","2024-03-02T18:00:20Z"
"Chadwick Falls","Shimla,Himachal Pradesh","g304552","d4139115","4.5","https://www.tripadvisor.com/ShowUserReviews-g304552-d4139115-r751372802-Chadwick_Falls-Shimla_Shimla_District_Himachal_Pradesh.html","https://dynamic-media-cdn.tripadvisor.com/media/photo-o/08/b8/48/6a/pragatichatterjee.jpg?w=100&h=-1&s=1","5.0 of 5 bubbles","It was thrilling.. leeches in my shoes..",60,"Stayed at Hotel Chadwick View.. we walked down to Chadwick falls.. you can hear the sound from a distance but it is only visible when you are very near.. when we came back to hotel my shoes were wet with blood.. leeches!!","Oct 2019","","","","2024-03-02T18:00:20Z"
"Chadwick Falls","Shimla,Himachal Pradesh","g304552","d4139115","4.5","https://www.tripadvisor.com/ShowUserReviews-g304552-d4139115-r733205352-Chadwick_Falls-Shimla_Shimla_District_Himachal_Pradesh.html","https://dynamic-media-cdn.tripadvisor.com/media/photo-o/1a/f6/e5/66/default-avatar-2020-53.jpg?w=100&h=-1&s=1","5.0 of 5 bubbles","View of the Chadwick was excellant",419,"ItAfter 20 minutes of rides  from Shimla we finally reached to that place which was very calm. Spending some time near to this cold and sweet sounded falls was amazing.","Mar 2020","","","","2024-03-02T18:00:20Z"
"Chadwick Falls","Shimla,Himachal Pradesh","g304552","d4139115","4.5","https://www.tripadvisor.com/ShowUserReviews-g304552-d4139115-r751372802-Chadwick_Falls-Shimla_Shimla_District_Himachal_Pradesh.html","https://dynamic-media-cdn.tripadvisor.com/media/photo-o/1a/f6/f4/20/default-avatar-2020-31.jpg?w=100&h=-1&s=1","4.0 of 5 bubbles","unbelievable jungle trek",65,"We had heard of this waterfall but never visited even though we are resident of Shimla from the past 20 years. So talked to someone who had been there and also checked some info on the net and started for Chadwick falls. It was around 3:45 pm when we reached Summer hill. There had been a little rain in the morning and the diversion road was muddy. It is at a distance of 3 kilometers from Summer hill chowk. The road was unmettaled but sort of fine. Very few people were on this route and when ever we found some one we asked about our way to the falls. At last we reached a sign board that said "" Chadwick falls 800 meters"" but it pointed to the way we came. So we reversed our car but nothing was 800 meters behind us. We got out and looked around and saw a govt school but since we went on sunday there was nobody there. So I decided to find someone to ask the proper way. I reached a shop ""Thakur General Store"" and the person kindly told me the way, which i misunderstood. I started with my family on the route through the jungle but the way disappeared in about 20 meters. We returned and reached the motorable road from where we started. Someone came along and we asked once again and this time we were led to the right path. Actually the path started from the point we saw the sign board buy we kind of missed it.The path was completely a jungle trek and we were the only ones on it. The evening had already begun and the jungle was looking dreadful and scary. There were no sign boards once we started our way on foot and no one to ask our way. At one place the way lead through a narrow place where one wrong foot could mean sliding two hundred feet into the unknown jungle. Then to our rescue came the sound of water falling and we knew we were on the right track.The water fall was amazing and was really worth visiting. The children had fun there but I was thinking it would be safe to start back as soon as possible. The climb back was all uphill but no worry for us as we have lived all our lives in hills.Now some tips for travellers. Firstly go in a group. You will enjoy more and think less about being alone in the jungle. Secondly wear shoes for real trekking which means really comfortable ones. Thirdly start early in the day rather than in the evening. Fourthly if possible visit in the monsoons or after it. There will be a lot more water to enjoy.","Oct 2019","","","","2024-03-02T18:00:23Z"
"Chadwick Falls","Shimla,Himachal Pradesh","g304552","d4139115","4.5","https://www.tripadvisor.com/ShowUserReviews-g304552-d4139115-r733205352-Chadwick_Falls-Shimla_Shimla_District_Himachal_Pradesh.html","https://dynamic-media-cdn.tripadvisor.com/media/photo-o/1a/f6/e4/a9/default-avatar-2020-50.jpg?w=100&h=-1&s=1","5.0 of 5 bubbles","Awesome place for visitors",0,"Best place for boys not for honeymoon couple, but have to walk minimum of 4to5 kms and there is no such vehicles there.","Aug 2019","","","","2024-03-02T18:00:23Z"
"Chadwick Falls","Shimla,Himachal Pradesh","g304552","d4139115","4.5","https://www.tripadvisor.com/ShowUserReviews-g304552-d4139115-r695414311-Chadwick_Falls-Shimla_Shimla_District_Himachal_Pradesh.html","https://dynamic-media-cdn.tripadvisor.com/media/photo-o/08/cf/8f/d9/lennae-j.jpg?w=100&h=-1&s=1","5.0 of 5 bubbles","Worth visiting",37,"Went with my wife to this falls and there were hardly any people. You will have to walk in a very narrow trail which during rains will not be there and the falls will be difficult to see.Difficult for Old people and even people who don't do any physical exercise. We were gasping for air when we started climbing up.There are no deviations in the path and its just a single track which you will have to follow going to the falls and returning.We had our Friends friend who guided and took us to this place.Water will be very cold in winter only and if you are going during end of summer then you might get to see the fall free flowing with water.Would be advisable to go in small group at least going alone might put you in trouble since we heard from locals that the cats (Panther, Leopard, Cheetah) will be out to drink water.","Nov 2018","","","","2024-03-02T18:00:23Z"
"Chadwick Falls","Shimla,Himachal Pradesh","g304552","d4139115","4.5","https://www.tripadvisor.com/ShowUserReviews-g304552-d4139115-r680383891-Chadwick_Falls-Shimla_Shimla_District_Himachal_Pradesh.html","https://dynamic-media-cdn.tripadvisor.com/media/photo-o/17/6a/94/1e/sy1-sunny.jpg?w=100&h=-1&s=1","2.0 of 5 bubbles","Not a place to visit in November",86,"We travelled around 20km to see the falls but no water was flowing in it... we felt that day really bad as we didnt enjoy even at a single place... We were filled with plenty of disappointments ..","Feb 2019","","","","2024-03-02T18:00:23Z"
"Chadwick Falls","Shimla,Himachal Pradesh","g304552","d4139115","4.5","https://www.tripadvisor.com/ShowUserReviews-g304552-d4139115-r670065215-Chadwick_Falls-Shimla_Shimla_District_Himachal_Pradesh.html","https://dynamic-media-cdn.tripadvisor.com/media/photo-o/1a/f6/f4/5d/default-avatar-2020-32.jpg?w=100&h=-1&s=1","3.0 of 5 bubbles","The trek was good but not the falls",98,"We went in April. It wasn't easy to find the falls. The lack of signage is to blame for it. It took us 3 hours to reach the falls from our hotel near Mall Rd. The trek down to the falls was nice but there wasn't much water flowing down the falls, most probably because there was still time for the monsoons","Jul 2018","","","","2024-03-02T18:00:23Z"
"Chadwick Falls","Shimla,Himachal Pradesh","g304552","d4139115","4.5","https://www.tripadvisor.com/ShowUserReviews-g304552-d4139115-r660951594-Chadwick_Falls-Shimla_Shimla_District_Himachal_Pradesh.html","https://dynamic-media-cdn.tripadvisor.com/media/photo-o/1a/f6/e2/11/default-avatar-2020-41.jpg?w=100&h=-1&s=1","1.0 of 5 bubbles","Not worth going",130,"One must go if hired a cab or having his own vehicle. If someone is going to trek , can go by train to summer hill railway station and track from there. Do not expect this falls as like Kepty falls of Mussourie. Good for tracking lovers. I was in Shimla from 20 to 22 May 2017","Dec 2018","","","","2024-03-02T18:00:23Z"
"Chadwick Falls","Shimla,Himachal Pradesh","g304552","d4139115","4.5","https://www.tripadvisor.com/ShowUserReviews-g304552-d4139115-r649780944-Chadwick_Falls-Shimla_Shimla_District_Himachal_Pradesh.html","https://dynamic-media-cdn.tripadvisor.com/media/photo-o/05/05/4a/27/floydsindia.jpg?w=100&h=-1&s=1","4.0 of 5 bubbles","Trek to this place was a great experience",113,"The trek to this place was such a great experience although if you have seen some waterfalls, it won't impress you so much. I liked the overall experience of getting to this place.","Jun 2018","","","","2024-03-02T18:00:23Z"
"Chadwick Falls","Shimla,Himachal Pradesh","g304552","d4139115","4.5","https://www.tripadvisor.com/ShowUserReviews-g304552-d4139115-r636626982-Chadwick_Falls-Shimla_Shimla_District_Himachal_Pradesh.html","https://dynamic-media-cdn.tripadvisor.com/media/photo-o/1a/f6/f0/48/default-avatar-2020-15.jpg?w=100&h=-1&s=1","2.0 of 5 bubbles","A disappointing find",87,"The falls are very disappointing, we didn't expect much water at the time of year but all we found was rubbish everywhere. The walk itself (if you can find it) is so much better than the destination.","Nov 2017","","","","2024-03-02T18:00:23Z"
"Chadwick Falls","Shimla,Himachal Pradesh","g304552","d4139115","4.5","https://www.tripadvisor.com/ShowUserReviews-g304552-d4139115-r621691416-Chadwick_Falls-Shimla_Shimla_District_Himachal_Pradesh.html","https://dynamic-media-cdn.tripadvisor.com/media/photo-o/08/b8/48/6a/pragatichatterjee.jpg?w=100&h=-1&s=1","5.0 of 5 bubbles","Very extraordinary. Serene and picturesque. Calming effect to see the water falling from a height.",2,"Out of the world. The place is serene and the air is fresh. Take a short hike of about half an hour to reach.","Aug 2018","","","","2024-03-02T18:00:23Z"
"Chadwick Falls","Shimla,Himachal Pradesh","g304552","d4139115","4.5","https://www.tripadvisor.com/ShowUserReviews-g304552-d4139115-r620214953-Chadwick_Falls-Shimla_Shimla_District_Himachal_Pradesh.html","https://dynamic-media-cdn.tripadvisor.com/media/photo-o/1a/f6/e5/66/default-avatar-2020-53.jpg?w=100&h=-1&s=1","5.0 of 5 bubbles","nice",434,"Chadwick Falls is one of the best waterfalls in Shimla region and also one of the top tourist places to visit in Shimla. This is one of the top attractions you must include in Shimla packages","Mar 2020","","","","2024-03-02T18:00:23Z"
"Chadwick Falls","Shimla,Himachal Pradesh","g304552","d4139115","4.5","https://www.tripadvisor.com/ShowUserReviews-g304552-d4139115-r201200263-Chadwick_Falls-Shimla_Shimla_District_Himachal_Pradesh.html","https://dynamic-media-cdn.tripadvisor.com/media/photo-o/1a/f6/f4/20/default-avatar-2020-31.jpg?w=100&h=-1&s=1","5.0 of 5 bubbles","unbelievable jungle trek",65,"Out of the world. The place is serene and the air is fresh. Take a short hike of about half an hour to reach.","Oct 2019","","","","2024-03-02T18:00:25Z"
"Chadwick Falls","Shimla,Himachal Pradesh","g304552","d4139115","4.5","https://www.tripadvisor.com/ShowUserReviews-g304552-d4139115-r232553174-Chadwick_Falls-Shimla_Shimla_District_Himachal_Pradesh.html","https://dynamic-media-cdn.tripadvisor.com/media/photo-o/1a/f6/e4/a9/default-avatar-2020-50.jpg?w=100&h=-1&s=1","5.0 of 5 bubbles","Awesome place for visitors",0,"Chadwick Falls is one of the best waterfalls in Shimla region and also one of the top tourist places to visit in Shimla. This is one of the top attractions you must include in Shimla packages","Aug 2019","","","","2024-03-02T18:00:25Z"
"Chadwick Falls","Shimla,Himachal Pradesh","g304552","d4139115","4.5","https://www.tripadvisor.com/ShowUserReviews-g304552-d4139115-r232051186-Chadwick_Falls-Shimla_Shimla_District_Himachal_Pradesh.html","https://dynamic-media-cdn.tripadvisor.com/media/photo-o/08/cf/8f/d9/lennae-j.jpg?w=100&h=-1&s=1","4.0 of 5 bubbles","Worth visiting",37,"We have a “walls of shimla” boom and was glad. Google would have sent me no where near the falls! Once close it’s a bit tricky as none of the signs are there anymore. It was a nice combo of less used roads and there are some trails you can do if you want. No fee and no stores. Bring water and PLEASE PACK OUT YOUR OWN TRASH! It’s sad how much waste is down there. Hike took 4+ hours from scandal point. And was around 12miles (I think, according to my fitness tracker)","Nov 2018","","","","2024-03-02T18:00:25Z"
"Chadwick Falls","Shimla,Himachal Pradesh","g304552","d4139115","4.5","https://www.tripadvisor.com/ShowUserReviews-g304552-d4139115-r240716531-Chadwick_Falls-Shimla_Shimla_District_Himachal_Pradesh.html","https://dynamic-media-cdn.tripadvisor.com/media/photo-o/17/6a/94/1e/sy1-sunny.jpg?w=100&h=-1&s=1","2.0 of 5 bubbles","Not a place to visit in November",86,"A dump of sorts not a very good place to visit very far from city center ,very filthy waterfalls a big no no from my end rather a waste of time consider visiting any other place in Shimla rather than being here","Feb 2019","","","","2024-03-02T18:00:25Z"
"Chadwick Falls","Shimla,Himachal Pradesh","g304552","d4139115","4.5","https://www.tripadvisor.com/ShowUserReviews-g304552-d4139115-r266983316-Chadwick_Falls-Shimla_Shimla_District_Himachal_Pradesh.html","https://dynamic-media-cdn.tripadvisor.com/media/photo-o/1a/f6/f4/5d/default-avatar-2020-32.jpg?w=100&h=-1&s=1","5.0 of 5 bubbles","The trek was good but not the falls",98,"The falls is in shimla and good in seeing it.It gives a good sightseeing during the tour to this place.","Jul 2018","","","","2024-03-02T18:00:25Z"
"Chadwick Falls","Shimla,Himachal Pradesh","g304552","d4139115","4.5","https://www.tripadvisor.com/ShowUserReviews-g304552-d4139115-r487028402-Chadwick_Falls-Shimla_Shimla_District_Himachal_Pradesh.html","https://dynamic-media-cdn.tripadvisor.com/media/photo-o/1a/f6/e2/11/default-avatar-2020-41.jpg?w=100&h=-1&s=1","5.0 of 5 bubbles","Not worth going",130,"Awesome location.The clear waters of the Chadwick Waterfall cascade deep down a gorge at a height of approximately 86 m. What amplifies the beauty of the place is the surrounding hills as well as the thick green trees of Pine and Deodar.After you have had a hectic travel schedule exploring the entire Shimla, you can come back here and unwind. This place will give you ample ‘me’ time.It is a natural waterfall and The height of the waterfall is around 130 feet. The water is so cold and refreshing.To go there is a narrow path from height to valley you have to careful you can even slip there.But it is a very beautiful and adventures experience to watch.","Dec 2018","","","","2024-03-02T18:00:25Z"
"Chadwick Falls","Shimla,Himachal Pradesh","g304552","d4139115","4.5","https://www.tripadvisor.com/ShowUserReviews-g304552-d4139115-r414514698-Chadwick_Falls-Shimla_Shimla_District_Himachal_Pradesh.html","https://dynamic-media-cdn.tripadvisor.com/media/photo-o/05/05/4a/27/floydsindia.jpg?w=100&h=-1&s=1","4.0 of 5 bubbles","Trek to this place was a great experience",113,"We explored Chadwick falls too after asking a lot of people on the way for directions. Most of the waterfall was frozen though and even the water at the base was a sheet of ice. It was a lovely 10-minute walk through the serene forest to get to the waterfall. The falls are not a favourite tourist stop, but this is recommended if you want to enjoy a peaceful walk through the woods.","Jun 2018","","","","2024-03-02T18:00:25Z"
"Chadwick Falls","Shimla,Himachal Pradesh","g304552","d4139115","4.5","https://www.tripadvisor.com/ShowUserReviews-g304552-d4139115-r564530694-Chadwick_Falls-Shimla_Shimla_District_Himachal_Pradesh.html","https://dynamic-media-cdn.tripadvisor.com/media/photo-o/1a/f6/f0/48/default-avatar-2020-15.jpg?w=100&h=-1&s=1","3.0 of 5 bubbles","A disappointing find",87,"The water fall is very small. You will disappointed with the fall. You have to walk approx 1-2 kms to reach this place.","Nov 2017","","","","2024-03-02T18:00:25Z"
"Chadwick Falls","Shimla,Himachal Pradesh","g304552","d4139115","4.5","https://www.tripadvisor.com/ShowUserReviews-g304552-d4139115-r751372802-Chadwick_Falls-Shimla_Shimla_District_Himachal_Pradesh.html","https://dynamic-media-cdn.tripadvisor.com/media/photo-o/08/b8/48/6a/pragatichatterjee.jpg?w=100&h=-1&s=1","5.0 of 5 bubbles","Very extraordinary. Serene and picturesque. Calming effect to see the water falling from a height.",2,"Stayed at Hotel Chadwick View.. we walked down to Chadwick falls.. you can hear the sound from a distance but it is only visible when you are very near.. when we came back to hotel my shoes were wet with blood.. leeches!!","Aug 2018","","","","2024-03-02T18:00:25Z"
"Chadwick Falls","Shimla,Himachal Pradesh","g304552","d4139115","4.5","https://www.tripadvisor.com/ShowUserReviews-g304552-d4139115-r733205352-Chadwick_Falls-Shimla_Shimla_District_Himachal_Pradesh.html","https://dynamic-media-cdn.tripadvisor.com/media/photo-o/1a/f6/e5/66/default-avatar-2020-53.jpg?w=100&h=-1&s=1","4.0 of 5 bubbles","nice",434,"ItAfter 20 minutes of rides  from Shimla we finally reached to that place which was very calm. Spending some time near to this cold and sweet sounded falls was amazing.","Mar 2020","","","","2024-03-02T18:00:25Z"
"Chadwick Falls","Shimla,Himachal Pradesh","g304552","d4139115","4.5","https://www.tripadvisor.com/ShowUserReviews-g304552-d4139115-r201200263-Chadwick_Falls-Shimla_Shimla_District_Himachal_Pradesh.html","https://dynamic-media-cdn.tripadvisor.com/media/photo-o/1a/f6/f4/20/default-avatar-2020-31.jpg?w=100&h=-1&s=1","4.0 of 5 bubbles","Very extraordinary. Serene and picturesque. Calming effect to see the water falling from a height.",2,"We had heard of this waterfall but never visited even though we are resident of Shimla from the past 20 years. So talked to someone who had been there and also checked some info on the net and started for Chadwick falls. It was around 3:45 pm when we reached Summer hill. There had been a little rain in the morning and the diversion road was muddy. It is at a distance of 3 kilometers from Summer hill chowk. The road was unmettaled but sort of fine. Very few people were on this route and when ever we found some one we asked about our way to the falls. At last we reached a sign board that said "" Chadwick falls 800 meters"" but it pointed to the way we came. So we reversed our car but nothing was 800 meters behind us. We got out and looked around and saw a govt school but since we went on sunday there was nobody there. So I decided to find someone to ask the proper way. I reached a shop ""Thakur General Store"" and the person kindly told me the way, which i misunderstood. I started with my family on the route through the jungle but the way disappeared in about 20 meters. We returned and reached the motorable road from where we started. Someone came along and we asked once again and this time we were led to the right path. Actually the path started from the point we saw the sign board buy we kind of missed it.The path was completely a jungle trek and we were the only ones on it. The evening had already begun and the jungle was looking dreadful and scary. There were no sign boards once we started our way on foot and no one to ask our way. At one place the way lead through a narrow place where one wrong foot could mean sliding two hundred feet into the unknown jungle. Then to our rescue came the sound of water falling and we knew we were on the right track.The water fall was amazing and was really worth visiting. The children had fun there but I was thinking it would be safe to start back as soon as possible. The climb back was all uphill but no worry for us as we have lived all our lives in hills.Now some tips for travellers. Firstly go in a group. You will enjoy more and think less about being alone in the jungle. Secondly wear shoes for real trekking which means really comfortable ones. Thirdly start early in the day rather than in the evening. Fourthly if possible visit in the monsoons or after it. There will be a lot more water to enjoy.","Oct 2019","","","","2024-03-02T18:00:26Z"
"Chadwick Falls","Shimla,Himachal Pradesh","g304552","d4139115","4.5","https://www.tripadvisor.com/ShowUserReviews-g304552-d4139115-r232553174-Chadwick_Falls-Shimla_Shimla_District_Himachal_Pradesh.html","https://dynamic-media-cdn.tripadvisor.com/media/photo-o/1a/f6/e4/a9/default-avatar-2020-50.jpg?w=100&h=-1&s=1","5.0 of 5 bubbles","nice",434,"Best place for boys not for honeymoon couple, but have to walk minimum of 4to5 kms and there is no such vehicles there.","Aug 2019","","","","2024-03-02T18:00:26Z"
"Chadwick Falls","Shimla,Himachal Pradesh","g304552","d4139115","4.5","https://www.tripadvisor.com/ShowUserReviews-g304552-d4139115-r232051186-Chadwick_Falls-Shimla_Shimla_District_Himachal_Pradesh.html","https://dynamic-media-cdn.tripadvisor.com/media/photo-o/08/cf/8f/d9/lennae-j.jpg?w=100&h=-1&s=1","5.0 of 5 bubbles","Beautiful but dirty ",201,"Went with my wife to this falls and there were hardly any people. You will have to walk in a very narrow trail which during rains will not be there and the falls will be difficult to see.Difficult for Old people and even people who don't do any physical exercise. We were gasping for air when we started climbing up.There are no deviations in the path and its just a single track which you will have to follow going to the falls and returning.We had our Friends friend who guided and took us to this place.Water will be very cold in winter only and if you are going during end of summer then you might get to see the fall free flowing with water.Would be advisable to go in small group at least going alone might put you in trouble since we heard from locals that the cats (Panther, Leopard, Cheetah) will be out to drink water.","Nov 2018","","","","2024-03-02T18:00:26Z"
"Chadwick Falls","Shimla,Himachal Pradesh","g304552","d4139115","4.5","https://www.tripadvisor.com/ShowUserReviews-g304552-d4139115-r240716531-Chadwick_Falls-Shimla_Shimla_District_Himachal_Pradesh.html","https://dynamic-media-cdn.tripadvisor.com/media/photo-o/17/6a/94/1e/sy1-sunny.jpg?w=100&h=-1&s=1","2.0 of 5 bubbles","An utter waste of time",186,"We travelled around 20km to see the falls but no water was flowing in it... we felt that day really bad as we didnt enjoy even at a single place... We were filled with plenty of disappointments ..","Feb 2019","","","","2024-03-02T18:00:26Z"
"Chadwick Falls","Shimla,Himachal Pradesh","g304552","d4139115","4.5","https://www.tripadvisor.com/ShowUserReviews-g304552-d4139115-r266983316-Chadwick_Falls-Shimla_Shimla_District_Himachal_Pradesh.html","https://dynamic-media-cdn.tripadvisor.com/media/photo-o/1a/f6/f4/5d/default-avatar-2020-32.jpg?w=100&h=-1&s=1","3.0 of 5 bubbles","place is in shimla",376,"We went in April. It wasn't easy to find the falls. The lack of signage is to blame for it. It took us 3 hours to reach the falls from our hotel near Mall Rd. The trek down to the falls was nice but there wasn't much water flowing down the falls, most probably because there was still time for the monsoons","Jul 2018","","","","2024-03-02T18:00:26Z"
"Chadwick Falls","Shimla,Himachal Pradesh","g304552","d4139115","4.5","https://www.tripadvisor.com/ShowUserReviews-g304552-d4139115-r487028402-Chadwick_Falls-Shimla_Shimla_District_Himachal_Pradesh.html","https://dynamic-media-cdn.tripadvisor.com/media/photo-o/1a/f6/e2/11/default-avatar-2020-41.jpg?w=100&h=-1&s=1","1.0 of 5 bubbles","Amazing experience",100,"One must go if hired a cab or having his own vehicle. If someone is going to trek , can go by train to summer hill railway station and track from there. Do not expect this falls as like Kepty falls of Mussourie. Good for tracking lovers. I was in Shimla from 20 to 22 May 2017","Dec 2018","","","","2024-03-02T18:00:26Z"
"Chadwick Falls","Shimla,Himachal Pradesh","g304552","d4139115","4.5","https://www.tripadvisor.com/ShowUserReviews-g304552-d4139115-r414514698-Chadwick_Falls-Shimla_Shimla_District_Himachal_Pradesh.html","https://dynamic-media-cdn.tripadvisor.com/media/photo-o/05/05/4a/27/floydsindia.jpg?w=100&h=-1&s=1","4.0 of 5 bubbles","Lovely place to visit",236,"The trek to this place was such a great experience although if you have seen some waterfalls, it won't impress you so much. I liked the overall experience of getting to this place.","Jun 2018","","","","2024-03-02T18:00:26Z"
"Chadwick Falls","Shimla,Himachal Pradesh","g304552","d4139115","4.5","https://www.tripadvisor.com/ShowUserReviews-g304552-d4139115-r564530694-Chadwick_Falls-Shimla_Shimla_District_Himachal_Pradesh.html","https://dynamic-media-cdn.tripadvisor.com/media/photo-o/1a/f6/f0/48/default-avatar-2020-15.jpg?w=100&h=-1&s=1","2.0 of 5 bubbles","small water fall",398,"The falls are very disappointing, we didn't expect much water at the time of year but all we found was rubbish everywhere. The walk itself (if you can find it) is so much better than the destination.","Nov 2017","","","","2024-03-02T18:00:26Z"
"Chadwick Falls","Shimla,Himachal Pradesh","g304552","d4139115","4.5","https://www.tripadvisor.com/ShowUserReviews-g304552-d4139115-r751372802-Chadwick_Falls-Shimla_Shimla_District_Himachal_Pradesh.html","https://dynamic-media-cdn.tripadvisor.com/media/photo-o/08/b8/48/6a/pragatichatterjee.jpg?w=100&h=-1&s=1","5.0 of 5 bubbles","It was thrilling.. leeches in my shoes..",60,"Out of the world. The place is serene and the air is fresh. Take a short hike of about half an hour to reach.","Aug 2018","","","","2024-03-02T18:00:26Z"
"Chadwick Falls","Shimla,Himachal Pradesh","g304552","d4139115","4.5","https://www.tripadvisor.com/ShowUserReviews-g304552-d4139115-r733205352-Chadwick_Falls-Shimla_Shimla_District_Himachal_Pradesh.html","https://dynamic-media-cdn.tripadvisor.com/media/photo-o/1a/f6/e5/66/default-avatar-2020-53.jpg?w=100&h=-1&s=1","5.0 of 5 bubbles","View of the Chadwick was excellant",419,"Chadwick Falls is one of the best waterfalls in Shimla region and also one of the top tourist places to visit in Shimla. This is one of the top attractions you must include in Shimla packages","Apr 2014","","","","2024-03-02T18:00:26Z"
"Chadwick Falls","Shimla,Himachal Pradesh","g304552","d4139115","4.5","https://www.tripadvisor.com/ShowUserReviews-g304552-d4139115-r201200263-Chadwick_Falls-Shimla_Shimla_District_Himachal_Pradesh.html","https://dynamic-media-cdn.tripadvisor.com/media/photo-s/02/88/d0/d5/mukulkumar.jpg?w=100&h=-1&s=1","5.0 of 5 bubbles","Very extraordinary. Serene and picturesque. Calming effect to see the water falling from a height.",65,"Out of the world. The place is serene and the air is fresh. Take a short hike of about half an hour to reach.","Nov 2013","","","","2024-03-02T18:00:29Z"
"Chadwick Falls","Shimla,Himachal Pradesh","g304552","d4139115","4.5","https://www.tripadvisor.com/ShowUserReviews-g304552-d4139115-r232553174-Chadwick_Falls-Shimla_Shimla_District_Himachal_Pradesh.html","https://dynamic-media-cdn.tripadvisor.com/media/photo-o/1a/f6/f2/59/default-avatar-2020-24.jpg?w=100&h=-1&s=1","5.0 of 5 bubbles","nice",0,"Chadwick Falls is one of the best waterfalls in Shimla region and also one of the top tourist places to visit in Shimla. This is one of the top attractions you must include in Shimla packages","Nov 2014","","","","2024-03-02T18:00:29Z"
"Chadwick Falls","Shimla,Himachal Pradesh","g304552","d4139115","4.5","https://www.tripadvisor.com/ShowUserReviews-g304552-d4139115-r232051186-Chadwick_Falls-Shimla_Shimla_District_Himachal_Pradesh.html","https://dynamic-media-cdn.tripadvisor.com/media/photo-o/1a/f6/e8/5b/default-avatar-2020-61.jpg?w=100&h=-1&s=1","4.0 of 5 bubbles","Beautiful but dirty ",37,"We have a “walls of shimla” boom and was glad. Google would have sent me no where near the falls! Once close it’s a bit tricky as none of the signs are there anymore. It was a nice combo of less used roads and there are some trails you can do if you want. No fee and no stores. Bring water and PLEASE PACK OUT YOUR OWN TRASH! It’s sad how much waste is down there. Hike took 4+ hours from scandal point. And was around 12miles (I think, according to my fitness tracker)","Apr 2015","","","","2024-03-02T18:00:29Z"
"Chadwick Falls","Shimla,Himachal Pradesh","g304552","d4139115","4.5","https://www.tripadvisor.com/ShowUserReviews-g304552-d4139115-r240716531-Chadwick_Falls-Shimla_Shimla_District_Himachal_Pradesh.html","https://dynamic-media-cdn.tripadvisor.com/media/photo-o/1a/f6/ee/10/default-avatar-2020-8.jpg?w=100&h=-1&s=1","2.0 of 5 bubbles","An utter waste of time",86,"A dump of sorts not a very good place to visit very far from city center ,very filthy waterfalls a big no no from my end rather a waste of time consider visiting any other place in Shimla rather than being here","May 2017","","","","2024-03-02T18:00:29Z"
"Chadwick Falls","Shimla,Himachal Pradesh","g304552","d4139115","4.5","https://www.tripadvisor.com/ShowUserReviews-g304552-d4139115-r266983316-Chadwick_Falls-Shimla_Shimla_District_Himachal_Pradesh.html","https://dynamic-media-cdn.tripadvisor.com/media/photo-s/03/35/c6/a3/avatar.jpg?w=100&h=-1&s=1","5.0 of 5 bubbles","place is in shimla",98,"The falls is in shimla and good in seeing it.It gives a good sightseeing during the tour to this place.","Dec 2015","","","","2024-03-02T18:00:29Z"
"Chadwick Falls","Shimla,Himachal Pradesh","g304552","d4139115","4.5","https://www.tripadvisor.com/ShowUserReviews-g304552-d4139115-r487028402-Chadwick_Falls-Shimla_Shimla_District_Himachal_Pradesh.html","https://dynamic-media-cdn.tripadvisor.com/media/photo-o/0c/8e/ee/de/ruvinsingh.jpg?w=100&h=-1&s=1","5.0 of 5 bubbles","Amazing experience",130,"Awesome location.The clear waters of the Chadwick Waterfall cascade deep down a gorge at a height of approximately 86 m. What amplifies the beauty of the place is the surrounding hills as well as the thick green trees of Pine and Deodar.After you have had a hectic travel schedule exploring the entire Shimla, you can come back here and unwind. This place will give you ample ‘me’ time.It is a natural waterfall and The height of the waterfall is around 130 feet. The water is so cold and refreshing.To go there is a narrow path from height to valley you have to careful you can even slip there.But it is a very beautiful and adventures experience to watch.","Nov 2017","","","","2024-03-02T18:00:29Z"
"Chadwick Falls","Shimla,Himachal Pradesh","g304552","d4139115","4.5","https://www.tripadvisor.com/ShowUserReviews-g304552-d4139115-r414514698-Chadwick_Falls-Shimla_Shimla_District_Himachal_Pradesh.html","https://dynamic-media-cdn.tripadvisor.com/media/photo-o/22/65/5a/63/vedang-r-vats.jpg?w=100&h=-1&s=1","4.0 of 5 bubbles","Lovely place to visit",113,"We explored Chadwick falls too after asking a lot of people on the way for directions. Most of the waterfall was frozen though and even the water at the base was a sheet of ice. It was a lovely 10-minute walk through the serene forest to get to the waterfall. The falls are not a favourite tourist stop, but this is recommended if you want to enjoy a peaceful walk through the woods.","Mar 2020","","","","2024-03-02T18:00:29Z"
"Chadwick Falls","Shimla,Himachal Pradesh","g304552","d4139115","4.5","https://www.tripadvisor.com/ShowUserReviews-g304552-d4139115-r564530694-Chadwick_Falls-Shimla_Shimla_District_Himachal_Pradesh.html","https://dynamic-media-cdn.tripadvisor.com/media/photo-o/1a/f6/e4/59/default-avatar-2020-49.jpg?w=100&h=-1&s=1","3.0 of 5 bubbles","small water fall",87,"The water fall is very small. You will disappointed with the fall. You have to walk approx 1-2 kms to reach this place.","Oct 2019","","","","2024-03-02T18:00:29Z"
"Chadwick Falls","Shimla,Himachal Pradesh","g304552","d4139115","4.5","https://www.tripadvisor.com/ShowUserReviews-g304552-d4139115-r751372802-Chadwick_Falls-Shimla_Shimla_District_Himachal_Pradesh.html","https://dynamic-media-cdn.tripadvisor.com/media/photo-o/1a/f6/f4/20/default-avatar-2020-31.jpg?w=100&h=-1&s=1","5.0 of 5 bubbles","It was thrilling.. leeches in my shoes..",2,"Stayed at Hotel Chadwick View.. we walked down to Chadwick falls.. you can hear the sound from a distance but it is only visible when you are very near.. when we came back to hotel my shoes were wet with blood.. leeches!!","Apr 2014","","","","2024-03-02T18:00:29Z"
"Chadwick Falls","Shimla,Himachal Pradesh","g304552","d4139115","4.5","https://www.tripadvisor.com/ShowUserReviews-g304552-d4139115-r733205352-Chadwick_Falls-Shimla_Shimla_District_Himachal_Pradesh.html","https://dynamic-media-cdn.tripadvisor.com/media/photo-o/1a/f6/e4/a9/default-avatar-2020-50.jpg?w=100&h=-1&s=1","4.0 of 5 bubbles","View of the Chadwick was excellant",434,"ItAfter 20 minutes of rides  from Shimla we finally reached to that place which was very calm. Spending some time near to this cold and sweet sounded falls was amazing.","Nov 2013","","","","2024-03-02T18:00:29Z"
"Chadwick Falls","Shimla,Himachal Pradesh","g304552","d4139115","4.5","https://www.tripadvisor.com/ShowUserReviews-g304552-d4139115-r201200263-Chadwick_Falls-Shimla_Shimla_District_Himachal_Pradesh.html","https://dynamic-media-cdn.tripadvisor.com/media/photo-o/1a/f6/f4/20/default-avatar-2020-31.jpg?w=100&h=-1&s=1","4.0 of 5 bubbles","Very extraordinary. Serene and picturesque. Calming effect to see the water falling from a height.",65,"We had heard of this waterfall but never visited even though we are resident of Shimla from the past 20 years. So talked to someone who had been there and also checked some info on the net and started for Chadwick falls. It was around 3:45 pm when we reached Summer hill. There had been a little rain in the morning and the diversion road was muddy. It is at a distance of 3 kilometers from Summer hill chowk. The road was unmettaled but sort of fine. Very few people were on this route and when ever we found some one we asked about our way to the falls. At last we reached a sign board that said "" Chadwick falls 800 meters"" but it pointed to the way we came. So we reversed our car but nothing was 800 meters behind us. We got out and looked around and saw a govt school but since we went on sunday there was nobody there. So I decided to find someone to ask the proper way. I reached a shop ""Thakur General Store"" and the person kindly told me the way, which i misunderstood. I started with my family on the route through the jungle but the way disappeared in about 20 meters. We returned and reached the motorable road from where we started. Someone came along and we asked once again and this time we were led to the right path. Actually the path started from the point we saw the sign board buy we kind of missed it.The path was completely a jungle trek and we were the only ones on it. The evening had already begun and the jungle was looking dreadful and scary. There were no sign boards once we started our way on foot and no one to ask our way. At one place the way lead through a narrow place where one wrong foot could mean sliding two hundred feet into the unknown jungle. Then to our rescue came the sound of water falling and we knew we were on the right track.The water fall was amazing and was really worth visiting. The children had fun there but I was thinking it would be safe to start back as soon as possible. The climb back was all uphill but no worry for us as we have lived all our lives in hills.Now some tips for travellers. Firstly go in a group. You will enjoy more and think less about being alone in the jungle. Secondly wear shoes for real trekking which means really comfortable ones. Thirdly start early in the day rather than in the evening. Fourthly if possible visit in the monsoons or after it. There will be a lot more water to enjoy.","Nov 2014","","","","2024-03-02T18:00:32Z"
"Chadwick Falls","Shimla,Himachal Pradesh","g304552","d4139115","4.5","https://www.tripadvisor.com/ShowUserReviews-g304552-d4139115-r232553174-Chadwick_Falls-Shimla_Shimla_District_Himachal_Pradesh.html","https://dynamic-media-cdn.tripadvisor.com/media/photo-o/1a/f6/e4/a9/default-avatar-2020-50.jpg?w=100&h=-1&s=1","5.0 of 5 bubbles","nice",0,"Best place for boys not for honeymoon couple, but have to walk minimum of 4to5 kms and there is no such vehicles there.","Apr 2015","","","","2024-03-02T18:00:32Z"
"Chadwick Falls","Shimla,Himachal Pradesh","g304552","d4139115","4.5","https://www.tripadvisor.com/ShowUserReviews-g304552-d4139115-r232051186-Chadwick_Falls-Shimla_Shimla_District_Himachal_Pradesh.html","https://dynamic-media-cdn.tripadvisor.com/media/photo-o/08/cf/8f/d9/lennae-j.jpg?w=100&h=-1&s=1","5.0 of 5 bubbles","Beautiful but dirty ",37,"Went with my wife to this falls and there were hardly any people. You will have to walk in a very narrow trail which during rains will not be there and the falls will be difficult to see.Difficult for Old people and even people who don't do any physical exercise. We were gasping for air when we started climbing up.There are no deviations in the path and its just a single track which you will have to follow going to the falls and returning.We had our Friends friend who guided and took us to this place.Water will be very cold in winter only and if you are going during end of summer then you might get to see the fall free flowing with water.Would be advisable to go in small group at least going alone might put you in trouble since we heard from locals that the cats (Panther, Leopard, Cheetah) will be out to drink water.","May 2017","","","","2024-03-02T18:00:32Z"
"Chadwick Falls","Shimla,Himachal Pradesh","g304552","d4139115","4.5","https://www.tripadvisor.com/ShowUserReviews-g304552-d4139115-r240716531-Chadwick_Falls-Shimla_Shimla_District_Himachal_Pradesh.html","https://dynamic-media-cdn.tripadvisor.com/media/photo-o/17/6a/94/1e/sy1-sunny.jpg?w=100&h=-1&s=1","2.0 of 5 bubbles","An utter waste of time",86,"We travelled around 20km to see the falls but no water was flowing in it... we felt that day really bad as we didnt enjoy even at a single place... We were filled with plenty of disappointments ..","Dec 2015","","","","2024-03-02T18:00:32Z"
"Chadwick Falls","Shimla,Himachal Pradesh","g304552","d4139115","4.5","https://www.tripadvisor.com/ShowUserReviews-g304552-d4139115-r266983316-Chadwick_Falls-Shimla_Shimla_District_Himachal_Pradesh.html","https://dynamic-media-cdn.tripadvisor.com/media/photo-o/1a/f6/f4/5d/default-avatar-2020-32.jpg?w=100&h=-1&s=1","3.0 of 5 bubbles","place is in shimla",98,"We went in April. It wasn't easy to find the falls. The lack of signage is to blame for it. It took us 3 hours to reach the falls from our hotel near Mall Rd. The trek down to the falls was nice but there wasn't much water flowing down the falls, most probably because there was still time for the monsoons","Nov 2017","","","","2024-03-02T18:00:32Z"
"Chadwick Falls","Shimla,Himachal Pradesh","g304552","d4139115","4.5","https://www.tripadvisor.com/ShowUserReviews-g304552-d4139115-r487028402-Chadwick_Falls-Shimla_Shimla_District_Himachal_Pradesh.html","https://dynamic-media-cdn.tripadvisor.com/media/photo-o/1a/f6/e2/11/default-avatar-2020-41.jpg?w=100&h=-1&s=1","1.0 of 5 bubbles","Amazing experience",130,"One must go if hired a cab or having his own vehicle. If someone is going to trek , can go by train to summer hill railway station and track from there. Do not expect this falls as like Kepty falls of Mussourie. Good for tracking lovers. I was in Shimla from 20 to 22 May 2017","Mar 2020","","","","2024-03-02T18:00:32Z"
"Chadwick Falls","Shimla,Himachal Pradesh","g304552","d4139115","4.5","https://www.tripadvisor.com/ShowUserReviews-g304552-d4139115-r414514698-Chadwick_Falls-Shimla_Shimla_District_Himachal_Pradesh.html","https://dynamic-media-cdn.tripadvisor.com/media/photo-o/05/05/4a/27/floydsindia.jpg?w=100&h=-1&s=1","4.0 of 5 bubbles","Lovely place to visit",113,"The trek to this place was such a great experience although if you have seen some waterfalls, it won't impress you so much. I liked the overall experience of getting to this place.","Oct 2019","","","","2024-03-02T18:00:32Z"
"Chadwick Falls","Shimla,Himachal Pradesh","g304552","d4139115","4.5","https://www.tripadvisor.com/ShowUserReviews-g304552-d4139115-r564530694-Chadwick_Falls-Shimla_Shimla_District_Himachal_Pradesh.html","https://dynamic-media-cdn.tripadvisor.com/media/photo-o/1a/f6/f0/48/default-avatar-2020-15.jpg?w=100&h=-1&s=1","2.0 of 5 bubbles","small water fall",87,"The falls are very disappointing, we didn't expect much water at the time of year but all we found was rubbish everywhere. The walk itself (if you can find it) is so much better than the destination.","Mar 2020","","","","2024-03-02T18:00:32Z"
"Chadwick Falls","Shimla,Himachal Pradesh","g304552","d4139115","4.5","https://www.tripadvisor.com/ShowUserReviews-g304552-d4139115-r751372802-Chadwick_Falls-Shimla_Shimla_District_Himachal_Pradesh.html","https://dynamic-media-cdn.tripadvisor.com/media/photo-o/08/b8/48/6a/pragatichatterjee.jpg?w=100&h=-1&s=1","5.0 of 5 bubbles","It was thrilling.. leeches in my shoes..",2,"Out of the world. The place is serene and the air is fresh. Take a short hike of about half an hour to reach.","Oct 2019","","","","2024-03-02T18:00:32Z"
"Chadwick Falls","Shimla,Himachal Pradesh","g304552","d4139115","4.5","https://www.tripadvisor.com/ShowUserReviews-g304552-d4139115-r733205352-Chadwick_Falls-Shimla_Shimla_District_Himachal_Pradesh.html","https://dynamic-media-cdn.tripadvisor.com/media/photo-o/1a/f6/e5/66/default-avatar-2020-53.jpg?w=100&h=-1&s=1","5.0 of 5 bubbles","View of the Chadwick was excellant",434,"Chadwick Falls is one of the best waterfalls in Shimla region and also one of the top tourist places to visit in Shimla. This is one of the top attractions you must include in Shimla packages","Aug 2019","","","","2024-03-02T18:00:32Z"
"Chadwick Falls","Shimla,Himachal Pradesh","g304552","d4139115","4.5","https://www.tripadvisor.com/ShowUserReviews-g304552-d4139115-r751372802-Chadwick_Falls-Shimla_Shimla_District_Himachal_Pradesh.html","https://dynamic-media-cdn.tripadvisor.com/media/photo-o/1a/f6/f4/20/default-avatar-2020-31.jpg?w=100&h=-1&s=1","4.0 of 5 bubbles","unbelievable jungle trek",65,"We had heard of this waterfall but never visited even though we are resident of Shimla from the past 20 years. So talked to someone who had been there and also checked some info on the net and started for Chadwick falls. It was around 3:45 pm when we reached Summer hill. There had been a little rain in the morning and the diversion road was muddy. It is at a distance of 3 kilometers from Summer hill chowk. The road was unmettaled but sort of fine. Very few people were on this route and when ever we found some one we asked about our way to the falls. At last we reached a sign board that said "" Chadwick falls 800 meters"" but it pointed to the way we came. So we reversed our car but nothing was 800 meters behind us. We got out and looked around and saw a govt school but since we went on sunday there was nobody there. So I decided to find someone to ask the proper way. I reached a shop ""Thakur General Store"" and the person kindly told me the way, which i misunderstood. I started with my family on the route through the jungle but the way disappeared in about 20 meters. We returned and reached the motorable road from where we started. Someone came along and we asked once again and this time we were led to the right path. Actually the path started from the point we saw the sign board buy we kind of missed it.The path was completely a jungle trek and we were the only ones on it. The evening had already begun and the jungle was looking dreadful and scary. There were no sign boards once we started our way on foot and no one to ask our way. At one place the way lead through a narrow place where one wrong foot could mean sliding two hundred feet into the unknown jungle. Then to our rescue came the sound of water falling and we knew we were on the right track.The water fall was amazing and was really worth visiting. The children had fun there but I was thinking it would be safe to start back as soon as possible. The climb back was all uphill but no worry for us as we have lived all our lives in hills.Now some tips for travellers. Firstly go in a group. You will enjoy more and think less about being alone in the jungle. Secondly wear shoes for real trekking which means really comfortable ones. Thirdly start early in the day rather than in the evening. Fourthly if possible visit in the monsoons or after it. There will be a lot more water to enjoy.","Nov 2018","","","","2024-03-02T18:00:34Z"
"Chadwick Falls","Shimla,Himachal Pradesh","g304552","d4139115","4.5","https://www.tripadvisor.com/ShowUserReviews-g304552-d4139115-r733205352-Chadwick_Falls-Shimla_Shimla_District_Himachal_Pradesh.html","https://dynamic-media-cdn.tripadvisor.com/media/photo-o/1a/f6/e4/a9/default-avatar-2020-50.jpg?w=100&h=-1&s=1","5.0 of 5 bubbles","Awesome place for visitors",0,"Best place for boys not for honeymoon couple, but have to walk minimum of 4to5 kms and there is no such vehicles there.","Feb 2019","","","","2024-03-02T18:00:34Z"
"Chadwick Falls","Shimla,Himachal Pradesh","g304552","d4139115","4.5","https://www.tripadvisor.com/ShowUserReviews-g304552-d4139115-r695414311-Chadwick_Falls-Shimla_Shimla_District_Himachal_Pradesh.html","https://dynamic-media-cdn.tripadvisor.com/media/photo-o/08/cf/8f/d9/lennae-j.jpg?w=100&h=-1&s=1","5.0 of 5 bubbles","Worth visiting",37,"Went with my wife to this falls and there were hardly any people. You will have to walk in a very narrow trail which during rains will not be there and the falls will be difficult to see.Difficult for Old people and even people who don't do any physical exercise. We were gasping for air when we started climbing up.There are no deviations in the path and its just a single track which you will have to follow going to the falls and returning.We had our Friends friend who guided and took us to this place.Water will be very cold in winter only and if you are going during end of summer then you might get to see the fall free flowing with water.Would be advisable to go in small group at least going alone might put you in trouble since we heard from locals that the cats (Panther, Leopard, Cheetah) will be out to drink water.","Jul 2018","","","","2024-03-02T18:00:34Z"
"Chadwick Falls","Shimla,Himachal Pradesh","g304552","d4139115","4.5","https://www.tripadvisor.com/ShowUserReviews-g304552-d4139115-r680383891-Chadwick_Falls-Shimla_Shimla_District_Himachal_Pradesh.html","https://dynamic-media-cdn.tripadvisor.com/media/photo-o/17/6a/94/1e/sy1-sunny.jpg?w=100&h=-1&s=1","2.0 of 5 bubbles","Not a place to visit in November",86,"We travelled around 20km to see the falls but no water was flowing in it... we felt that day really bad as we didnt enjoy even at a single place... We were filled with plenty of disappointments ..","Dec 2018","","","","2024-03-02T18:00:34Z"
"Chadwick Falls","Shimla,Himachal Pradesh","g304552","d4139115","4.5","https://www.tripadvisor.com/ShowUserReviews-g304552-d4139115-r670065215-Chadwick_Falls-Shimla_Shimla_District_Himachal_Pradesh.html","https://dynamic-media-cdn.tripadvisor.com/media/photo-o/1a/f6/f4/5d/default-avatar-2020-32.jpg?w=100&h=-1&s=1","3.0 of 5 bubbles","The trek was good but not the falls",98,"We went in April. It wasn't easy to find the falls. The lack of signage is to blame for it. It took us 3 hours to reach the falls from our hotel near Mall Rd. The trek down to the falls was nice but there wasn't much water flowing down the falls, most probably because there was still time for the monsoons","Jun 2018","","","","2024-03-02T18:00:34Z"
"Chadwick Falls","Shimla,Himachal Pradesh","g304552","d4139115","4.5","https://www.tripadvisor.com/ShowUserReviews-g304552-d4139115-r660951594-Chadwick_Falls-Shimla_Shimla_District_Himachal_Pradesh.html","https://dynamic-media-cdn.tripadvisor.com/media/photo-o/1a/f6/e2/11/default-avatar-2020-41.jpg?w=100&h=-1&s=1","1.0 of 5 bubbles","Not worth going",130,"One must go if hired a cab or having his own vehicle. If someone is going to trek , can go by train to summer hill railway station and track from there. Do not expect this falls as like Kepty falls of Mussourie. Good for tracking lovers. I was in Shimla from 20 to 22 May 2017","Nov 2017","","","","2024-03-02T18:00:34Z"
"Chadwick Falls","Shimla,Himachal Pradesh","g304552","d4139115","4.5","https://www.tripadvisor.com/ShowUserReviews-g304552-d4139115-r649780944-Chadwick_Falls-Shimla_Shimla_District_Himachal_Pradesh.html","https://dynamic-media-cdn.tripadvisor.com/media/photo-o/05/05/4a/27/floydsindia.jpg?w=100&h=-1&s=1","4.0 of 5 bubbles","Trek to this place was a great experience",113,"The trek to this place was such a great experience although if you have seen some waterfalls, it won't impress you so much. I liked the overall experience of getting to this place.","Aug 2018","","","","2024-03-02T18:00:34Z"
