"names","address","geo_id","hotel_id","rating","url","profile_image","review_score","review_heading","profile_contr","review_body","date_of_stay","company_responder","company_response","company_response_date","timestamp"
"Jubbal Palace","Shimla,Himachal Pradesh","g304552","d3268102","4.0","https://www.tripadvisor.com/ShowUserReviews-g304552-d3268102-r636325512-Jubbal_Palace-Shimla_Shimla_District_Himachal_Pradesh.html","https://dynamic-media-cdn.tripadvisor.com/media/photo-o/1a/f6/ef/73/default-avatar-2020-13.jpg?w=100&h=-1&s=1","3.0 of 5 bubbles","jubbal palace",14,"the jubbal palace was the residence of the former jubbal rulers.it is famous for its architecture.the modern wing is the combination of indo-european style.","Nov 2018","","","","2024-03-02T18:02:15Z"
"Jubbal Palace","Shimla,Himachal Pradesh","g304552","d3268102","4.0","https://www.tripadvisor.com/ShowUserReviews-g304552-d3268102-r475424420-Jubbal_Palace-Shimla_Shimla_District_Himachal_Pradesh.html","https://dynamic-media-cdn.tripadvisor.com/media/photo-o/1a/f6/e4/a9/default-avatar-2020-50.jpg?w=100&h=-1&s=1","4.0 of 5 bubbles","Jubbal Palace- Impressive Structure.",486,"The main entrance to the palace is through a massive wooden door, about 18 ft. high and 7 ft. wide. It is covered with copper and studded with coins. Old furniture and other artifacts and a rich library with a choice collection of Sanskrit and Persian books are some of its other attractions besides the beauty of the palace.The Palace is remarkable for the enormous masses of deodar timber used in its construction.","Feb 2017","","","","2024-03-02T18:02:15Z"
"Jubbal Palace","Shimla,Himachal Pradesh","g304552","d3268102","4.0","https://www.tripadvisor.com/ShowUserReviews-g304552-d3268102-r733206616-Jubbal_Palace-Shimla_Shimla_District_Himachal_Pradesh.html","https://dynamic-media-cdn.tripadvisor.com/media/photo-o/1a/f6/f4/5d/default-avatar-2020-32.jpg?w=100&h=-1&s=1","5.0 of 5 bubbles","nice",434,"Jubbal, located jubbal road  has an average elevation of 2200 metres (7220 feet). A small hill town, it is famous for its apple orchards and the Jubbal Palace","Oct 2019","","","","2024-03-02T18:02:15Z"
"Jubbal Palace","Shimla,Himachal Pradesh","g304552","d3268102","4.0","https://www.tripadvisor.com/ShowUserReviews-g304552-d3268102-r821196712-Jubbal_Palace-Shimla_Shimla_District_Himachal_Pradesh.html","https://dynamic-media-cdn.tripadvisor.com/media/photo-o/1a/f6/f0/48/default-avatar-2020-15.jpg?w=100&h=-1&s=1","4.0 of 5 bubbles","Beautiful Infrastructure ",253,"It's a good property. It's a palace with the royal family too staying in one part of the property.It's a huge property. And very elegant too. The food served is excellent. The dining room is very elegant too.The drive to the property is good but the Google Maps is not updated. We lost our way several times.We were on the third floor... That was a bit much. The room was large and spacious. Room service is average. The staff is very basic.","Jan 2021","","","","2024-03-02T18:02:15Z"
"Jubbal Palace","Shimla,Himachal Pradesh","g304552","d3268102","4.0","https://www.tripadvisor.com/ShowUserReviews-g304552-d3268102-r670066364-Jubbal_Palace-Shimla_Shimla_District_Himachal_Pradesh.html","https://dynamic-media-cdn.tripadvisor.com/media/photo-o/1a/f6/e5/66/default-avatar-2020-53.jpg?w=100&h=-1&s=1","4.0 of 5 bubbles","Evening time pass",376,"The place is a palace and it is a evening time pass.It can be a part of a tour to the interest during the tour.","Feb 2019","","","","2024-03-02T18:02:15Z"
"Jubbal Palace","Shimla,Himachal Pradesh","g304552","d3268102","4.0","https://www.tripadvisor.com/ShowUserReviews-g304552-d3268102-r353008239-Jubbal_Palace-Shimla_Shimla_District_Himachal_Pradesh.html","https://dynamic-media-cdn.tripadvisor.com/media/photo-o/14/47/f3/85/anchor-i.jpg?w=100&h=-1&s=1","4.0 of 5 bubbles","Jubbal Palace Now Woodville Palace",602,"Colonial Hertitage property , once owend by the royal Jubbal Familiy is now Run by welcome hertiage woodville palace hotel.perfect location on Rajbhavan road is ideal for staying in the proximity of mall road but away from the hustle of city life.situated in a pristine forest a must stay recomended hotel.","Jan 2016","","","","2024-03-02T18:02:15Z"
"Jubbal Palace","Shimla,Himachal Pradesh","g304552","d3268102","4.0","https://www.tripadvisor.com/ShowUserReviews-g304552-d3268102-r338481680-Jubbal_Palace-Shimla_Shimla_District_Himachal_Pradesh.html","https://dynamic-media-cdn.tripadvisor.com/media/photo-o/1a/f6/ea/b2/default-avatar-2020-69.jpg?w=100&h=-1&s=1","5.0 of 5 bubbles","Never seen something like this",1,"Amazing is not appropriate word for the place. Breath taking place made of wood. Residence of Shri Raja Rana Yogendra Chandra and Rani Sudha Kumari, the place is about 92 kms from Shimla. Highly recommended place to visit.","Dec 2015","","","","2024-03-02T18:02:15Z"
"Jubbal Palace","Shimla,Himachal Pradesh","g304552","d3268102","4.0","https://www.tripadvisor.com/ShowUserReviews-g304552-d3268102-r620216776-Jubbal_Palace-Shimla_Shimla_District_Himachal_Pradesh.html","https://dynamic-media-cdn.tripadvisor.com/media/photo-o/1a/f6/f3/23/default-avatar-2020-28.jpg?w=100&h=-1&s=1","5.0 of 5 bubbles","Feeling of royality for one night",419,"We were very lucky that we booked a room for one night. This one night game me a feeling of royalality. Amazing Palace and entering is vibrant.","Aug 2018","","","","2024-03-02T18:02:15Z"
"Jubbal Palace","Shimla,Himachal Pradesh","g304552","d3268102","4.0","https://www.tripadvisor.com/ShowUserReviews-g304552-d3268102-r619767706-Jubbal_Palace-Shimla_Shimla_District_Himachal_Pradesh.html","https://dynamic-media-cdn.tripadvisor.com/media/photo-o/06/33/86/83/avatar.jpg?w=100&h=-1&s=1","5.0 of 5 bubbles","Hotel with an astounding location",131,"We stayed in their delux rooms, which were old but tidy and cozy. However i was not so pleased with the washrooms. Their kitchen is amazing and food is very nice. Thier in house bar and food is a bit expens expensive","Nov 2017","","","","2024-03-02T18:02:15Z"
"Jubbal Palace","Shimla,Himachal Pradesh","g304552","d3268102","4.0","https://www.tripadvisor.com/ShowUserReviews-g304552-d3268102-r505668333-Jubbal_Palace-Shimla_Shimla_District_Himachal_Pradesh.html","https://dynamic-media-cdn.tripadvisor.com/media/photo-f/01/2e/70/81/avatar002.jpg?w=100&h=-1&s=1","5.0 of 5 bubbles","excellent",1,"This is an excellent place to visit.  such a royal experience.  it is very well maintained and you will love visiting this palace.","Jul 2017","","","","2024-03-02T18:02:15Z"
"Jubbal Palace","Shimla,Himachal Pradesh","g304552","d3268102","4.0","https://www.tripadvisor.com/ShowUserReviews-g304552-d3268102-r636325512-Jubbal_Palace-Shimla_Shimla_District_Himachal_Pradesh.html","https://dynamic-media-cdn.tripadvisor.com/media/photo-o/1a/f6/ef/73/default-avatar-2020-13.jpg?w=100&h=-1&s=1","4.0 of 5 bubbles","jubbal palace",14,"the jubbal palace was the residence of the former jubbal rulers.it is famous for its architecture.the modern wing is the combination of indo-european style.","Jan 2021","","","","2024-03-02T18:02:17Z"
"Jubbal Palace","Shimla,Himachal Pradesh","g304552","d3268102","4.0","https://www.tripadvisor.com/ShowUserReviews-g304552-d3268102-r475424420-Jubbal_Palace-Shimla_Shimla_District_Himachal_Pradesh.html","https://dynamic-media-cdn.tripadvisor.com/media/photo-o/1a/f6/e4/a9/default-avatar-2020-50.jpg?w=100&h=-1&s=1","5.0 of 5 bubbles","Jubbal Palace- Impressive Structure.",486,"The main entrance to the palace is through a massive wooden door, about 18 ft. high and 7 ft. wide. It is covered with copper and studded with coins. Old furniture and other artifacts and a rich library with a choice collection of Sanskrit and Persian books are some of its other attractions besides the beauty of the palace.The Palace is remarkable for the enormous masses of deodar timber used in its construction.","Oct 2019","","","","2024-03-02T18:02:17Z"
"Jubbal Palace","Shimla,Himachal Pradesh","g304552","d3268102","4.0","https://www.tripadvisor.com/ShowUserReviews-g304552-d3268102-r733206616-Jubbal_Palace-Shimla_Shimla_District_Himachal_Pradesh.html","https://dynamic-media-cdn.tripadvisor.com/media/photo-o/1a/f6/f4/5d/default-avatar-2020-32.jpg?w=100&h=-1&s=1","4.0 of 5 bubbles","nice",434,"Jubbal, located jubbal road  has an average elevation of 2200 metres (7220 feet). A small hill town, it is famous for its apple orchards and the Jubbal Palace","Feb 2019","","","","2024-03-02T18:02:17Z"
"Jubbal Palace","Shimla,Himachal Pradesh","g304552","d3268102","4.0","https://www.tripadvisor.com/ShowUserReviews-g304552-d3268102-r821196712-Jubbal_Palace-Shimla_Shimla_District_Himachal_Pradesh.html","https://dynamic-media-cdn.tripadvisor.com/media/photo-o/1a/f6/f0/48/default-avatar-2020-15.jpg?w=100&h=-1&s=1","3.0 of 5 bubbles","Beautiful Infrastructure ",253,"It's a good property. It's a palace with the royal family too staying in one part of the property.It's a huge property. And very elegant too. The food served is excellent. The dining room is very elegant too.The drive to the property is good but the Google Maps is not updated. We lost our way several times.We were on the third floor... That was a bit much. The room was large and spacious. Room service is average. The staff is very basic.","Nov 2018","","","","2024-03-02T18:02:17Z"
"Jubbal Palace","Shimla,Himachal Pradesh","g304552","d3268102","4.0","https://www.tripadvisor.com/ShowUserReviews-g304552-d3268102-r670066364-Jubbal_Palace-Shimla_Shimla_District_Himachal_Pradesh.html","https://dynamic-media-cdn.tripadvisor.com/media/photo-o/1a/f6/e5/66/default-avatar-2020-53.jpg?w=100&h=-1&s=1","5.0 of 5 bubbles","Evening time pass",376,"The place is a palace and it is a evening time pass.It can be a part of a tour to the interest during the tour.","Aug 2018","","","","2024-03-02T18:02:17Z"
"Jubbal Palace","Shimla,Himachal Pradesh","g304552","d3268102","4.0","https://www.tripadvisor.com/ShowUserReviews-g304552-d3268102-r353008239-Jubbal_Palace-Shimla_Shimla_District_Himachal_Pradesh.html","https://dynamic-media-cdn.tripadvisor.com/media/photo-o/14/47/f3/85/anchor-i.jpg?w=100&h=-1&s=1","4.0 of 5 bubbles","Jubbal Palace Now Woodville Palace",602,"Colonial Hertitage property , once owend by the royal Jubbal Familiy is now Run by welcome hertiage woodville palace hotel.perfect location on Rajbhavan road is ideal for staying in the proximity of mall road but away from the hustle of city life.situated in a pristine forest a must stay recomended hotel.","Nov 2017","","","","2024-03-02T18:02:17Z"
"Jubbal Palace","Shimla,Himachal Pradesh","g304552","d3268102","4.0","https://www.tripadvisor.com/ShowUserReviews-g304552-d3268102-r338481680-Jubbal_Palace-Shimla_Shimla_District_Himachal_Pradesh.html","https://dynamic-media-cdn.tripadvisor.com/media/photo-o/1a/f6/ea/b2/default-avatar-2020-69.jpg?w=100&h=-1&s=1","5.0 of 5 bubbles","Never seen something like this",1,"Amazing is not appropriate word for the place. Breath taking place made of wood. Residence of Shri Raja Rana Yogendra Chandra and Rani Sudha Kumari, the place is about 92 kms from Shimla. Highly recommended place to visit.","Jul 2017","","","","2024-03-02T18:02:17Z"
"Jubbal Palace","Shimla,Himachal Pradesh","g304552","d3268102","4.0","https://www.tripadvisor.com/ShowUserReviews-g304552-d3268102-r620216776-Jubbal_Palace-Shimla_Shimla_District_Himachal_Pradesh.html","https://dynamic-media-cdn.tripadvisor.com/media/photo-o/1a/f6/f3/23/default-avatar-2020-28.jpg?w=100&h=-1&s=1","4.0 of 5 bubbles","Feeling of royality for one night",419,"We were very lucky that we booked a room for one night. This one night game me a feeling of royalality. Amazing Palace and entering is vibrant.","Jul 2016","","","","2024-03-02T18:02:17Z"
"Jubbal Palace","Shimla,Himachal Pradesh","g304552","d3268102","4.0","https://www.tripadvisor.com/ShowUserReviews-g304552-d3268102-r619767706-Jubbal_Palace-Shimla_Shimla_District_Himachal_Pradesh.html","https://dynamic-media-cdn.tripadvisor.com/media/photo-o/06/33/86/83/avatar.jpg?w=100&h=-1&s=1","4.0 of 5 bubbles","Hotel with an astounding location",131,"We stayed in their delux rooms, which were old but tidy and cozy. However i was not so pleased with the washrooms. Their kitchen is amazing and food is very nice. Thier in house bar and food is a bit expens expensive","Feb 2017","","","","2024-03-02T18:02:17Z"
"Jubbal Palace","Shimla,Himachal Pradesh","g304552","d3268102","4.0","https://www.tripadvisor.com/ShowUserReviews-g304552-d3268102-r505668333-Jubbal_Palace-Shimla_Shimla_District_Himachal_Pradesh.html","https://dynamic-media-cdn.tripadvisor.com/media/photo-f/01/2e/70/81/avatar002.jpg?w=100&h=-1&s=1","5.0 of 5 bubbles","excellent",1,"This is an excellent place to visit.  such a royal experience.  it is very well maintained and you will love visiting this palace.","Dec 2016","","","","2024-03-02T18:02:17Z"
"Jubbal Palace","Shimla,Himachal Pradesh","g304552","d3268102","4.0","https://www.tripadvisor.com/ShowUserReviews-g304552-d3268102-r821196712-Jubbal_Palace-Shimla_Shimla_District_Himachal_Pradesh.html","https://dynamic-media-cdn.tripadvisor.com/media/photo-o/1a/f6/ef/73/default-avatar-2020-13.jpg?w=100&h=-1&s=1","4.0 of 5 bubbles","Beautiful Infrastructure ",14,"It's a good property. It's a palace with the royal family too staying in one part of the property.It's a huge property. And very elegant too. The food served is excellent. The dining room is very elegant too.The drive to the property is good but the Google Maps is not updated. We lost our way several times.We were on the third floor... That was a bit much. The room was large and spacious. Room service is average. The staff is very basic.","Jan 2021","","","","2024-03-02T18:02:19Z"
"Jubbal Palace","Shimla,Himachal Pradesh","g304552","d3268102","4.0","https://www.tripadvisor.com/ShowUserReviews-g304552-d3268102-r733206616-Jubbal_Palace-Shimla_Shimla_District_Himachal_Pradesh.html","https://dynamic-media-cdn.tripadvisor.com/media/photo-o/1a/f6/e4/a9/default-avatar-2020-50.jpg?w=100&h=-1&s=1","5.0 of 5 bubbles","nice",486,"Jubbal, located jubbal road  has an average elevation of 2200 metres (7220 feet). A small hill town, it is famous for its apple orchards and the Jubbal Palace","Oct 2019","","","","2024-03-02T18:02:19Z"
"Jubbal Palace","Shimla,Himachal Pradesh","g304552","d3268102","4.0","https://www.tripadvisor.com/ShowUserReviews-g304552-d3268102-r670066364-Jubbal_Palace-Shimla_Shimla_District_Himachal_Pradesh.html","https://dynamic-media-cdn.tripadvisor.com/media/photo-o/1a/f6/f4/5d/default-avatar-2020-32.jpg?w=100&h=-1&s=1","4.0 of 5 bubbles","Evening time pass",434,"The place is a palace and it is a evening time pass.It can be a part of a tour to the interest during the tour.","Feb 2019","","","","2024-03-02T18:02:19Z"
"Jubbal Palace","Shimla,Himachal Pradesh","g304552","d3268102","4.0","https://www.tripadvisor.com/ShowUserReviews-g304552-d3268102-r636325512-Jubbal_Palace-Shimla_Shimla_District_Himachal_Pradesh.html","https://dynamic-media-cdn.tripadvisor.com/media/photo-o/1a/f6/f0/48/default-avatar-2020-15.jpg?w=100&h=-1&s=1","3.0 of 5 bubbles","jubbal palace",253,"the jubbal palace was the residence of the former jubbal rulers.it is famous for its architecture.the modern wing is the combination of indo-european style.","Nov 2018","","","","2024-03-02T18:02:19Z"
"Jubbal Palace","Shimla,Himachal Pradesh","g304552","d3268102","4.0","https://www.tripadvisor.com/ShowUserReviews-g304552-d3268102-r620216776-Jubbal_Palace-Shimla_Shimla_District_Himachal_Pradesh.html","https://dynamic-media-cdn.tripadvisor.com/media/photo-o/1a/f6/e5/66/default-avatar-2020-53.jpg?w=100&h=-1&s=1","5.0 of 5 bubbles","Feeling of royality for one night",376,"We were very lucky that we booked a room for one night. This one night game me a feeling of royalality. Amazing Palace and entering is vibrant.","Aug 2018","","","","2024-03-02T18:02:19Z"
"Jubbal Palace","Shimla,Himachal Pradesh","g304552","d3268102","4.0","https://www.tripadvisor.com/ShowUserReviews-g304552-d3268102-r619767706-Jubbal_Palace-Shimla_Shimla_District_Himachal_Pradesh.html","https://dynamic-media-cdn.tripadvisor.com/media/photo-o/14/47/f3/85/anchor-i.jpg?w=100&h=-1&s=1","4.0 of 5 bubbles","Hotel with an astounding location",602,"We stayed in their delux rooms, which were old but tidy and cozy. However i was not so pleased with the washrooms. Their kitchen is amazing and food is very nice. Thier in house bar and food is a bit expens expensive","Nov 2017","","","","2024-03-02T18:02:19Z"
"Jubbal Palace","Shimla,Himachal Pradesh","g304552","d3268102","4.0","https://www.tripadvisor.com/ShowUserReviews-g304552-d3268102-r505668333-Jubbal_Palace-Shimla_Shimla_District_Himachal_Pradesh.html","https://dynamic-media-cdn.tripadvisor.com/media/photo-o/1a/f6/ea/b2/default-avatar-2020-69.jpg?w=100&h=-1&s=1","5.0 of 5 bubbles","excellent",1,"This is an excellent place to visit.  such a royal experience.  it is very well maintained and you will love visiting this palace.","Jul 2017","","","","2024-03-02T18:02:19Z"
"Jubbal Palace","Shimla,Himachal Pradesh","g304552","d3268102","4.0","https://www.tripadvisor.com/ShowUserReviews-g304552-d3268102-r479969064-Jubbal_Palace-Shimla_Shimla_District_Himachal_Pradesh.html","https://dynamic-media-cdn.tripadvisor.com/media/photo-o/1a/f6/f3/23/default-avatar-2020-28.jpg?w=100&h=-1&s=1","4.0 of 5 bubbles","Excellent architecture",419,"Jubbal Palace is beautiful Palace.this jubbal Palace is very famous in Shimla. This palace is so attractive for tourist.","Jul 2016","","","","2024-03-02T18:02:19Z"
"Jubbal Palace","Shimla,Himachal Pradesh","g304552","d3268102","4.0","https://www.tripadvisor.com/ShowUserReviews-g304552-d3268102-r475424420-Jubbal_Palace-Shimla_Shimla_District_Himachal_Pradesh.html","https://dynamic-media-cdn.tripadvisor.com/media/photo-o/06/33/86/83/avatar.jpg?w=100&h=-1&s=1","4.0 of 5 bubbles","Jubbal Palace- Impressive Structure.",131,"The main entrance to the palace is through a massive wooden door, about 18 ft. high and 7 ft. wide. It is covered with copper and studded with coins. Old furniture and other artifacts and a rich library with a choice collection of Sanskrit and Persian books are some of its other attractions besides the beauty of the palace.The Palace is remarkable for the enormous masses of deodar timber used in its construction.","Feb 2017","","","","2024-03-02T18:02:19Z"
"Jubbal Palace","Shimla,Himachal Pradesh","g304552","d3268102","4.0","https://www.tripadvisor.com/ShowUserReviews-g304552-d3268102-r470198007-Jubbal_Palace-Shimla_Shimla_District_Himachal_Pradesh.html","https://dynamic-media-cdn.tripadvisor.com/media/photo-f/01/2e/70/81/avatar002.jpg?w=100&h=-1&s=1","5.0 of 5 bubbles","Nice Attraction",1,"Jubbal Palace, Jubbal Road, Shimla was a really a good attraction with a well maintained architecture having a history and good for art lovers.Thanks and visit.","Dec 2016","","","","2024-03-02T18:02:19Z"
