"names","address","geo_id","hotel_id","rating","url","profile_image","review_score","review_heading","profile_contr","review_body","date_of_stay","company_responder","company_response","company_response_date","timestamp"
"Dorje Drak Monastery","Shimla,Himachal Pradesh","g304552","d3912844","4.5","https://www.tripadvisor.com/ShowUserReviews-g304552-d3912844-r331587116-Dorje_Drak_Monastery-Shimla_Shimla_District_Himachal_Pradesh.html","https://dynamic-media-cdn.tripadvisor.com/media/photo-f/01/2e/70/60/avatar038.jpg?w=100&h=-1&s=1","5.0 of 5 bubbles","Peaceful ",2,"It is a very beautiful monastery situated in Shimla. Like any other monasteries, this place is also very calm and peaceful. Monks doing meditation can be seen everywhere here. Easily accessible. Overall a very good place to visit in Shimla.","Mar 2015","","","","2024-03-02T18:04:57Z"
"Dorje Drak Monastery","Shimla,Himachal Pradesh","g304552","d3912844","4.5","https://www.tripadvisor.com/ShowUserReviews-g304552-d3912844-r481485108-Dorje_Drak_Monastery-Shimla_Shimla_District_Himachal_Pradesh.html","https://dynamic-media-cdn.tripadvisor.com/media/photo-o/1a/f6/f4/d0/default-avatar-2020-33.jpg?w=100&h=-1&s=1","4.0 of 5 bubbles","Peaceful",559,"This place is filled with scenic beauty where one can get a glimpse of the total Shimla city. The monastery is quite and peaceful and apart from that, the view of the city leaves you stunned!!","Jun 2016","","","","2024-03-02T18:04:57Z"
"Dorje Drak Monastery","Shimla,Himachal Pradesh","g304552","d3912844","4.5","https://www.tripadvisor.com/ShowUserReviews-g304552-d3912844-r930282147-Dorje_Drak_Monastery-Shimla_Shimla_District_Himachal_Pradesh.html","https://dynamic-media-cdn.tripadvisor.com/media/photo-o/1a/f6/ed/00/default-avatar-2020-4.jpg?w=100&h=-1&s=1","4.0 of 5 bubbles","Dark",173,"Very excellent monstary...we can explore Buddhism culture here ..came across many monks..best view from monstry","Dec 2023","","","","2024-03-02T18:04:57Z"
"Dorje Drak Monastery","Shimla,Himachal Pradesh","g304552","d3912844","4.5","https://www.tripadvisor.com/ShowUserReviews-g304552-d3912844-r694553843-Dorje_Drak_Monastery-Shimla_Shimla_District_Himachal_Pradesh.html","https://dynamic-media-cdn.tripadvisor.com/media/photo-o/1a/f6/e4/2d/default-avatar-2020-48.jpg?w=100&h=-1&s=1","5.0 of 5 bubbles","beauty of lord",376,"This place is beautiful and peaceful as well. Surrounding is good and there are multiple handicraft shops in campus.","Jul 2019","","","","2024-03-02T18:04:57Z"
"Dorje Drak Monastery","Shimla,Himachal Pradesh","g304552","d3912844","4.5","https://www.tripadvisor.com/ShowUserReviews-g304552-d3912844-r693621301-Dorje_Drak_Monastery-Shimla_Shimla_District_Himachal_Pradesh.html","https://dynamic-media-cdn.tripadvisor.com/media/photo-o/14/e9/2a/74/akhtarali-s.jpg?w=100&h=-1&s=1","4.0 of 5 bubbles","TDAC Nyingmapa Monastery or Dorje Drak Monastery...",1,"Shimla hving number of places to show our beauty and this is the major part people need o know about it .","Jun 2019","","","","2024-03-02T18:04:57Z"
"Dorje Drak Monastery","Shimla,Himachal Pradesh","g304552","d3912844","4.5","https://www.tripadvisor.com/ShowUserReviews-g304552-d3912844-r670061939-Dorje_Drak_Monastery-Shimla_Shimla_District_Himachal_Pradesh.html","https://dynamic-media-cdn.tripadvisor.com/media/photo-o/1a/f6/f4/5d/default-avatar-2020-32.jpg?w=100&h=-1&s=1","4.0 of 5 bubbles","Amazing place!!! ",609,"Very good monastery and good day time pass and good pass time of the day.Very well in look and good day time pass.","Feb 2019","","","","2024-03-02T18:04:57Z"
"Dorje Drak Monastery","Shimla,Himachal Pradesh","g304552","d3912844","4.5","https://www.tripadvisor.com/ShowUserReviews-g304552-d3912844-r574649090-Dorje_Drak_Monastery-Shimla_Shimla_District_Himachal_Pradesh.html","https://dynamic-media-cdn.tripadvisor.com/media/photo-o/2a/4d/65/82/ganesh-k.jpg?w=100&h=-1&s=1","5.0 of 5 bubbles","Ultimate Place",490,"Here is how to reach TDAC Nyingmapa Monastery or Dorje Drak Monastery from Shimla. From old bus stand, Take a bus to Panthaghati. From Panthaghati bus stop, Just walk down. The monastery is Just 100 meters away. Or walking from Shimla city center to this monastery itself is kind of better option which I the like most.In this Monastery, you can see students chanting, meditating, unusual art and completely different kind of worship or rituals.","Apr 2018","","","","2024-03-02T18:04:57Z"
"Dorje Drak Monastery","Shimla,Himachal Pradesh","g304552","d3912844","4.5","https://www.tripadvisor.com/ShowUserReviews-g304552-d3912844-r556868785-Dorje_Drak_Monastery-Shimla_Shimla_District_Himachal_Pradesh.html","https://dynamic-media-cdn.tripadvisor.com/media/photo-o/1a/f6/7c/01/default-avatar-2020-5.jpg?w=100&h=-1&s=1","5.0 of 5 bubbles","Wonderful place to visit",41,"Dorie dark monestary is located in shills.  Amazing and peaceful place to visit.  Scenic was excellent.","Dec 2017","","","","2024-03-02T18:04:57Z"
"Dorje Drak Monastery","Shimla,Himachal Pradesh","g304552","d3912844","4.5","https://www.tripadvisor.com/ShowUserReviews-g304552-d3912844-r548191756-Dorje_Drak_Monastery-Shimla_Shimla_District_Himachal_Pradesh.html","https://dynamic-media-cdn.tripadvisor.com/media/photo-o/1a/f6/f3/7c/default-avatar-2020-29.jpg?w=100&h=-1&s=1","4.0 of 5 bubbles","Nice and Pleasant place",342,"Dorje Drak Monastery is one of the best places in Shimla. It is 8 km away from Shimla Railway Station. Must visit here.","Jun 2017","","","","2024-03-02T18:04:57Z"
"Dorje Drak Monastery","Shimla,Himachal Pradesh","g304552","d3912844","4.5","https://www.tripadvisor.com/ShowUserReviews-g304552-d3912844-r436509166-Dorje_Drak_Monastery-Shimla_Shimla_District_Himachal_Pradesh.html","https://dynamic-media-cdn.tripadvisor.com/media/photo-o/1a/f6/ee/10/default-avatar-2020-8.jpg?w=100&h=-1&s=1","5.0 of 5 bubbles","Beautiful Monastery",358,"The mesmerizing monastery stands gloriously and shines with its holistic features  of Tibetan almighty.It has a pleasant ambiance that is sure to soothe mind and body and feel rejuvenated.Early morning visit will be perfect to visit this monastery.","Oct 2016","","","","2024-03-02T18:04:57Z"
"Dorje Drak Monastery","Shimla,Himachal Pradesh","g304552","d3912844","4.5","https://www.tripadvisor.com/ShowUserReviews-g304552-d3912844-r930282147-Dorje_Drak_Monastery-Shimla_Shimla_District_Himachal_Pradesh.html","https://dynamic-media-cdn.tripadvisor.com/media/photo-o/1a/f6/ed/00/default-avatar-2020-4.jpg?w=100&h=-1&s=1","4.0 of 5 bubbles","Peaceful ",2,"It is a very beautiful monastery situated in Shimla. Like any other monasteries, this place is also very calm and peaceful. Monks doing meditation can be seen everywhere here. Easily accessible. Overall a very good place to visit in Shimla.","Dec 2023","","","","2024-03-02T18:04:59Z"
"Dorje Drak Monastery","Shimla,Himachal Pradesh","g304552","d3912844","4.5","https://www.tripadvisor.com/ShowUserReviews-g304552-d3912844-r694553843-Dorje_Drak_Monastery-Shimla_Shimla_District_Himachal_Pradesh.html","https://dynamic-media-cdn.tripadvisor.com/media/photo-o/1a/f6/e4/2d/default-avatar-2020-48.jpg?w=100&h=-1&s=1","5.0 of 5 bubbles","Peaceful",559,"This place is filled with scenic beauty where one can get a glimpse of the total Shimla city. The monastery is quite and peaceful and apart from that, the view of the city leaves you stunned!!","Jul 2019","","","","2024-03-02T18:04:59Z"
"Dorje Drak Monastery","Shimla,Himachal Pradesh","g304552","d3912844","4.5","https://www.tripadvisor.com/ShowUserReviews-g304552-d3912844-r693621301-Dorje_Drak_Monastery-Shimla_Shimla_District_Himachal_Pradesh.html","https://dynamic-media-cdn.tripadvisor.com/media/photo-o/14/e9/2a/74/akhtarali-s.jpg?w=100&h=-1&s=1","5.0 of 5 bubbles","Dark",173,"Very excellent monstary...we can explore Buddhism culture here ..came across many monks..best view from monstry","Jun 2019","","","","2024-03-02T18:04:59Z"
"Dorje Drak Monastery","Shimla,Himachal Pradesh","g304552","d3912844","4.5","https://www.tripadvisor.com/ShowUserReviews-g304552-d3912844-r670061939-Dorje_Drak_Monastery-Shimla_Shimla_District_Himachal_Pradesh.html","https://dynamic-media-cdn.tripadvisor.com/media/photo-o/1a/f6/f4/5d/default-avatar-2020-32.jpg?w=100&h=-1&s=1","4.0 of 5 bubbles","beauty of lord",376,"This place is beautiful and peaceful as well. Surrounding is good and there are multiple handicraft shops in campus.","Feb 2019","","","","2024-03-02T18:04:59Z"
"Dorje Drak Monastery","Shimla,Himachal Pradesh","g304552","d3912844","4.5","https://www.tripadvisor.com/ShowUserReviews-g304552-d3912844-r574649090-Dorje_Drak_Monastery-Shimla_Shimla_District_Himachal_Pradesh.html","https://dynamic-media-cdn.tripadvisor.com/media/photo-o/2a/4d/65/82/ganesh-k.jpg?w=100&h=-1&s=1","4.0 of 5 bubbles","TDAC Nyingmapa Monastery or Dorje Drak Monastery...",1,"Shimla hving number of places to show our beauty and this is the major part people need o know about it .","Apr 2018","","","","2024-03-02T18:04:59Z"
"Dorje Drak Monastery","Shimla,Himachal Pradesh","g304552","d3912844","4.5","https://www.tripadvisor.com/ShowUserReviews-g304552-d3912844-r556868785-Dorje_Drak_Monastery-Shimla_Shimla_District_Himachal_Pradesh.html","https://dynamic-media-cdn.tripadvisor.com/media/photo-o/1a/f6/7c/01/default-avatar-2020-5.jpg?w=100&h=-1&s=1","5.0 of 5 bubbles","Amazing place!!! ",609,"Very good monastery and good day time pass and good pass time of the day.Very well in look and good day time pass.","Dec 2017","","","","2024-03-02T18:04:59Z"
"Dorje Drak Monastery","Shimla,Himachal Pradesh","g304552","d3912844","4.5","https://www.tripadvisor.com/ShowUserReviews-g304552-d3912844-r548191756-Dorje_Drak_Monastery-Shimla_Shimla_District_Himachal_Pradesh.html","https://dynamic-media-cdn.tripadvisor.com/media/photo-o/1a/f6/f3/7c/default-avatar-2020-29.jpg?w=100&h=-1&s=1","4.0 of 5 bubbles","Ultimate Place",490,"Here is how to reach TDAC Nyingmapa Monastery or Dorje Drak Monastery from Shimla. From old bus stand, Take a bus to Panthaghati. From Panthaghati bus stop, Just walk down. The monastery is Just 100 meters away. Or walking from Shimla city center to this monastery itself is kind of better option which I the like most.In this Monastery, you can see students chanting, meditating, unusual art and completely different kind of worship or rituals.","Jun 2017","","","","2024-03-02T18:04:59Z"
"Dorje Drak Monastery","Shimla,Himachal Pradesh","g304552","d3912844","4.5","https://www.tripadvisor.com/ShowUserReviews-g304552-d3912844-r481485108-Dorje_Drak_Monastery-Shimla_Shimla_District_Himachal_Pradesh.html","https://dynamic-media-cdn.tripadvisor.com/media/photo-o/1a/f6/f4/d0/default-avatar-2020-33.jpg?w=100&h=-1&s=1","4.0 of 5 bubbles","Wonderful place to visit",41,"Dorie dark monestary is located in shills.  Amazing and peaceful place to visit.  Scenic was excellent.","Jun 2016","","","","2024-03-02T18:04:59Z"
"Dorje Drak Monastery","Shimla,Himachal Pradesh","g304552","d3912844","4.5","https://www.tripadvisor.com/ShowUserReviews-g304552-d3912844-r436509166-Dorje_Drak_Monastery-Shimla_Shimla_District_Himachal_Pradesh.html","https://dynamic-media-cdn.tripadvisor.com/media/photo-o/1a/f6/ee/10/default-avatar-2020-8.jpg?w=100&h=-1&s=1","5.0 of 5 bubbles","Nice and Pleasant place",342,"Dorje Drak Monastery is one of the best places in Shimla. It is 8 km away from Shimla Railway Station. Must visit here.","Oct 2016","","","","2024-03-02T18:04:59Z"
"Dorje Drak Monastery","Shimla,Himachal Pradesh","g304552","d3912844","4.5","https://www.tripadvisor.com/ShowUserReviews-g304552-d3912844-r422688072-Dorje_Drak_Monastery-Shimla_Shimla_District_Himachal_Pradesh.html","https://dynamic-media-cdn.tripadvisor.com/media/photo-o/1a/f6/ee/68/default-avatar-2020-9.jpg?w=100&h=-1&s=1","4.0 of 5 bubbles","Beautiful Monastery",358,"The mesmerizing monastery stands gloriously and shines with its holistic features  of Tibetan almighty.It has a pleasant ambiance that is sure to soothe mind and body and feel rejuvenated.Early morning visit will be perfect to visit this monastery.","Dec 2015","","","","2024-03-02T18:04:59Z"
