"names","address","geo_id","hotel_id","rating","url","profile_image","review_score","review_heading","profile_contr","review_body","date_of_stay","company_responder","company_response","company_response_date","timestamp"
"Tani-Jubber Lake","Shimla,Himachal Pradesh","g304552","d3733039","4.0","https://www.tripadvisor.com/ShowUserReviews-g304552-d3733039-r892232840-Tani_Jubber_Lake-Shimla_Shimla_District_Himachal_Pradesh.html","https://dynamic-media-cdn.tripadvisor.com/media/photo-o/1a/f6/ef/9c/default-avatar-2020-14.jpg?w=100&h=-1&s=1","5.0 of 5 bubbles","A serene environment",84,"The lake is very small but the surroundings make up in a huge manner for the size. The reflections of the tall deodar and pine trees on the lake give postcard like photos. One can stroll in the adjacent Eco Park and get lost amongst the huge trees for some time. The surroundings are extremely calm & peaceful.","May 2023","","","","2024-03-02T18:03:47Z"
"Tani-Jubber Lake","Shimla,Himachal Pradesh","g304552","d3733039","4.0","https://www.tripadvisor.com/ShowUserReviews-g304552-d3733039-r842331162-Tani_Jubber_Lake-Shimla_Shimla_District_Himachal_Pradesh.html","https://dynamic-media-cdn.tripadvisor.com/media/photo-o/1a/f6/e2/81/default-avatar-2020-43.jpg?w=100&h=-1&s=1","3.0 of 5 bubbles","Only if you have extra time",2,"The water is not very clean still it shows reflection of the surrounding. A short walk inside the surrounding forest could be added. Nag devata temple is a small one. You can get some fruits (khumani, plums and almonds) but there are no shops in the vicinity. So carry water and food if you are planning to spend more time there.","Jun 2022","","","","2024-03-02T18:03:47Z"
"Tani-Jubber Lake","Shimla,Himachal Pradesh","g304552","d3733039","4.0","https://www.tripadvisor.com/ShowUserReviews-g304552-d3733039-r841986826-Tani_Jubber_Lake-Shimla_Shimla_District_Himachal_Pradesh.html","https://dynamic-media-cdn.tripadvisor.com/media/photo-o/04/83/79/9e/asifkhan-delhi.jpg?w=100&h=-1&s=1","4.0 of 5 bubbles","Excellent drive from Narkanda to Lake",269,"The lake is usually dirty but the view was excellent due to winter and half of the lake was frozen. The drive from Narkanda to Lake was excellent (10 km), one need to be very careful while driving during snow season as road is slippery.","Jun 2022","","","","2024-03-02T18:03:47Z"
"Tani-Jubber Lake","Shimla,Himachal Pradesh","g304552","d3733039","4.0","https://www.tripadvisor.com/ShowUserReviews-g304552-d3733039-r782743699-Tani_Jubber_Lake-Shimla_Shimla_District_Himachal_Pradesh.html","https://dynamic-media-cdn.tripadvisor.com/media/photo-o/1a/f6/f2/59/default-avatar-2020-24.jpg?w=100&h=-1&s=1","2.0 of 5 bubbles","A man made pond",87,"I had an impression of a beautiful lake when I heard about it. I must say, I was disappointed. It's actually a man made pond and they have named it a lake. The only good thing is its surrounded by deodar trees which makes the view beautiful for photography. No tea shops. There is a hotel, but they serve only to residents. You can go there but don't have too many expectations.","Feb 2021","","","","2024-03-02T18:03:47Z"
"Tani-Jubber Lake","Shimla,Himachal Pradesh","g304552","d3733039","4.0","https://www.tripadvisor.com/ShowUserReviews-g304552-d3733039-r742970468-Tani_Jubber_Lake-Shimla_Shimla_District_Himachal_Pradesh.html","https://dynamic-media-cdn.tripadvisor.com/media/photo-o/02/75/4c/03/uday-c.jpg?w=100&h=-1&s=1","3.0 of 5 bubbles","Lake or a Pond - choice is yours !!!!!!!",518,"The Tani Jubber lake is situated between Narkanda and Thanedhar . As we were staying at Banjara Orchard Retreat , Kotgarh , Thanedhar we were advised by Mr. Prakash Thakur of BOR to visit this lake.One may call this lake a pond due to its quiet small size. The surroundings are quite serene as it located between apple orchards and pine trees .One can view snow-clad peaks of  Himalayan Range from here. A quiet , secluded picturesque place one can visit while staying at Thanedhar or Narkanda to pass your time. One can visit this place as a scenic photo shoot.","Dec 2019","","","","2024-03-02T18:03:47Z"
"Tani-Jubber Lake","Shimla,Himachal Pradesh","g304552","d3733039","4.0","https://www.tripadvisor.com/ShowUserReviews-g304552-d3733039-r716339969-Tani_Jubber_Lake-Shimla_Shimla_District_Himachal_Pradesh.html","https://dynamic-media-cdn.tripadvisor.com/media/photo-o/1a/f6/e9/bb/default-avatar-2020-65.jpg?w=100&h=-1&s=1","5.0 of 5 bubbles","Serene and quiet place",16,"This is a very beautiful place located 9kms ahead of Narkanda. We visited this place in the evening of 5th May 2019. It is a serene place away from all the noise. There are a lot of trees and greenery surrounding the lake. We were mesmerized by the beauty of this place and couldn't stop taking pictures. If you are visiting Kufri/Narkanda, then surely visit this place. There are a few options for camps/ hotels very close to the lake. If you want to have a peaceful evening you can chose to stay in those, else come back before it gets dark, because there is not a lot of population around.","Sep 2019","","","","2024-03-02T18:03:47Z"
"Tani-Jubber Lake","Shimla,Himachal Pradesh","g304552","d3733039","4.0","https://www.tripadvisor.com/ShowUserReviews-g304552-d3733039-r688007439-Tani_Jubber_Lake-Shimla_Shimla_District_Himachal_Pradesh.html","https://dynamic-media-cdn.tripadvisor.com/media/photo-o/1a/f6/e2/4a/default-avatar-2020-42.jpg?w=100&h=-1&s=1","3.0 of 5 bubbles","Attractive",107,"Quaint, and peaceful surroundings. Lake itself is quite small, lying between lush green slopes on one side and red ripe apple orchards on the other with snow-covered mountains in the backdrop","Jul 2019","","","","2024-03-02T18:03:47Z"
"Tani-Jubber Lake","Shimla,Himachal Pradesh","g304552","d3733039","4.0","https://www.tripadvisor.com/ShowUserReviews-g304552-d3733039-r674380380-Tani_Jubber_Lake-Shimla_Shimla_District_Himachal_Pradesh.html","https://dynamic-media-cdn.tripadvisor.com/media/photo-o/04/29/d9/7c/tarakishore.jpg?w=100&h=-1&s=1","5.0 of 5 bubbles","Attractive Lake in Shimla.",131,"The Tani Jubber Lake is a beautiful lake is lying between lush green slopes on one side and red ripe apple orchards on the other with snow-covered mountains in the backdrop. This lake is very attractive for traveller. The Tani Jubber Lake is home to many beautiful birds and is a good place to pay a visit for any nature lover.","Jun 2018","","","","2024-03-02T18:03:47Z"
"Tani-Jubber Lake","Shimla,Himachal Pradesh","g304552","d3733039","4.0","https://www.tripadvisor.com/ShowUserReviews-g304552-d3733039-r673174850-Tani_Jubber_Lake-Shimla_Shimla_District_Himachal_Pradesh.html","https://dynamic-media-cdn.tripadvisor.com/media/photo-o/03/af/94/65/world-80explorer.jpg?w=100&h=-1&s=1","4.0 of 5 bubbles","Peaceful surroundings",110,"Quaint, and peaceful surroundings. Lake itself is quite small. The area around the lake is clean and well maintained. A short 2 to 3 minute walk up from the lake brings you to a great viewing point, from where one can see the snow capped peaks. We liked it more because we went during off season and there weren't many people around.","May 2019","","","","2024-03-02T18:03:47Z"
"Tani-Jubber Lake","Shimla,Himachal Pradesh","g304552","d3733039","4.0","https://www.tripadvisor.com/ShowUserReviews-g304552-d3733039-r670063159-Tani_Jubber_Lake-Shimla_Shimla_District_Himachal_Pradesh.html","https://dynamic-media-cdn.tripadvisor.com/media/photo-o/17/6a/94/1e/sy1-sunny.jpg?w=100&h=-1&s=1","5.0 of 5 bubbles","The lake of ""NAG""",186,"Being born and brought up in apple valley kotgarh this is the lake of ""NAG"" devta that is local deity an incarnation of the serpent god.This holds a lot of significance to the local people as well as the tourist visting narkanda or thanedar for that insatnce.highly recommended for regular travellers visting shimla sholud try tani jubbar lake Recommended for families and people going through narkanda to kinnaur and spiti a nice detour.Travel happy Respect himalayas.","Feb 2019","","","","2024-03-02T18:03:47Z"
"Tani-Jubber Lake","Shimla,Himachal Pradesh","g304552","d3733039","4.0","https://www.tripadvisor.com/ShowUserReviews-g304552-d3733039-r892232840-Tani_Jubber_Lake-Shimla_Shimla_District_Himachal_Pradesh.html","https://dynamic-media-cdn.tripadvisor.com/media/photo-o/1a/f6/ef/9c/default-avatar-2020-14.jpg?w=100&h=-1&s=1","5.0 of 5 bubbles","A serene environment",84,"The lake is very small but the surroundings make up in a huge manner for the size. The reflections of the tall deodar and pine trees on the lake give postcard like photos. One can stroll in the adjacent Eco Park and get lost amongst the huge trees for some time. The surroundings are extremely calm & peaceful.","May 2023","","","","2024-03-02T18:03:49Z"
"Tani-Jubber Lake","Shimla,Himachal Pradesh","g304552","d3733039","4.0","https://www.tripadvisor.com/ShowUserReviews-g304552-d3733039-r841986826-Tani_Jubber_Lake-Shimla_Shimla_District_Himachal_Pradesh.html","https://dynamic-media-cdn.tripadvisor.com/media/photo-o/1c/22/fd/1c/caption.jpg?w=100&h=-1&s=1","3.0 of 5 bubbles","Only if you have extra time",2,"The water is not very clean still it shows reflection of the surrounding. A short walk inside the surrounding forest could be added. Nag devata temple is a small one. You can get some fruits (khumani, plums and almonds) but there are no shops in the vicinity. So carry water and food if you are planning to spend more time there.","Jun 2022","","","","2024-03-02T18:03:49Z"
"Tani-Jubber Lake","Shimla,Himachal Pradesh","g304552","d3733039","4.0","https://www.tripadvisor.com/ShowUserReviews-g304552-d3733039-r191053774-Tani_Jubber_Lake-Shimla_Shimla_District_Himachal_Pradesh.html","https://dynamic-media-cdn.tripadvisor.com/media/photo-o/1a/f6/e2/81/default-avatar-2020-43.jpg?w=100&h=-1&s=1","4.0 of 5 bubbles","Excellent drive from Narkanda to Lake",269,"The lake is usually dirty but the view was excellent due to winter and half of the lake was frozen. The drive from Narkanda to Lake was excellent (10 km), one need to be very careful while driving during snow season as road is slippery.","Jun 2022","","","","2024-03-02T18:03:49Z"
"Tani-Jubber Lake","Shimla,Himachal Pradesh","g304552","d3733039","4.0","https://www.tripadvisor.com/ShowUserReviews-g304552-d3733039-r223206325-Tani_Jubber_Lake-Shimla_Shimla_District_Himachal_Pradesh.html","https://dynamic-media-cdn.tripadvisor.com/media/photo-o/1a/f6/f1/79/default-avatar-2020-21.jpg?w=100&h=-1&s=1","2.0 of 5 bubbles","A man made pond",87,"I had an impression of a beautiful lake when I heard about it. I must say, I was disappointed. It's actually a man made pond and they have named it a lake. The only good thing is its surrounded by deodar trees which makes the view beautiful for photography. No tea shops. There is a hotel, but they serve only to residents. You can go there but don't have too many expectations.","Feb 2021","","","","2024-03-02T18:03:49Z"
"Tani-Jubber Lake","Shimla,Himachal Pradesh","g304552","d3733039","4.0","https://www.tripadvisor.com/ShowUserReviews-g304552-d3733039-r184040307-Tani_Jubber_Lake-Shimla_Shimla_District_Himachal_Pradesh.html","https://dynamic-media-cdn.tripadvisor.com/media/photo-o/08/23/c9/35/gaurav-j.jpg?w=100&h=-1&s=1","3.0 of 5 bubbles","Lake or a Pond - choice is yours !!!!!!!",518,"The Tani Jubber lake is situated between Narkanda and Thanedhar . As we were staying at Banjara Orchard Retreat , Kotgarh , Thanedhar we were advised by Mr. Prakash Thakur of BOR to visit this lake.One may call this lake a pond due to its quiet small size. The surroundings are quite serene as it located between apple orchards and pine trees .One can view snow-clad peaks of  Himalayan Range from here. A quiet , secluded picturesque place one can visit while staying at Thanedhar or Narkanda to pass your time. One can visit this place as a scenic photo shoot.","Dec 2019","","","","2024-03-02T18:03:49Z"
"Tani-Jubber Lake","Shimla,Himachal Pradesh","g304552","d3733039","4.0","https://www.tripadvisor.com/ShowUserReviews-g304552-d3733039-r673174850-Tani_Jubber_Lake-Shimla_Shimla_District_Himachal_Pradesh.html","https://dynamic-media-cdn.tripadvisor.com/media/photo-s/03/1c/70/46/kakaanirban.jpg?w=100&h=-1&s=1","5.0 of 5 bubbles","Serene and quiet place",16,"This is a very beautiful place located 9kms ahead of Narkanda. We visited this place in the evening of 5th May 2019. It is a serene place away from all the noise. There are a lot of trees and greenery surrounding the lake. We were mesmerized by the beauty of this place and couldn't stop taking pictures. If you are visiting Kufri/Narkanda, then surely visit this place. There are a few options for camps/ hotels very close to the lake. If you want to have a peaceful evening you can chose to stay in those, else come back before it gets dark, because there is not a lot of population around.","Sep 2019","","","","2024-03-02T18:03:49Z"
"Tani-Jubber Lake","Shimla,Himachal Pradesh","g304552","d3733039","4.0","https://www.tripadvisor.com/ShowUserReviews-g304552-d3733039-r259397110-Tani_Jubber_Lake-Shimla_Shimla_District_Himachal_Pradesh.html","https://dynamic-media-cdn.tripadvisor.com/media/photo-o/15/8a/37/1b/navigatiodiaries.jpg?w=100&h=-1&s=1","3.0 of 5 bubbles","Attractive",107,"Quaint, and peaceful surroundings. Lake itself is quite small, lying between lush green slopes on one side and red ripe apple orchards on the other with snow-covered mountains in the backdrop","Jul 2019","","","","2024-03-02T18:03:49Z"
"Tani-Jubber Lake","Shimla,Himachal Pradesh","g304552","d3733039","4.0","https://www.tripadvisor.com/ShowUserReviews-g304552-d3733039-r170680764-Tani_Jubber_Lake-Shimla_Shimla_District_Himachal_Pradesh.html","https://dynamic-media-cdn.tripadvisor.com/media/photo-o/17/6a/94/1e/sy1-sunny.jpg?w=100&h=-1&s=1","5.0 of 5 bubbles","Attractive Lake in Shimla.",131,"The Tani Jubber Lake is a beautiful lake is lying between lush green slopes on one side and red ripe apple orchards on the other with snow-covered mountains in the backdrop. This lake is very attractive for traveller. The Tani Jubber Lake is home to many beautiful birds and is a good place to pay a visit for any nature lover.","Jun 2018","","","","2024-03-02T18:03:49Z"
"Tani-Jubber Lake","Shimla,Himachal Pradesh","g304552","d3733039","4.0","https://www.tripadvisor.com/ShowUserReviews-g304552-d3733039-r156767248-Tani_Jubber_Lake-Shimla_Shimla_District_Himachal_Pradesh.html","https://dynamic-media-cdn.tripadvisor.com/media/photo-o/1a/f6/e9/bb/default-avatar-2020-65.jpg?w=100&h=-1&s=1","4.0 of 5 bubbles","Peaceful surroundings",110,"Quaint, and peaceful surroundings. Lake itself is quite small. The area around the lake is clean and well maintained. A short 2 to 3 minute walk up from the lake brings you to a great viewing point, from where one can see the snow capped peaks. We liked it more because we went during off season and there weren't many people around.","May 2019","","","","2024-03-02T18:03:49Z"
"Tani-Jubber Lake","Shimla,Himachal Pradesh","g304552","d3733039","4.0","https://www.tripadvisor.com/ShowUserReviews-g304552-d3733039-r674380380-Tani_Jubber_Lake-Shimla_Shimla_District_Himachal_Pradesh.html","https://dynamic-media-cdn.tripadvisor.com/media/photo-o/1a/f6/f4/5d/default-avatar-2020-32.jpg?w=100&h=-1&s=1","5.0 of 5 bubbles","The lake of ""NAG""",186,"Being born and brought up in apple valley kotgarh this is the lake of ""NAG"" devta that is local deity an incarnation of the serpent god.This holds a lot of significance to the local people as well as the tourist visting narkanda or thanedar for that insatnce.highly recommended for regular travellers visting shimla sholud try tani jubbar lake Recommended for families and people going through narkanda to kinnaur and spiti a nice detour.Travel happy Respect himalayas.","Feb 2019","","","","2024-03-02T18:03:49Z"
"Tani-Jubber Lake","Shimla,Himachal Pradesh","g304552","d3733039","4.0","https://www.tripadvisor.com/ShowUserReviews-g304552-d3733039-r892232840-Tani_Jubber_Lake-Shimla_Shimla_District_Himachal_Pradesh.html","https://dynamic-media-cdn.tripadvisor.com/media/photo-o/1a/f6/ef/9c/default-avatar-2020-14.jpg?w=100&h=-1&s=1","5.0 of 5 bubbles","A serene environment",84,"The lake is very small but the surroundings make up in a huge manner for the size. The reflections of the tall deodar and pine trees on the lake give postcard like photos. One can stroll in the adjacent Eco Park and get lost amongst the huge trees for some time. The surroundings are extremely calm & peaceful.","May 2023","","","","2024-03-02T18:03:51Z"
"Tani-Jubber Lake","Shimla,Himachal Pradesh","g304552","d3733039","4.0","https://www.tripadvisor.com/ShowUserReviews-g304552-d3733039-r841986826-Tani_Jubber_Lake-Shimla_Shimla_District_Himachal_Pradesh.html","https://dynamic-media-cdn.tripadvisor.com/media/photo-o/1c/22/fd/1c/caption.jpg?w=100&h=-1&s=1","3.0 of 5 bubbles","Only if you have extra time",49,"The water is not very clean still it shows reflection of the surrounding. A short walk inside the surrounding forest could be added. Nag devata temple is a small one. You can get some fruits (khumani, plums and almonds) but there are no shops in the vicinity. So carry water and food if you are planning to spend more time there.","Jun 2022","","","","2024-03-02T18:03:51Z"
"Tani-Jubber Lake","Shimla,Himachal Pradesh","g304552","d3733039","4.0","https://www.tripadvisor.com/ShowUserReviews-g304552-d3733039-r191053774-Tani_Jubber_Lake-Shimla_Shimla_District_Himachal_Pradesh.html","https://dynamic-media-cdn.tripadvisor.com/media/photo-o/1a/f6/e2/81/default-avatar-2020-43.jpg?w=100&h=-1&s=1","4.0 of 5 bubbles","Excellent drive from Narkanda to Lake",2,"The lake is usually dirty but the view was excellent due to winter and half of the lake was frozen. The drive from Narkanda to Lake was excellent (10 km), one need to be very careful while driving during snow season as road is slippery.","Dec 2013","","","","2024-03-02T18:03:51Z"
"Tani-Jubber Lake","Shimla,Himachal Pradesh","g304552","d3733039","4.0","https://www.tripadvisor.com/ShowUserReviews-g304552-d3733039-r223206325-Tani_Jubber_Lake-Shimla_Shimla_District_Himachal_Pradesh.html","https://dynamic-media-cdn.tripadvisor.com/media/photo-o/1a/f6/f1/79/default-avatar-2020-21.jpg?w=100&h=-1&s=1","2.0 of 5 bubbles","A man made pond",2,"I had an impression of a beautiful lake when I heard about it. I must say, I was disappointed. It's actually a man made pond and they have named it a lake. The only good thing is its surrounded by deodar trees which makes the view beautiful for photography. No tea shops. There is a hotel, but they serve only to residents. You can go there but don't have too many expectations.","Oct 2013","","","","2024-03-02T18:03:51Z"
"Tani-Jubber Lake","Shimla,Himachal Pradesh","g304552","d3733039","4.0","https://www.tripadvisor.com/ShowUserReviews-g304552-d3733039-r184040307-Tani_Jubber_Lake-Shimla_Shimla_District_Himachal_Pradesh.html","https://dynamic-media-cdn.tripadvisor.com/media/photo-o/08/23/c9/35/gaurav-j.jpg?w=100&h=-1&s=1","3.0 of 5 bubbles","Lake or a Pond - choice is yours !!!!!!!",80,"The Tani Jubber lake is situated between Narkanda and Thanedhar . As we were staying at Banjara Orchard Retreat , Kotgarh , Thanedhar we were advised by Mr. Prakash Thakur of BOR to visit this lake.One may call this lake a pond due to its quiet small size. The surroundings are quite serene as it located between apple orchards and pine trees .One can view snow-clad peaks of  Himalayan Range from here. A quiet , secluded picturesque place one can visit while staying at Thanedhar or Narkanda to pass your time. One can visit this place as a scenic photo shoot.","May 2019","","","","2024-03-02T18:03:51Z"
"Tani-Jubber Lake","Shimla,Himachal Pradesh","g304552","d3733039","4.0","https://www.tripadvisor.com/ShowUserReviews-g304552-d3733039-r673174850-Tani_Jubber_Lake-Shimla_Shimla_District_Himachal_Pradesh.html","https://dynamic-media-cdn.tripadvisor.com/media/photo-s/03/1c/70/46/kakaanirban.jpg?w=100&h=-1&s=1","5.0 of 5 bubbles","Serene and quiet place",285,"This is a very beautiful place located 9kms ahead of Narkanda. We visited this place in the evening of 5th May 2019. It is a serene place away from all the noise. There are a lot of trees and greenery surrounding the lake. We were mesmerized by the beauty of this place and couldn't stop taking pictures. If you are visiting Kufri/Narkanda, then surely visit this place. There are a few options for camps/ hotels very close to the lake. If you want to have a peaceful evening you can chose to stay in those, else come back before it gets dark, because there is not a lot of population around.","Dec 2014","","","","2024-03-02T18:03:51Z"
"Tani-Jubber Lake","Shimla,Himachal Pradesh","g304552","d3733039","4.0","https://www.tripadvisor.com/ShowUserReviews-g304552-d3733039-r259397110-Tani_Jubber_Lake-Shimla_Shimla_District_Himachal_Pradesh.html","https://dynamic-media-cdn.tripadvisor.com/media/photo-o/15/8a/37/1b/navigatiodiaries.jpg?w=100&h=-1&s=1","3.0 of 5 bubbles","Attractive",91,"Quaint, and peaceful surroundings. Lake itself is quite small, lying between lush green slopes on one side and red ripe apple orchards on the other with snow-covered mountains in the backdrop","Jan 2013","","","","2024-03-02T18:03:51Z"
"Tani-Jubber Lake","Shimla,Himachal Pradesh","g304552","d3733039","4.0","https://www.tripadvisor.com/ShowUserReviews-g304552-d3733039-r170680764-Tani_Jubber_Lake-Shimla_Shimla_District_Himachal_Pradesh.html","https://dynamic-media-cdn.tripadvisor.com/media/photo-o/17/6a/94/1e/sy1-sunny.jpg?w=100&h=-1&s=1","5.0 of 5 bubbles","Attractive Lake in Shimla.",186,"The Tani Jubber Lake is a beautiful lake is lying between lush green slopes on one side and red ripe apple orchards on the other with snow-covered mountains in the backdrop. This lake is very attractive for traveller. The Tani Jubber Lake is home to many beautiful birds and is a good place to pay a visit for any nature lover.","Mar 2013","","","","2024-03-02T18:03:51Z"
"Tani-Jubber Lake","Shimla,Himachal Pradesh","g304552","d3733039","4.0","https://www.tripadvisor.com/ShowUserReviews-g304552-d3733039-r156767248-Tani_Jubber_Lake-Shimla_Shimla_District_Himachal_Pradesh.html","https://dynamic-media-cdn.tripadvisor.com/media/photo-o/1a/f6/e9/bb/default-avatar-2020-65.jpg?w=100&h=-1&s=1","4.0 of 5 bubbles","Peaceful surroundings",16,"Quaint, and peaceful surroundings. Lake itself is quite small. The area around the lake is clean and well maintained. A short 2 to 3 minute walk up from the lake brings you to a great viewing point, from where one can see the snow capped peaks. We liked it more because we went during off season and there weren't many people around.","Jun 2018","","","","2024-03-02T18:03:51Z"
"Tani-Jubber Lake","Shimla,Himachal Pradesh","g304552","d3733039","4.0","https://www.tripadvisor.com/ShowUserReviews-g304552-d3733039-r674380380-Tani_Jubber_Lake-Shimla_Shimla_District_Himachal_Pradesh.html","https://dynamic-media-cdn.tripadvisor.com/media/photo-o/1a/f6/f4/5d/default-avatar-2020-32.jpg?w=100&h=-1&s=1","5.0 of 5 bubbles","The lake of ""NAG""",376,"Being born and brought up in apple valley kotgarh this is the lake of ""NAG"" devta that is local deity an incarnation of the serpent god.This holds a lot of significance to the local people as well as the tourist visting narkanda or thanedar for that insatnce.highly recommended for regular travellers visting shimla sholud try tani jubbar lake Recommended for families and people going through narkanda to kinnaur and spiti a nice detour.Travel happy Respect himalayas.","May 2023","","","","2024-03-02T18:03:51Z"
"Tani-Jubber Lake","Shimla,Himachal Pradesh","g304552","d3733039","4.0","https://www.tripadvisor.com/ShowUserReviews-g304552-d3733039-r892232840-Tani_Jubber_Lake-Shimla_Shimla_District_Himachal_Pradesh.html","https://dynamic-media-cdn.tripadvisor.com/media/photo-o/1a/f6/ef/9c/default-avatar-2020-14.jpg?w=100&h=-1&s=1","5.0 of 5 bubbles","A serene environment",84,"The lake is very small but the surroundings make up in a huge manner for the size. The reflections of the tall deodar and pine trees on the lake give postcard like photos. One can stroll in the adjacent Eco Park and get lost amongst the huge trees for some time. The surroundings are extremely calm & peaceful.","Jun 2022","","","","2024-03-02T18:03:52Z"
"Tani-Jubber Lake","Shimla,Himachal Pradesh","g304552","d3733039","4.0","https://www.tripadvisor.com/ShowUserReviews-g304552-d3733039-r841986826-Tani_Jubber_Lake-Shimla_Shimla_District_Himachal_Pradesh.html","https://dynamic-media-cdn.tripadvisor.com/media/photo-o/1a/f6/e2/81/default-avatar-2020-43.jpg?w=100&h=-1&s=1","2.0 of 5 bubbles","Wastage of travel time",2,"If any local guide or hotel authorities told u about this lake to visit don’t go ahead This is situated at a distance of 60 kms from main Kufri and there is nothing scenic or mesmerising or advantageous to visit this site There is one lake which is very dirty and there is nothing more The wilderness resort is there if u are planning to stay there it comes in the route of the lake Overall this is a place which I will never recommend to visit","Jun 2022","","","","2024-03-02T18:03:52Z"
"Tani-Jubber Lake","Shimla,Himachal Pradesh","g304552","d3733039","4.0","https://www.tripadvisor.com/ShowUserReviews-g304552-d3733039-r191053774-Tani_Jubber_Lake-Shimla_Shimla_District_Himachal_Pradesh.html","https://dynamic-media-cdn.tripadvisor.com/media/photo-o/04/83/79/9e/asifkhan-delhi.jpg?w=100&h=-1&s=1","3.0 of 5 bubbles","Only if you have extra time",269,"The water is not very clean still it shows reflection of the surrounding. A short walk inside the surrounding forest could be added. Nag devata temple is a small one. You can get some fruits (khumani, plums and almonds) but there are no shops in the vicinity. So carry water and food if you are planning to spend more time there.","Feb 2021","","","","2024-03-02T18:03:52Z"
"Tani-Jubber Lake","Shimla,Himachal Pradesh","g304552","d3733039","4.0","https://www.tripadvisor.com/ShowUserReviews-g304552-d3733039-r223206325-Tani_Jubber_Lake-Shimla_Shimla_District_Himachal_Pradesh.html","https://dynamic-media-cdn.tripadvisor.com/media/photo-o/1a/f6/f2/59/default-avatar-2020-24.jpg?w=100&h=-1&s=1","3.0 of 5 bubbles","Can be visited while going to narkanda.",87,"Nice small lake unexpected.Near narkanda,shimla.can be visited.A temple dedicated toNag devta is there.","Dec 2019","","","","2024-03-02T18:03:52Z"
"Tani-Jubber Lake","Shimla,Himachal Pradesh","g304552","d3733039","4.0","https://www.tripadvisor.com/ShowUserReviews-g304552-d3733039-r184040307-Tani_Jubber_Lake-Shimla_Shimla_District_Himachal_Pradesh.html","https://dynamic-media-cdn.tripadvisor.com/media/photo-o/02/75/4c/03/uday-c.jpg?w=100&h=-1&s=1","4.0 of 5 bubbles","Mesmerizing view",518,"Although nothing much to do around, It has a Naag Devta Temple at one point of lake and an Eco- park, which is nothing but a wild trek of around 1-2 Kms. Rest you can enjoy the view and chill for an hour or so.","Sep 2019","","","","2024-03-02T18:03:52Z"
"Tani-Jubber Lake","Shimla,Himachal Pradesh","g304552","d3733039","4.0","https://www.tripadvisor.com/ShowUserReviews-g304552-d3733039-r673174850-Tani_Jubber_Lake-Shimla_Shimla_District_Himachal_Pradesh.html","https://dynamic-media-cdn.tripadvisor.com/media/photo-o/1a/f6/e9/bb/default-avatar-2020-65.jpg?w=100&h=-1&s=1","5.0 of 5 bubbles","Hidden Beauty of Thanedar Region",16,"Tani jubbar lake is situated within the apple country of Shimla district between Narkanda and Thanedar. Tucked away from the main road the lake is a hidden gem. The lake is encircled with high mountains full of Deodar and their reflection on the rippling waters look beautiful. A stoned walkway is build around the lake and there's a serene Nag Devta temple beside the lake.For the entire trip experience of Narkanda Thanedar and Tani jubbar lake  visit ramblersnaps.blogspot or search Google with ramblersnaps + tanijubbar lake","Jul 2019","","","","2024-03-02T18:03:52Z"
"Tani-Jubber Lake","Shimla,Himachal Pradesh","g304552","d3733039","4.0","https://www.tripadvisor.com/ShowUserReviews-g304552-d3733039-r259397110-Tani_Jubber_Lake-Shimla_Shimla_District_Himachal_Pradesh.html","https://dynamic-media-cdn.tripadvisor.com/media/photo-o/1a/f6/e2/4a/default-avatar-2020-42.jpg?w=100&h=-1&s=1","4.0 of 5 bubbles","Lovely hidden lake",107,"small but beautiful lake situated among apple and cherry Orchards. The views along the road are really enjoyable and the lake is the best part. There is also a eco  park here to sit and watch some really great views.","Jun 2018","","","","2024-03-02T18:03:52Z"
"Tani-Jubber Lake","Shimla,Himachal Pradesh","g304552","d3733039","4.0","https://www.tripadvisor.com/ShowUserReviews-g304552-d3733039-r170680764-Tani_Jubber_Lake-Shimla_Shimla_District_Himachal_Pradesh.html","https://dynamic-media-cdn.tripadvisor.com/media/photo-o/04/29/d9/7c/tarakishore.jpg?w=100&h=-1&s=1","5.0 of 5 bubbles","The lake of ""NAG""",131,"Being born and brought up in apple valley kotgarh this is the lake of ""NAG"" devta that is local deity an incarnation of the serpent god.This holds a lot of significance to the local people as well as the tourist visting narkanda or thanedar for that insatnce.highly recommended for regular travellers visting shimla sholud try tani jubbar lake Recommended for families and people going through narkanda to kinnaur and spiti a nice detour.Travel happy Respect himalayas.","May 2019","","","","2024-03-02T18:03:52Z"
"Tani-Jubber Lake","Shimla,Himachal Pradesh","g304552","d3733039","4.0","https://www.tripadvisor.com/ShowUserReviews-g304552-d3733039-r156767248-Tani_Jubber_Lake-Shimla_Shimla_District_Himachal_Pradesh.html","https://dynamic-media-cdn.tripadvisor.com/media/photo-o/03/af/94/65/world-80explorer.jpg?w=100&h=-1&s=1","5.0 of 5 bubbles","Serene and quiet place",110,"This is a very beautiful place located 9kms ahead of Narkanda. We visited this place in the evening of 5th May 2019. It is a serene place away from all the noise. There are a lot of trees and greenery surrounding the lake. We were mesmerized by the beauty of this place and couldn't stop taking pictures. If you are visiting Kufri/Narkanda, then surely visit this place. There are a few options for camps/ hotels very close to the lake. If you want to have a peaceful evening you can chose to stay in those, else come back before it gets dark, because there is not a lot of population around.","Feb 2019","","","","2024-03-02T18:03:52Z"
